corp_code,corp_name,stock_code
00260985,한빛네트,036720
00264529,엔플렉스,040130
00358545,동서정보기술,055000
00231567,애드모바일,032600
00359614,리더컴,056140
00153551,허메스홀딩스,012400
00344746,유티엑스,045880
00261188,글로포스트,037830
00268020,쏠라엔텍,030390
00269287,보홍,041320
00475286,동북아1호선박투자회사,078420
00250775,에듀아크,046350
00114321,데코,013650
00191108,엘앤씨피,015390
00167378,희훈디앤지,019640
00225210,퓨쳐인포넷,058690
00223346,쓰리디넷,035400
00174129,제일저축은행,024100
00114826,제일창업투자,026540
00173333,현대DSF,016510
00687599,네프로아이티,950030
00256292,자강,036790
00271431,케이엠에스,038830
00154727,에버리소스,020070
00246189,제이에스,037110
00154204,태창기업,007490
00152631,에이치비이에너지,017300
00358095,코어비트,056850
00510215,동북아8호선박투자회사,082110
00347619,한국통신데이타,045760
00372013,케너텍,062730
00353735,다휘,055250
00186540,코오롱아이넷,022520
00128759,캠브리지코오롱,004620
00535588,네오세미테크,089240
00264981,디에이치패션,045260
00231521,핸디소프트,032380
00159908,케이엠에이치,009690
00259493,씨엘엘씨디,035710
00359641,현대푸드시스템,114410
00161639,메리츠종합금융,012420
00211271,제넥셀세인,034660
00388272,쓰리디월드,065340
00264796,스톰이앤에프,043680
00134909,소예,035010
00236368,엠엔에프씨,048640
00684547,하이트맥주,103150
00251385,보광티에스,066690
00262682,아인스엠앤엠,040740
00234555,씨엔씨엔터프라이즈,038420
00507257,아이알디,084810
00417963,바이나믹,067850
00543523,코크렙제7호위탁관리부동산투자회사,086720
00300566,엔빅스,054170
00299376,선팩테크,054010
00112068,마이크로닉스,001190
00257194,블루스톤디앤아이,033720
00477372,신지소프트,078700
00465410,맥쿼리센트럴오피스기업구조조정부동산투자회사,076850
00331760,테스텍,048510
00200761,중앙디자인,030030
00268297,에코페트로시스템,042870
00161301,한림창업투자,021060
00237260,헤쎄나,036270
00297970,미래에셋굿라이프혼합형자녀를위한투자회사10-1,037510
00107358,일공공일안경콘택트,032030
00267474,지앤알,043630
00134051,셀런,013240
00596066,한국베트남15-1유전해외자원개발투자회사,093820
00347363,에이치원바이오,052310
00150226,씨앤중공업,008400
00152914,FnC코오롱,001370
00158839,제너비오믹스,017010
00159281,케드콤,011050
00210537,지엔텍홀딩스,065410
00240370,동부씨엔아이,044640
00247887,아이피에스,051820
00268358,에스브이에이치,046240
00316488,제이콤,060750
00264130,옥션,043790
00540304,네이쳐글로벌,088020
00617299,GB블루오션베트남주식혼합형투자회사1호,094950
00262275,엠씨티티코어,052210
00200798,에이스앤파트너스,032930
00335924,지앤디윈텍,061050
00111591,인터피온반도체,014010
00189343,솔로몬저축은행,007800
00252588,엠트론스토리지테크놀로지,046320
00267997,에스티앤아이,031800
00299686,유퍼트,060670
00463050,엑스로드,074140
00238913,선우중공업,068770
00107446,남양,003020
00114303,엘지데이콤,015940
00318617,LG파워콤,045820
00267775,동산진흥,031960
00394574,티이씨,067950
00110176,한국기술산업,008320
00136554,스타맥스,017050
00144562,유성티에스아이,024870
00370547,네오리소스,058550
00242439,케이알,035950
00134060,씨앤상선,000790
00392600,투미비티,058900
00259855,코아정보시스템,039990
00385451,케이에스리소스,066340
00258944,세계투어,047600
00798530,동양밸류오션기업인수목적,122290
00451268,케이이엔지,077960
00336570,사이버패스,063280
00363325,산양전기,079870
00148188,으뜸상호저축은행,032150
00508566,국제개발,080570
00133928,세신,004230
00540784,골든브릿지더블유엠경매부동산일호투자회사,084160
00298252,엘앤피아너스,061140
00264556,에이스일렉트로닉스,038690
00581000,디앤샵,090090
00359094,더체인지,054120
00686970,다산자기관리부동산투자회사,105380
00255309,써니트렌드,035500
00362380,뉴젠비아이티,054650
00244862,룩소네이트,033880
00297165,현대오토넷,042100
00105767,LG마이크론,016990
00173397,서광건설산업,001600
00259606,플러스프로핏,036660
00178471,한와이어리스,037020
00331733,포휴먼,049690
00104892,알이네트웍스,023670
00647917,케이알제2호개발전문위탁관리부동산투자회사,101790
00597764,미래에셋맵스오퍼튜니티베트남주식혼합형투자회사1호,094520
00355821,씨티엘테크,088960
00329677,이디디컴퍼니,052650
00244871,케이티프리텔,032390
00246383,메카포럼,035830
00345499,에스피코프,048130
00348140,이롬텍,045400
00215107,이앤텍,047450
00560991,맥스브로,088810
00265263,토자이홀딩스,037700
00142564,우방,013200
00198572,동양매직,023020
00642648,코웰이홀딩스유한공사,900020
00537443,아구스,078670
00113173,대한은박지,007480
00441872,인스프리트,073130
00480844,하이럭스,079340
00262044,트리니티,053070
00101442,카라반케이디이,032570
00295875,더존디지털웨어,045380
00441298,디보스,080140
00263885,포네이처,045290
00475532,테이크시스템즈,076090
00130204,폴켐,033190
00128731,유리이에스,007050
00325981,에프아이투어,047370
00540021,모빌탑,085680
00362089,올리브나인,052970
00228916,디패션,030420
00114215,알덱스,025970
00109648,오라바이오틱스,016160
00261212,시노펙스그린테크,037320
00348007,야호커뮤니케이션,059720
00275808,브이케이,048760
00375579,팬택앤큐리텔,063350
00197324,팬텀엔터테인먼트그룹,025460
00339063,삼성수산,052560
00538497,동북아15호선박투자회사,084240
00225140,쌈지,033260
00101947,브이오산업,018890
00287724,코디콤,041800
00347840,제네시스엔알디,052640
00504357,동북아6호선박투자회사,080410
00269339,인네트,041450
00634959,한국월드와이드아시아태평양특별자산1호투자회사,098150
00267094,헤파호프코리아,039350
00142698,휴리프,006210
00350057,하이스마텍,057100
00721981,삼성디지털이미징,108070
00248691,씨제이인터넷,037150
00335562,엠넷미디어,056200
00369675,온미디어,045710
00265078,유니텍전자,039040
00267809,위더스기술금융,019430
00314000,클라스타,037550
00355292,아시아미디어홀딩스,052810
00386557,아이스테이션,056010
00548865,동북아21호선박투자회사,088010
00221320,에이스디지텍,036550
00124054,부산저축은행,007830
00301486,에피밸리,068630
00311298,오페스,053470
00348557,액티투오,047710
00265342,에이치에스씨홀딩스,038920
00156734,한국고덴시,027840
00208693,나리지*온,036850
00128953,프로비타,014420
00428792,제로원인터랙티브,069470
00148744,제일화재해상보험,000610
00518873,동북아9호선박투자회사,083120
00300779,굿이엠지,051530
00397766,아이드림,066850
00174305,조인에너지,004820
00320807,태광이엔시,048140
00106492,렉스엘이앤지,004790
00592583,코리아퍼시픽05호선박투자회사,093400
00275260,엑큐리스,048460
00183914,우경,025920
00481676,세미텍,081220
00104971,그린손해보험,000470
00269773,대양글로벌,040180
00334767,엔하이테크,046720
00453752,제너시스템즈,073930
00140919,엘트온,015050
00255840,태산엘시디,036210
00133034,성원건설,012090
00161028,대우송도개발,004550
00174475,현대금속,018410
00251482,트라이써클,034010
00824659,아이비케이에스스마트에스엠이기업인수목적1호,126680
00259536,네스테크,037540
00505198,동북아5호선박투자회사,080980
00679730,파브코,101990
00803504,우리기업인수목적1호,122750
00350118,뉴젠아이씨티,054150
00352295,인젠,041630
00240088,지앤에스티,036920
00560025,코크렙제8호위탁관리부동산투자회사,090540
00140380,유니온스틸,003640
00101275,경남모직,001670
00797674,대우증권그린코리아기업인수목적회사,121910
00244589,지노시스템,033850
00802028,한국투자신성장1호기업인수목적회사,123290
00371519,휴먼텍코리아,066060
00126593,에스에스씨피,071660
00220181,평산,089480
00254009,지디코프,036610
00505541,아시아퍼시픽2호선박투자회사,081190
00240398,무한투자,034510
00828309,동부티에스블랙펄기업인수목적,128910
00349468,블루젬디앤씨,053040
00808262,부국퓨쳐스타즈기업인수목적,123300
00252393,예당컴퍼니,049000
00229818,터보테크,032420
00154189,케이비물산,008540
00680161,연합과기공고유한공사,900030
00102645,글로스텍,012410
00844884,중국고섬공고유한공사,950070
00592592,코리아퍼시픽06호선박투자회사,093410
00268437,나노트로닉스,010670
00798284,미래에셋제1호기업인수목적,121950
00164195,에이원마이크로,037380
00264811,에이프로테크놀로지,045470
00676380,모린스,110310
00543231,디지텍시스템스,091690
00122436,배명금속,011800
00505189,동북아4호선박투자회사,080970
00271413,사라콤,040020
00245296,폴리플러스,065610
00480905,영찬테크,085990
00890333,케이비부국제1호개발전문위탁관리부동산투자회사,149130
00510534,아시아퍼시픽8호선박투자회사,081930
00150855,진흥저축은행,007200
00173634,에듀언스,009010
00830377,성융광전투자유한공사,900150
00224567,샤인시스템,066300
00582054,씨모텍,081090
00125929,에스컴,014900
00502793,아시아퍼시픽1호선박투자회사,080180
00505550,아시아퍼시픽3호선박투자회사,081200
00104704,한국저축은행,025610
00361035,미리넷,056710
00630111,3노드디지탈그룹유한공사,900010
00264802,유일엔시스,038720
00399773,케이피케미칼,064420
00257529,이루넷,041030
00804114,대신증권그로쓰알파기업인수목적,123550
00416706,유에이블,071530
00173324,경윤하이드로에너지,019120
00121729,롯데미도파,004010
00808226,한화에스브이명장제1호기업인수목적,124050
00162577,셀텍,019260
00812229,에스비아이앤솔로몬드림기업인수목적,123910
00351153,위다스,056810
00126885,에스와이코퍼레이션,008080
00264741,어울림네트웍스,042820
00266989,에이디모터스,038120
00260693,평안물산,037240
00267951,아큐텍,013780
00804983,히든챔피언제1호기업인수목적,123160
00502474,동북아2호선박투자회사,080030
00579379,금강제강,105070
00264857,아라온테크,041060
00375302,우리금융지주,053000
00264848,대국,042340
00251190,글로웍스,034600
00694003,중국식품포장유한공사,900060
00505170,동북아3호선박투자회사,080960
00259439,지아이바이오,035450
00207436,알에스넷,046430
00408585,나이스메탈,072530
00115038,하나IB증권,003330
00288653,퓨쳐비젼,042570
00303837,이레전자산업,045310
00330017,레이더스컴퍼니,047420
00264769,포이보스,038810
00308948,미디어코프,053890
00321222,케이디세코,073780
00361202,이노블루,066200
00450728,도움,078610
00535773,엑스씨이,081500
00152950,코오롱유화,011020
00296069,세라온홀딩스,050600
00521956,현대경매부동산일호투자회사,083160
00360540,우수씨엔에스,060550
00593519,동북아31호선박투자회사,093730
00194372,후야인포넷,032050
00154693,이레아이엔씨,036900
00106650,카스코,005330
00368791,모델라인,064720
00220552,청람디지탈,035270
00294371,한텔,041940
00353683,코스모스피엘씨,053170
00252375,나노하이텍,071360
00260903,쓰리소프트,036360
00261461,트라이콤,038410
00265218,케이엔에스홀딩스,036760
00471989,지비에스,076170
00306986,피더블유제네틱스,065910
00356644,엠텍반도체,054440
00305695,세니콘,056060
00257051,유씨아이콜스,065810
00459589,코크렙제3호CR리츠,073530
00366164,아이티센네트웍스,057110
00436728,리얼티코리아제1호기업구조조정부동산투자,072450
00136235,BHK,003990
00328854,포넷,048270
00120960,맥슨텔레콤,009890
00119733,엔토리노,032590
00119423,두림티앤씨,033330
00557067,동북아27호선박투자회사,089170
00557058,동북아28호선박투자회사,089180
00557030,동북아30호선박투자회사,089200
00557049,동북아29호선박투자회사,089190
00244330,현주컴퓨터,038960
00120100,LG석유화학,012990
00246657,오브제,058680
00130037,휴닉스,009790
00405074,세이프아시아,066330
00398534,코크렙제1호기업구조조정부동산투자회사,067910
00165200,위너스인프라인,005760
00150183,AP우주통신,015670
00268482,조이토토,044370
00363033,한도하이테크,060660
00364227,에너윈,055970
00458915,유레스메리츠제1호,073470
00386876,교보메리츠퍼스트기업구조조정부동산투자회사,064900
00543073,굿앤리치부동산공경매투자회사1호,085450
00160445,한국합섬,025830
00554468,굿앤리치부동산공경매투자회사2호,088510
00165565,디에스피이엔티,016040
00300256,시큐어소프트,037060
00138491,동부일렉트로닉스,001830
00102821,고려시멘트,003660
00377814,베스트플로우,060410
00364670,쿨투,056020
00143013,우영,012460
00263991,모빌링크텔레콤,041310
00105183,극동제혁,010200
00173254,한마음상호저축은행,025450
00101637,그로웰전자,009220
00124513,부흥,003930
00154417,퍼시픽글라스,009080
00119362,아이인프라,008780
00140353,씨크롭,016970
00170451,외환신용카드,038400
00267793,삼화기연,033210
00260639,대흥멀티미디어통신,037250
00153852,텔슨정보통신,018180
00248956,비이티,036820
00390028,코오롱인터내셔널,063510
00260888,엔써커뮤니티,037750
00275710,써미트테크놀로지,039000
00172103,코리아이앤디,027440
00263955,트래픽아이티에스,038050
00261601,호성,035870
00265254,넥스텔,037220
00255266,쓰리알,037730
00259916,그로웰텔레콤,035780
00131434,서통,001150
00271352,테크메이트,043690
00244932,한아시스템,036020
00348052,엔에스아이,053250
00367598,케이티씨텔레콤,055810
00267720,신한SIT,054530
00147949,스마텔,004190
00203458,동방라이텍,025690
00130000,아이텍스필,008030
00145534,이수세라믹,032180
00425360,코크렙제2호기업구조조정부동산투자회사,070540
00141334,영풍산업,002850
00384452,모닷텔,048150
00103583,광덕물산,003590
00162142,동원증권,005890
00236021,우주통신,054080
00106483,기라정보통신,019930
00208374,텔슨전자,027350
00309983,하이콤정보통신,048540
00277727,미래에셋굿라이프혼합형자녀를위한펀드5-1,037500
00136217,한메엔에스,006150
00229827,이지클럽,038980
00247902,넷컴스토리지,037010
00318477,모디아,046000
00246815,성진산업,037650
00260921,아이엠아이티,038100
00247762,맥시스템,036880
00350224,슈마일렉트론,056500
00101992,센추리,006750
00151614,베네데스하이텍,009360
00179832,에스오케이,032610
00241120,세원텔레콤,036910
00277985,한강구조조정기금,036060
00325918,케이엔티,036590
00110981,대아리드선,009940
00104467,국민은행,031150
00257361,월드텔레콤,047610
00358730,업필,054370
00248406,화림모드,045920
00110963,대아건설,000380
00267021,창민테크,042960
00330406,씨제이엔터테인먼트,049370
00110079,대백쇼핑,027700
00141440,지니웍스,036600
00135670,신광기업,001580
00144933,유진종합개발,023420
00371139,휘튼,066480
00218654,엠바이엔,031970
00115852,두산건설,002950
00113696,대호,001980
00253514,한신코퍼레이션,037120
00105509,금강화섬,010730
00163178,우리증권,001280
00264185,피코소프트,039580
00265157,바이오시스,035960
00270405,윌텍정보통신,039390
00125406,삼도물산,002930
00258731,현대멀티캡,035910
00822572,씨아이에스,144630
00580603,코리아퍼시픽01호선박투자회사,090970
00580612,코리아퍼시픽02호선박투자회사,090980
00317830,신양오라컴디스플레이,086830
00311030,미래에셋증권,037620
00439053,이룸지엔지,050640
00992312,에스와이이노베이션,194860
00580621,코리아퍼시픽03호선박투자회사,090990
00580630,코리아퍼시픽04호선박투자회사,091000
00262123,유아이에너지,050050
00533696,아시아퍼시픽14호선박투자회사,083610
00533757,아시아퍼시픽13호선박투자회사,083600
00533580,아시아퍼시픽10호선박투자회사,083570
01041217,현대에이블기업인수목적1호,204760
00533793,아시아퍼시픽11호선박투자회사,083580
00533836,아시아퍼시픽12호선박투자회사,083590
00144766,호반산업,004320
00525527,실리콘화일,082930
00372989,비엔씨컴퍼니,058370
00529523,동북아11호선박투자회사,083360
00526474,동북아14호선박투자회사,083390
00302801,디아이디,074130
00124018,부산방직공업,025270
00255071,현대에이치씨엔동작방송,034750
00364926,플렉스컴,065270
00350491,웹솔루스,160350
00450214,마이스코,088700
01022054,솔트웍스,222520
00164955,현대페인트,011720
00790501,한진해운,117930
00272412,글라소울,045050
00207542,팬택자산관리,025930
00394778,케이엔씨글로벌,068150
00446460,아이디에스,078780
00188946,훈영,017170
00137702,한솔아트원제지,007190
00418476,엠제이비,074150
00587101,바다로3호선박투자회사,092630
00351047,아이팩토리,053810
00778040,거북선5호선박투자회사,114130
00778059,거북선6호선박투자회사,114140
00126229,삼성물산,000830
00496003,피엘에이,082390
00359030,닉스테크,063840
00510914,아시아퍼시픽9호선박투자회사,081940
00697329,거북선4호선박투자회사,108890
00149664,중앙건설,015110
00318839,미래에셋새천년코리아벤처펀드일호,042950
00130897,하나은행,002860
00183260,에이스하이텍,071930
00246347,태창파로스,039850
00599230,평산차업집단유한공사,950010
00970277,스탠다드펌,179280
00122922,벽산건설,002530
00116860,NH농협증권,016420
00505569,아시아퍼시픽4호선박투자회사,081210
00160612,한화화인케미칼,025850
00659435,정다운,224090
00232317,지오엠씨,033030
00130860,에듀패스,031950
00113632,아이디에이치,026230
00837680,거북선7호선박투자회사,134000
00130815,서울상호저축은행,016560
00248123,와이즈파워,040670
00788807,코크렙제15호기업구조조정부동산투자회사,121550
00270432,티브로드한빛방송,043890
00648697,거북선3호선박투자회사,102000
00165529,동성하이켐,013450
00419989,클루넷,067130
00637114,코리아퍼시픽07호선박투자회사,099210
00361114,씨유전자,056340
00125628,삼목강업,158380
00265227,에스비엠,037630
00267669,솔빛미디어,044440
00693800,에프지엔개발전문자기관리부동산투자회사,119250
00991012,판타지오,187770
00164469,현대하이스코,010520
00586652,거북선1호선박투자회사,092970
00345657,코아에스앤아이,052350
00810531,자원메디칼,181980
00127370,삼우이엠씨,026250
00261124,어울림정보기술,038320
00244729,티브로드도봉강북방송,035210
00138127,티이씨앤코,008900
00156521,화인자산관리,010460
00120377,로케트전기,000420
00136970,신일건업,014350
00148328,제일모직,001300
00842479,퓨얼셀파워,139170
00907660,아루히,950100
00351269,지티앤티,053870
00350251,모아에스앤에스,052880
00206127,어울림엘시스,033280
00846396,이코리아자기관리부동산투자회사,138440
00144155,SK,003600
00678281,에이치앤아이,103650
00314888,디에스,051710
00653990,유니드코리아,110500
00451116,아이레보,072430
00159926,포스코티엠씨,010150
00648688,거북선2호선박투자회사,101380
00512550,아시아퍼시픽5호선박투자회사,082240
00512532,아시아퍼시픽7호선박투자회사,082260
00512541,아시아퍼시픽6호선박투자회사,082250
01047929,에스케이제1호기업인수목적,207930
01064315,대우기업인수목적3호,215580
01047567,엔에이치에스엘기업인수목적,207720
01043871,케이티비기업인수목적1호,204650
01065536,미래에셋제3호기업인수목적,215750
00636045,넥솔론,110570
00632331,디피앤케이,189700
00974459,비앤에스미디어,156170
00461690,세화피앤씨,085980
01111057,에스지에이시스템즈,232290
00823687,웨이포트유한공사,900130
00318538,아스팩오일,232360
00855145,하이골드오션2호선박투자회사,139200
01046179,골든브릿지제2호기업인수목적,206660
00110495,대성합동지주,005620
00722500,중국원양자원유한공사,900050
00533678,아시아퍼시픽15호선박투자회사,083620
01047716,하나머스트3호기업인수목적,208870
00686147,신성에프에이,104120
00686068,신성이엔지,104110
00163619,한진피앤씨,061460
00967778,나이코,192240
01038161,대우기업인수목적2호,204440
00267960,에스에스컴텍,036500
00529310,동북아10호선박투자회사,083350
01080410,골든브릿지제3호기업인수목적,219580
00413824,제이앤유글로벌,086200
01090301,케이비제8호기업인수목적,222390
01010572,패션플랫폼,256090
01075047,키움제3호기업인수목적,218710
01089828,유진기업인수목적3호,221200
01087079,한화에이스기업인수목적2호,219860
01072660,엔에이치기업인수목적7호,217810
01091391,교보5호기업인수목적,223040
01089961,케이비드림투게더제3호기업인수목적,221950
01089387,유안타제2호기업인수목적,219960
01111765,에스엠로보틱스,252940
01115257,시냅스엠,246830
01109186,동부제4호기업인수목적,230490
01095892,태경피엔에스,235090
00130949,카카오엠,016170
00202778,썬코어,051170
01090921,케이엠제약,237720
01102800,키움제4호기업인수목적,226850
00148717,도레이케미칼,008000
00959265,디와이엘엔제이,207230
00447478,엔에스브이,095300
00163789,심팩메탈,090730
00838421,씨제이이앤엠,130960
01094565,이베스트기업인수목적3호,225440
00842327,완리인터내셔널홀딩스,900180
00156044,하림홀딩스,024660
00109170,대덕GDS,004130
00207223,위너지스,026260
00454265,스틸플라워,087220
01170962,GRT,900290
00348177,트레이스,052290
01111020,케이비제9호기업인수목적,232270
01117103,하이에이아이1호기업인수목적,235010
00264644,넥스콘테크놀러지,038990
00334244,덴소코리아,047060
00535719,프렉코,082220
00790121,차이나하오란리사이클링유한공사,900090
00569992,원익테라세미콘,123100
00925453,나무기술,167380
01130937,한국제4호기업인수목적,240540
00232496,씨그널엔터테인먼트그룹,099830
01088458,극동자동화,272420
00108047,세원화성,007910
00609254,세왕,111610
01117495,에스와이제이,251540
00835734,피엠디아카데미,144740
01119217,본느,242420
00865382,트러스와이제7호위탁관리부동산투자회사,140890
00149877,중앙바이오텍,015170
00123514,보진재,030950
01139266,로스웰,900260
01018954,제이에스피브이,250300
00921475,자비스,230400
01199985,미래에셋대우기업인수목적1호,265480
00619020,세종머티리얼즈,135270
01179839,신한제3호기업인수목적,257730
01095397,줌인터넷,229480
01051339,한국비엔씨,226610
01113277,인프라웨어테크놀러지,247300
01197428,한화에이스기업인수목적3호,264290
00252755,씨앤케이인터내셔널,039530
01181940,아이엘사이언스,122050
00580180,포인트엔지니어링,176560
00473400,한컴지엠디,077280
00100717,아이이,023430
01201581,한화수성기업인수목적,265920
00200956,현대정보기술,026180
01111570,에스케이제3호기업인수목적,232330
01113781,영현무역,242850
01194759,대신밸런스제4호기업인수목적,262830
00527880,썬테크놀로지스,122800
00117638,동양텔레콤,007150
01063963,유쎌,252370
00656340,소프트캠프,210610
01194892,알로이스,271400
00222806,에임하이글로벌,043580
01234525,한국제5호기업인수목적,271740
00389679,해피드림,065180
00526465,동북아13호선박투자회사,083380
00324104,디케이씨,047440
00410678,다린,204690
00930321,하이골드오션8호국제선박투자회사,159650
00695464,차이나그레이트스타인터내셔널리미티드,900040
00123152,보루네오가구,004740
01086812,케미메디,205290
00961136,씨티네트웍스,189540
00893923,이푸른,185280
00530796,미성포리테크,094700
00671437,파인넥스,123260
00102681,고려개발,004200
01243550,아이비케이에스제7호기업인수목적,276920
00814810,엠에프엠코리아,251960
01186811,티에스트릴리온,284610
01066030,드림티엔터테인먼트,220110
00526447,동북아12호선박투자회사,083370
00435297,맥쿼리인프라,088980
00598587,인터파크,108790
01243772,신한제4호기업인수목적,277480
01107665,크리스탈신소재,900250
00351418,코리아오토글라스,152330
00843830,카이노스메드,220250
00647935,하나유비에스암바토비니켈해외자원개발2호,099350
00647883,하나유비에스암바토비니켈해외자원개발1호,099340
01277928,한국제7호기업인수목적,291210
00100258,에스마크,030270
00255141,글로앤웰,035480
01247918,한화에이스기업인수목적4호,279410
01257526,한국제6호기업인수목적,281410
00599887,신텍,099660
00601641,리드,197210
00261735,위노바,039790
00122339,이매진아시아,036260
00159290,한국아트라스비엑스,023890
00116356,동성화학,005190
01337114,구스앤홈,329050
01336391,엔에이치기업인수목적13호,310840
00609485,웅진에너지,103130
00173944,우진,105840
00786331,에스앤씨엔진그룹리미티드,900080
00146719,일화모직공업,001590
01337220,키움제5호기업인수목적,311270
00129350,삼화콘덴서공업,001820
00303217,우진플라임,049800
00389387,라임,065160
00125938,삼보판지,023600
00954242,하이골드오션12호국제선박투자회사,172580
01036446,서연이화,200880
00455112,금빛,045890
00112970,대한방직,001070
00129554,갤럭시아에스엠,011420
01068348,러셀,217500
00612115,유디피,091270
01351114,케이비제17호기업인수목적,317030
01326260,하나머스트제6호기업인수목적,307160
01236286,컬러레이,900310
00364111,다이노나,086080
01015726,미래테크놀로지,213090
00650629,SBS미디어홀딩스,101060
00186939,특수건설,026150
01169434,오가닉티코스메틱,900300
00194275,코너스톤네트웍스,033110
00207755,지에스홈쇼핑,028150
00133663,세동,053060
01137897,에스지에이클라우드서비스,224880
00132318,성광벤드,014620
00799070,이스트아시아홀딩스,900110
01343920,유안타제4호기업인수목적,313750
01351822,한화에스비아이기업인수목적,317320
00379016,이엘케이,094190
00563147,에스에이티,158300
01371312,케이비제18호기업인수목적,323940
00267881,보성파워텍,006910
01366365,이베스트이안기업인수목적1호,323210
00105156,극동유화,014530
00116073,그린기술투자,025340
01336285,에스케이에이씨피씨제4호기업인수목적,307070
00176792,오렌지라이프생명보험,079440
00366793,에스제이케이,080440
00351630,세코닉스,053450
00867098,티로보틱스,117730
00146649,일진홀딩스,015860
00601191,하나기술,299030
00148443,제일파마홀딩스,002620
00148939,조광피혁,004700
00438036,팅크웨어,084730
01255652,레이크머티리얼즈,281740
00664181,인텔리안테크,189300
01058101,라파스,214260
01213586,아이디피,332370
00268181,에스피컴텍,039110
00552992,진매트릭스,109820
00173731,씨앤에스자산관리,032040
00396925,엠로,058970
01141942,액트로,290740
00491336,잘만테크,090120
00447760,미래컴퍼니,049950
00118284,동일금속,109860
00442145,아바코,083930
00411446,큐에스아이,066310
01137295,프리시젼바이오,335810
00532129,영림원소프트랩,060850
01459212,원준,382840
00763473,코스메카코리아,241710
00442048,아바텍,149950
00663289,위월드,140660
00493501,씨디네트웍스,073710
00267979,한일화학,007770
00530121,디에스케이,109740
00166272,화승코퍼레이션,013520
00659815,금오하이텍,165270
00117072,동양건설산업,005900
00107303,피엔에스커튼월,033220
00393618,제노텍,066830
00350738,제네시스디벨롭먼트홀딩스,053320
00133715,대주코레스,008340
00946030,로보티즈,108490
00123967,부산도시가스,015350
00609324,뷰웍스,100120
00143794,원림,005820
00162780,한일건설,006440
00183215,케이디지엠텍,032290
00118965,티에이치엔,019180
00125488,삼륭물산,014970
00260879,카페24,042000
00861100,아이케이세미콘,149010
00304915,코리아에셋투자증권,190650
00362159,웰크론,065950
01303029,알비더블유,361570
01293388,무진메디,322970
01311286,퀀타매트릭스,317690
01394377,이지스밸류플러스리츠,334890
00118008,동원금속,018500
00561732,아스플로,159010
00132354,쿠쿠홀딩스,192400
00218052,국제엘렉트릭코리아,053740
00595243,엔스퍼트,098400
00133238,성지건설,005980
00417167,풍원정밀,371950
00631837,안트로젠,065660
00914040,씨엠에스에듀,225330
00159254,한국전자홀딩스,006200
01395279,하나금융14호기업인수목적,332710
01414361,에스케이제5호기업인수목적,337450
01414936,에스케이제6호기업인수목적,340350
00367385,효성오앤비,097870
00632793,전진바이오팜,110020
01366824,제이엠멀티,254160
00168401,금비,008870
00142591,셰프라인,012250
01407909,원텍,336570
01390876,상상인이안제2호기업인수목적,329560
00648721,SNT에너지,100840
00266943,넥슨지티,041140
00493431,자안바이오,221610
01208849,나인테크,267320
01338724,에스앤케이,950180
01135640,이삭엔지니어링,351330
01187458,에스알바이오텍,270210
01046708,바디텍메드,206640
00298687,스포츠서울,039670
00688358,하이즈항공,221840
00599151,SV인베스트먼트,289080
01532603,화승알앤에이,378850
00226228,한프,066110
00872850,비지스틸,179440
00347877,세영디앤씨,052190
01067242,비엘사이언스,228180
01183407,이십일스토어,270020
01415892,제이알글로벌리츠,348950
00111458,대영포장,014160
00218575,황금에스티,032560
00991191,앱클론,174900
01350638,티티씨디펜스,309900
00134316,세원정공,021820
01116274,엠앤씨생명과학,225860
01301623,비씨엔씨,146320
01393299,케이비제19호기업인수목적,330990
00872452,미래오토스,176440
00139685,양지사,030960
00103042,케이씨티시,009070
01117592,인터코스,240340
00830447,수프로,185190
00264787,럭슬,033600
01267684,쿠쿠홈시스,284740
00975290,에이스토리,241840
00411905,테라셈,182690
01414370,하이제5호기업인수목적,340120
00905316,하이골드오션3호선박투자회사,153360
00867973,서남,294630
00828761,레이,228670
00122348,방림,003610
00170877,진로발효,018120
00963000,썬테크,217320
01021949,덱스터,206560
00866594,미애부,225850
00877819,데이타솔루션,263800
00147222,전방,000950
00105475,금강철강,053260
00145464,이구산업,025820
00109161,태경케미컬,006890
00529815,오디텍,080520
00101628,경방,000050
00363486,로체시스템즈,071280
00111865,미래SCI,028040
00823429,한국화장품,123690
00303396,한국컴퓨터,054040
00174004,유성기업,002920
00665630,테라텍,151750
00985686,큐브엔터,182360
00974927,NEW,160550
00123107,보락,002760
00899459,레이언스,228850
00220561,광주신세계,037710
00165343,혜인,003010
00148595,제일테크노스,038010
00409964,하이텍팜,106190
00129615,상보,027580
00258689,JYP Ent.,035900
01117422,나눔테크,244880
00101220,KG케미칼,001390
00152686,코리아써키트,007810
00162993,한일홀딩스,003300
00800145,서진오토모티브,122690
00411385,유비쿼스홀딩스,078070
00660291,옵티시스,109080
01124653,슈프리마,236200
00332927,제이에스코퍼레이션,194370
00389110,지어소프트,051160
00266952,네오위즈홀딩스,042420
00398792,SNT모티브,064960
00148920,조광페인트,004910
01170865,네오셈,253590
00484682,엘오티베큠,083310
01437292,미래에셋맵스리츠,357250
00136864,신원,009270
00155373,풍강,093380
00137809,SHD,001770
00136457,SH에너지화학,002360
00111193,대양전기공업,108380
00159175,한국전기초자,009720
00490179,플랜티넷,075130
01258710,이노메트리,302430
00678096,맥스로텍,141070
00220686,에스피지,058610
00429694,파버나인,177830
00673976,지스마트글로벌,114570
00857727,하림,136480
00636656,바이오플러스,099430
00476036,에프엔에스테크,083500
00146269,일신방직,003200
00155382,바이오빌,065940
00157539,KB오토시스,024120
00671978,그리티,204020
00130091,샘표,007540
00138729,아세아제지,002310
00369170,인터플렉스,051370
00530556,예스티,122640
00153126,크라운해태홀딩스,005740
00128661,에스에이엠티,031330
00641171,인지소프트,100030
00493510,뉴프렉스,085670
00223434,에프에스티,036810
00864338,웹스,196700
01169267,세화피앤씨,252500
00325112,프로텍,053610
00925295,에프엔씨엔터,173940
01065785,노브메타파마,229500
00496225,이엠네트웍스,087730
00250997,대정화금,120240
00599957,슈프리마에이치큐,094840
00860332,메리츠금융지주,138040
00138297,STX,011810
00807379,신흥에스이씨,243840
01264234,엘에이티,311060
00105952,LS,006260
00378628,KH바텍,060720
00897752,천보,278280
00160621,한국화장품제조,003350
00363246,우원개발,046940
00539274,대상홀딩스,084690
00145473,이글벳,044960
00357607,케이피티유,054410
01180118,코람코더원리츠,417310
00575106,씨유테크,376290
01397772,큐라클,365270
01440481,아이비케이에스제13호기업인수목적,351340
01441611,원티드랩,376980
00533508,제이엠티,094970
00405320,웹젠,069080
00203023,시노펙스,025320
00609661,티쓰리,204610
00216498,성도이엔지,037350
00298340,에스티아이,039440
00161444,한국씨티은행,016830
01174038,자비스,254120
00108977,대구백화점,006370
00858124,알에스오토메이션,140670
00148522,퍼스텍,010820
00335076,오픈베이스,049480
00134963,송원산업,004430
00441650,케이씨에스,115500
00127909,삼일,032280
00243757,인포뱅크,039290
00478900,빅솔론,093190
01419986,신영해피투모로우제6호기업인수목적,344050
00346966,에코솔루션,052510
01418543,케이비제20호기업인수목적,342550
00148948,조비,001550
01405390,핌스,347770
00553025,데이터스트림즈,199150
00124151,부산주공,005030
00157070,한국단자공업,025540
01014718,제노코,361390
00343127,자유투어,046840
00870861,와이엠씨,155650
01354740,브이씨,365900
00231354,파워넷,037030
01032486,두산밥캣,241560
01535150,SK리츠,395400
00407285,아이컴포넌트,059100
00239596,쎄니트,037760
00133089,성원,015200
00117577,오리온홀딩스,001800
01504804,유안타제7호기업인수목적,367460
00577335,대성하이텍,129920
00153755,태양금속공업,004100
00132804,성신양회,004980
01222432,에스제이그룹,306040
01437186,ESR켄달스퀘어리츠,365550
00174208,진성티이씨,036890
00659976,영화테크,265560
01160512,헝셩그룹,900270
01020269,탈로스,434190
00785475,원익피앤이,131390
00143262,우진아이엔에스,010400
00114093,덕성,004830
00181299,상아프론테크,089980
01364747,가온칩스,399720
00347442,모보,051810
00654272,램테크놀러지,171010
00990165,아세아시멘트,183190
00809517,아이엠텍,226350
00165680,호텔신라,008770
00327819,선익시스템,171090
00257732,한국정밀기계,101680
00176516,금화피에스시,036190
00684714,풍산,103140
00126371,삼성전기,009150
01686755,파인엠텍,441270
00593032,LF,093050
00133511,SG세계물산,004060
00414601,유니퀘스트,077500
00416654,유엔젤,072130
00102140,경인전자,009140
00171867,에스씨디,042110
00287788,정상제이엘에스,040420
01047840,미스터블루,207760
01419135,이노진,344860
00587457,갤럭시아머니트리,094480
00124276,부스타,008470
00155151,피에이치에이,043370
00143527,경동인베스트,012320
00611286,블루탑,191600
00138446,아가방컴퍼니,013990
00269612,파워로직스,047310
00350482,성우테크론,045300
00256715,국순당,043650
00127936,삼일기업공사,002290
00154055,태원물산,001420
00447928,네오티스,085910
00144164,SK가스,018670
00159564,한국주강,025890
00759294,와이솔,122990
00112165,디아이씨,092200
00445799,서원인텍,093920
01478712,대덕전자,353200
00143314,에이엔피,015260
00138701,아세아,002030
00364306,성우전자,081580
00244783,한네트,052600
01396931,유엑스엔,337840
00152783,코메론,049430
00167280,폴루스바이오팜,007630
00105299,금강공업,014280
00623661,원익머트리얼즈,104830
00159102,DB손해보험,005830
01076550,주노콜렉션,221670
00226866,인탑스,049070
00122898,벽산,007210
01101041,패션플랫폼,225590
01327092,라닉스,317120
00365758,아이앤씨,052860
00808022,메지온,140410
00626710,한국월드와이드베트남부동산개발특별자산1호투자회사,096300
00939331,한국콜마,161890
00296005,우리로,046970
01077577,우리산업,215360
00231372,롯데관광개발,032350
00221728,하츠,066130
00761952,아나패스,123860
00129271,삼화전기,009470
00164812,현대코퍼레이션,011760
00188797,포메탈,119500
01416457,하나금융15호기업인수목적,341160
01069736,한독크린텍,256150
01070857,켐온,217600
00540340,코리아센터,290510
01116380,씨앤에스링크,245450
00374020,이엘피,063760
01139965,스튜디오미르,408900
00188089,한섬,020000
00106368,금호석유화학,011780
00264228,위즈코프,038620
00149026,CS홀딩스,000590
00256380,유아이엘,049520
00167004,흥구석유,024060
01199189,이랜시스,264850
00302120,피앤텔,054340
00112721,대창스틸,140520
00123781,부국철강,026940
00604815,에스디시스템,121890
00155498,풍림산업,001310
00261285,한국가스공사,036460
01291317,더블유씨피,393890
00961774,유티아이,179900
00154718,비츠로셀,082920
00350020,파인디앤씨,049120
00117382,디와이홀딩스,004510
00125646,삼목에스폼,018310
00131692,서흥,008490
00422284,메가스터디,072870
00107677,비비안,002070
00234227,유진로봇,056080
00527464,에이치시티,072990
00249982,솔본,035610
00110608,DSR,155660
01059605,디와이파워,210540
00131328,두함지개발,016140
00540429,휴림로봇,090710
00398808,디지털대성,068930
00124577,엠소닉,008120
01344752,케어룸의료산업,327970
00252001,해원에스티,058480
00265005,옴니시스템,057540
00626011,아이텍,119830
00348034,액토즈소프트,052790
00832700,에이펙스인텍,207490
00761059,펌텍코리아,251970
00622787,바이오노트,377740
00136402,신송홀딩스,006880
01436336,이베스트기업인수목적5호,349720
00133335,성창기업지주,000180
00123648,심팩인더스트리,005350
00131054,유진증권,001200
00185356,제룡전기,033100
00112679,대창단조,015230
01113949,퓨전,195440
00359076,브리지텍,064480
00439965,나노신소재,121600
01487446,씨엔알리서치,359090
00160205,한국내화,010040
00628860,네오위즈,095660
00576789,디젠스,113810
00360674,코위버,056360
00133557,PN풍년,024940
00268011,일레덱스홀딩스,033550
00129280,삼화전자공업,011230
00141608,오리엔탈정공,014940
00130046,다함이텍,009280
00404288,아진엑스텍,059120
00135467,승일,049830
00260383,대한유화,006650
01301252,티이엠씨,425040
00579971,칩스앤미디어,094360
00364847,이글루,067920
00883980,아이디스,143160
00604426,인터로조,119610
00491053,진바이오텍,086060
01102095,쿠첸,225650
00359580,아이디스홀딩스,054800
00145109,유한양행,000100
00201131,아즈텍WB,032080
00925189,신화콘텍,187270
00132628,성문전자,014910
01119651,엘리비젼,276240
00866062,엘티씨,170920
00305297,코텍,052330
00413523,한미글로벌,053690
00185222,크린앤사이언스,045520
01115044,안지오랩,251280
00142883,우신시스템,017370
01188749,지앤이헬스케어,299480
00161781,아난티,025980
00612188,에스티오,098660
00980122,JB금융지주,175330
01505186,하이딥,365590
00137012,에스앤더블류,103230
00118275,디아이,003160
00235183,에이치케이,044780
00807397,코이즈,121850
00352718,소리바다,053110
00133876,세보엠이씨,011560
00500254,GS,078930
00113359,교보증권,030610
00347062,현대바이오랜드,052260
00264732,파인디지털,038950
00879020,유니트론텍,142210
00295547,디지아이,043360
00186717,태양,053620
00177816,대주전자재료,078600
00351807,대원미디어,048910
00669450,바이오프로테크,199290
00298377,아이씨디,040910
01326224,원바이오젠,307280
00109587,대륙제관,004780
00161976,한세예스24홀딩스,016450
01196313,유에스티,263770
00447502,바이오톡스텍,086040
00261009,감성코퍼레이션,036620
01583953,티엘엔지니어링,413300
00555740,툴코리아,110660
00188715,현진소재,053660
00435312,하이스틸,071090
00916826,드림씨아이에스,223250
01187494,덴티스,261200
01388631,오션스톤,329020
00246417,이오테크닉스,039030
00555874,제주항공,089590
00406727,세진티에스,067770
00120021,LG,003550
00201788,제낙스,065620
00447982,에스지피엠,074000
00432102,한국금융지주,071050
00231664,우리기술투자,041190
00115065,동남합성,023450
00921916,석경에이티,357550
00162832,한일단조,024740
00266934,파루,043200
00369657,리노공업,058470
00351092,삼보모터스,053700
00563518,비나텍,126340
00170558,코웨이,021240
00269940,하나투어,039130
00360577,엑사이엔씨,054940
00129989,코스모신소재,005070
00204262,한글과컴퓨터,030520
00238153,파세코,037070
00258421,기산텔레콤,035460
01576102,미래에셋글로벌리츠,396690
01062867,디알텍,214680
00806972,매직마이크로,127160
00359623,우리산업홀딩스,072470
00614089,에이원알폼,234070
00240857,바이오스마트,038460
00306162,상상인,038540
00106641,기아,000270
00138260,SIMPAC,009160
00485177,일진파워,094820
00261355,레드캡투어,038390
00164724,현대엘리베이터,017800
00423177,텔레칩스,054450
01418260,폭스소프트,354230
00231442,디지틀조선,033130
01013311,헥토이노베이션,214180
00249247,YG PLUS,037270
01035368,티에프이,425420
00961570,신도기연,290520
00148364,하림지주,003380
01428249,케이프이에스제4호기업인수목적,347140
00923899,참존글로벌,158310
00997812,코미코,183300
00695969,동운아나텍,094170
00139764,에넥스,011090
00537832,푸른기술,094940
00334624,팍스넷,038160
00128926,삼현철강,017480
00612489,아이쓰리시스템,214430
00140052,에이스침대,003800
00367455,현우산업,092300
00673301,전우정밀,120780
01345724,타임기술,318660
00165361,휴코드홀딩스,036840
00105606,금호에이치티,214330
00133618,세기상사,002420
01142075,핑거,163730
00201742,유라테크,048430
00133812,세방,004360
00666064,셀바스AI,108860
00608839,에이루트,096690
01018802,엔솔바이오사이언스,140610
00202839,한창산업,079170
00367871,인바이오,352940
00400060,이씨에스,067010
00158112,한국수출포장공업,002200
01397620,루닛,328130
00139083,아진산업,013310
00163196,한일철강,002220
00108135,녹십자홀딩스,005250
00109718,사조대림,003960
00994994,나노,187790
00201733,TJ미디어,032540
01047451,셀바스헬스케어,208370
00569646,영우디에스피,143540
00423690,삼성출판사,068290
00152260,카스,016920
00398668,휴비츠,065510
00340272,에스폴리텍,050760
00152039,SG글로벌,001380
00587466,KPX홀딩스,092230
01158553,켄코아에어로스페이스,274090
00141413,영화금속,012280
00993931,동양파일,228340
01128613,화승엔터프라이즈,241590
00102760,두산건설,011160
00796994,조선선재,120030
01514519,유진기업인수목적6호,373340
00353878,다스코,058730
00760971,크래프톤,259960
00599489,청광건설,140290
00819073,인크로스,216050
00122579,BYC,001460
01343735,데이드림엔터테인먼트,348840
01367586,제이아이테크,417500
01165739,잉글우드랩,950140
00156354,지엠비코리아,013870
00551920,네오팜,092730
01488320,필에너지,378340
01712616,엔에이치스팩29호,451700
01591606,아이비케이에스제17호기업인수목적,405350
00108612,DS단석,017860
01791321,하나30호스팩,469880
01528530,삼성기업인수목적4호,377630
00149293,신한은행,000010
01676989,케이비제23호기업인수목적,440200
01305869,세니젠,188260
01785551,KB제27호스팩,464680
00561723,쏘닉스,088280
00112819,데코앤에프,017680
01447217,에이치엠씨아이비제4호기업인수목적,353070
00138279,S-Oil,010950
00160418,한국무브넥스,010100
01568875,하나금융19호기업인수목적,388220
01146220,팸텍,271830
00145552,이수화학,005950
00167031,흥국,010240
00449379,도이치모터스,067990
00116949,DN오토모티브,007340
00239514,삼진엘앤디,054090
01163050,다이오진,271850
00206084,세아메탈,033020
01082418,SAMG엔터,419530
00302236,태양3C,052960
01328639,윙입푸드,900340
00191287,대동금속,020400
01144028,씨티케이,260930
00176914,다우기술,023590
01580178,대신밸런스제11호기업인수목적,397500
01504910,유안타제8호기업인수목적,367480
00495633,율촌,146060
00117258,한화갤러리아타임월드,027390
00121686,엠케이전자,033160
00160232,KSS해운,044450
00409371,인베니아,079950
00525882,크레버스,096240
01516368,산돌,419120
00508344,SK디앤디,210980
00892526,디케이앤디,263020
00410997,누리플랜,069140
01305249,스톤브릿지벤처스,330730
00494218,엘엠에스,073110
00111722,미래에셋증권,006800
01136348,나무기술,242040
00244419,디에스티,033430
00536888,케이알엠,093640
00140362,제이에스전선,005560
01447244,에이치엠씨아이비제5호기업인수목적,353060
01567520,대신밸런스제10호기업인수목적,387310
00128227,삼정펄프,009770
01080252,넥스틴,348210
01416572,세림B&G,340440
00352000,하우리,049130
01775952,한국제13호스팩,464440
00670085,엘아이에스,138690
01402995,케이엔에스,432470
00158316,NICE,034310
00583424,아모레퍼시픽,090430
01535257,엔에이치기업인수목적19호,380440
01494154,지니너스,389030
01021639,나라셀라,405920
00173661,에스지신성건설,001970
00103547,우진비앤지,018620
00113997,롯데에너지머티리얼즈,020150
00173032,동화기업,025900
00480455,STX엔진,077970
00228350,신화인터텍,056700
00520610,씨큐브,101240
00133751,세명전기,017510
00137234,모베이스전자,012860
00255433,라온시큐어,042510
00389970,다날,064260
00812362,디에스앤엘,141020
00361594,DMS,068790
00363592,한컴위드,054920
01116344,이비테크,208850
00106313,금호건설,002990
00390365,토비스,051360
01309421,제이엔비,452160
00365934,코세스,089890
00828789,대성산업,128820
01112700,에스엘에스바이오,246250
00125576,체시스,033250
01203376,유비쿼스,264450
01365384,이성씨엔아이,379390
01591262,디비금융제10호기업인수목적,404950
00855163,미원화학,134380
00584362,케이엑스넥스지,081970
01023822,메디젠휴먼케어,236340
00372688,티사이언티픽,057680
01363818,롯데리츠,330590
00965512,라온텍,418420
00441304,가온그룹,078890
00619507,와이씨켐,112290
01497124,캡스톤파트너스,452300
00269852,폴라리스오피스,041020
00135917,한화손해보험,000370
00472890,동국알앤에스,075970
01576713,엔에이치기업인수목적22호,396770
00456218,모두투어,080160
01089855,맘스터치앤컴퍼니,220630
00127255,삼영,003720
00531917,톱텍,108230
01450105,미래에셋대우기업인수목적5호,353490
01134216,트루엔,417790
01631658,대신밸런스제12호기업인수목적,426670
00614593,넥스트아이,137940
00910947,바다로19호선박투자회사,155900
00800084,씨엑스아이,900120
01505469,디비금융제9호기업인수목적,367360
00114552,도화엔지니어링,002150
00116301,NI스틸,008260
00163318,모헨즈,006920
00121570,문배철강,008420
00142865,WISCOM,024070
00490151,파트론,091700
00958451,한선엔지니어링,452280
00138747,아세아텍,050860
00483735,해성옵틱스,076610
00359474,제이웨이,058420
00231105,동성화인텍,033500
01030503,우진엔텍,457550
01792825,대신밸런스제17호스팩,471050
01350869,우리금융지주,316140
01493535,모비데이즈,363260
00180795,인팩,023810
00646732,진양홀딩스,100250
01335578,애니플러스,310200
00564562,엠씨넥스,097520
01622720,KB스타리츠,432320
01526949,하이제6호기업인수목적,377400
00907013,한국ANKOR유전,152550
00105040,뉴인텍,012340
00152437,케이프,064820
00303192,디에이피,066900
00353762,키이스트,054780
00173999,유성티엔에스,024800
00862312,포스뱅크,105760
00578130,아퓨어스,149300
00356389,프럼파스트,035200
00657756,무송지오씨,135160
00418379,자연과환경,043910
01596665,한국제10호기업인수목적,409570
00309460,HB인베스트먼트,440290
00652007,메카로,241770
00769158,케이엔제이,272110
00757816,모다,149940
00102113,경인양행,012610
00145598,이연제약,102460
00454399,이상네트웍스,080010
00542074,나노캠텍,091970
01476219,코스텍시스,355150
01043853,베노티앤알,206400
00409672,티비에이치글로벌,084870
00425254,나우코스,257990
00664048,우리넷,115440
01652970,하나금융23호기업인수목적,427950
01158632,진코스텍,250030
00138057,써니전자,004770
00605328,씨앤지하이테크,264660
00372253,연우,115960
01797440,SK증권제11호스팩,472230
00468374,원익QnC,074600
00689418,지유온,111820
00260569,유니셈,036200
01669226,한화리츠,451800
00159971,KC그린홀딩스,009440
01495180,파로스아이바이오,388870
01357446,퓨런티어,370090
01787072,유진스팩10호,468760
01791561,하나31호스팩,469900
00367710,동인기연,111380
00117744,메리츠화재해상보험,000060
00611912,아모그린텍,125210
00876209,미래엔에듀파트너,208890
01717170,상상인제4호스팩,452670
01293953,싸이버원,356890
00692254,아이패밀리에스씨,114840
00351995,지에스이,053050
00957373,펨트론,168360
00126201,삼성공조,006660
00760999,상신전자,263810
00271501,코아시아,045970
00111014,애큐온저축은행,007640
00604028,피코그램,376180
01685251,컨텍,451760
00642897,브레인즈컴퍼니,099390
01632851,아이비케이에스제19호기업인수목적,426550
00618401,크루셜텍,114120
00533191,비보존 제약,082800
00913689,세경하이테크,148150
01080687,아우딘퓨쳐스,227610
01237434,플리토,300080
00266961,NAVER,035420
01188378,시스웍,269620
00890388,지성이씨에스,138290
00578538,티피씨글로벌,130740
01419384,하나금융16호기업인수목적,343510
00531865,유니테크노,241690
00122694,범양건영,002410
00141556,오로라,039830
00405719,아이크래프트,052460
00602279,그린플러스,186230
00624749,에스피시스템스,317830
00990563,피엔아이컴퍼니,242350
01514528,신한제7호기업인수목적,366330
01264872,이노뎁,303530
00858364,BNK금융지주,138930
00161693,한샘,009240
00147994,새로닉스,042600
00230814,휴림에이텍,078590
00124780,사조씨푸드,014710
00139214,삼성화재해상보험,000810
00166500,화천기계,010660
00990262,피노텍,150440
01135941,원익IPS,240810
00173351,삼진,032750
01221947,비엔에프머티리얼즈,271780
00296324,큐로홀딩스,051780
01515864,넥스트칩,396270
01513404,하나머스트7호기업인수목적,372290
01676642,사피엔반도체,452430
00165103,푸드웰,005670
01387164,샤페론,378800
01524118,나노팀,417010
00121932,미원상사,002840
00362858,예스24,053280
00535676,테크윙,089030
00664288,스페이스솔루션,245030
00886792,루켄테크놀러지스,162120
01110058,바이오인프라,199730
00878696,에스케이바이오팜,326030
00231901,LB인베스트먼트,309960
00155735,피제이전자,006140
00181943,에스제이엠홀딩스,025530
00450339,에스에프씨,112240
00595191,후성,093370
00120216,KB손해보험,002550
00136271,신성이엔지,011930
00426828,케이웨더,068100
00149239,조일알미늄,018470
01498974,큐리옥스바이오시스템즈,445680
01328170,노드메이슨,317860
01365038,자람테크놀로지,389020
01231786,엑스페릭스,317770
01505450,디비금융제8호기업인수목적,367340
00612294,피엔티,137400
00264547,KG이니시스,035600
00104768,가온전선,000500
01137903,디케이티,290550
01442115,소마젠,950200
00167208,흥아해운,003280
01528141,LS머트리얼즈,417200
00297961,케이맥,043290
01147487,뷰티스킨,406820
01705777,엔에이치기업인수목적28호,450410
00150165,브이티,018290
00390514,이루온,065440
00165060,하이록코리아,013030
00545716,롯데렌탈,089860
00767460,PI첨단소재,178920
01047415,정다운,208140
01205514,큐라켐,456190
00599595,BGF에코머티리얼즈,126600
01423837,모아데이타,288980
00571298,덕우전자,263600
00152729,광전자,017900
00765569,기가비스,420770
00693651,비덴트,121800
00660459,나노씨엠에스,247660
01383229,저스템,417840
00920379,티엘비,356860
00149594,한국캐피탈,023760
00607797,엄지하우스,224810
01187865,앙츠,267810
00231707,비트컴퓨터,032850
00360595,현대글로비스,086280
00403632,현대퓨처넷,126560
01540815,스튜디오삼익,415380
00364403,쏠리드,050890
00208444,피에스케이홀딩스,031980
00161860,한성기업,003680
01596656,메쎄이상,408920
00554024,셀트리온헬스케어,091990
00428251,현대백화점,069960
00135962,신라교역,004970
01336461,뉴로메카,348340
00378220,버킷스튜디오,066410
00447609,비에이치,090460
00106119,금양,001570
00108940,대성홀딩스,016710
01583397,하나금융20호기업인수목적,400560
01792791,IBKS제24호스팩,469480
00120906,에스아이리소스,065420
00568188,마이크로컨텍솔,098120
00140964,영원무역홀딩스,009970
00311270,원텍,216280
01199550,HD현대에너지솔루션,322000
00543107,오킨스전자,080580
00164502,현대공업,170030
01190513,명진홀딩스,267060
01721809,현대그린푸드,453340
00106669,세아베스틸지주,001430
00156895,아주IB투자,027360
00380429,CMG제약,058820
01430475,코람코라이프인프라리츠,357120
00138695,뉴아세아,013340
01323032,케이카,381970
00173078,명신산업,009900
00601988,코난테크놀로지,402030
00573579,평화산업,090080
00634728,이크레더블,092130
00861076,케이탑리츠,145270
00910840,윈하이텍,192390
00109781,대림제지,017650
00361266,코원플레이,056000
01055317,비엔디생활건강,215050
01344202,뷰노,338220
00776820,영원무역,111770
00599285,서플러스글로벌,140070
00550994,아이센스,099190
01566248,에코프로에이치엔,383310
00117708,리드코프,012700
01546101,아이엠티,451220
00407771,듀오백,073190
01475609,디앤디플랫폼리츠,377190
00140779,영보화학,014440
01534522,삼성머스트기업인수목적5호,380320
00105138,파라텍,033540
01187175,라이프사이언스테크놀로지,285770
00922304,아셈스,136410
00925587,위드텍,348350
00872656,금양그린파워,282720
00134565,이스타코,015020
00125822,삼보산업,009620
00228712,동우팜투테이블,088910
00140858,와이엠,007530
01781847,교보15호스팩,465320
01226234,와이바이오로직스,338840
00667373,현대힘스,460930
01186671,바이오시네틱스,281310
00136624,신영와코루,005800
01259232,노바텍,285490
00248974,하나제약,293480
00413417,우리손에프앤지,073560
00222213,피케이엘,039870
01816268,KB제29호스팩,478390
00939942,포시에스,189690
00498001,모베이스,101330
00397243,티엔아이,066350
00842585,네이블,153460
00978075,머니무브,179720
01150515,대명에너지,389260
00127954,CJ프레시웨이,051500
01442966,마스턴프리미어리츠,357430
01148909,휴럼,284420
00393469,녹원씨엔아이,065560
00442835,메타랩스,090370
00341916,오스템임플란트,048260
00350048,오성첨단소재,052420
00337296,원포유,122830
00409140,이원컴포텍,088290
00450995,대모,317850
00202060,구영테크,053270
00161116,HL D&I,014790
01251489,라온피플,300120
00838962,알서포트,131370
01011368,에이치브이엠,295310
00103121,세븐코스프,017160
00103325,고제,002540
00114765,케이비아이동국실업,001620
01190568,에이피알,278470
00625942,한솔아이원스,114810
00106508,기린,006070
00107923,남한제지,001950
00110051,에스케이머티리얼즈,036490
00264103,에이엠에스,044770
00264839,아이비진,039060
00132992,성우하이텍,015750
00153339,태경산업,015890
00365457,제이티,089790
00660121,디에이테크놀로지,196490
01137383,카카오게임즈,293490
01284751,시지트로닉스,429270
01785700,IBKS제23호스팩,467930
01672114,한국제11호기업인수목적,436610
00909835,차이커뮤니케이션,351870
00117027,알루코,001780
00159874,한국지주,009760
00111829,대웅바이오,016890
00115427,신동방CP,004660
00116499,동신제약,006600
01212383,엔케이맥스,262760
01014055,에스트래픽,234300
01817081,SK이터닉스,475150
00544577,브이엠,089970
01807729,하나33호스팩,475250
00645089,NHN벅스,104200
00120508,롯데푸드,002270
00121251,네오퍼플,028090
00127024,삼양엔텍,008720
00503899,사조해표,079660
00110875,대신정보통신,020180
01494118,노을,376930
00132105,삼양제넥스,003940
00132114,선진지주,014300
01018167,캐로스,260490
00138376,쎄라텍,041550
00139418,알루코,021570
01765265,동국제강,460860
00149248,아세아페이퍼텍,009380
00149840,중앙제지,005600
00151252,에스와이,004530
01251577,휴네시온,290270
01815764,이베스트스팩6호,478110
00163682,메리츠증권,008560
00154392,에스트라,016570
00409681,아스트,067390
01845701,교보16호스팩,482520
00108490,엔피케이,048830
00150828,진흥기업,002780
00164779,SK하이닉스,000660
00260930,에스엠,041510
00171636,한솔홀딩스,004150
00306454,한국정보인증,053300
00181712,SK,034730
00632304,JW홀딩스,096760
00198378,녹십자셀,031390
00238199,로지시스,067730
00259934,예림당,036000
00159412,한국제지,002300
00163044,한일약품공업,003040
00164292,동원데어리푸드,003900
00208301,성우몰드,053440
00220446,예일바이오텍,054250
00653112,미래자원엠엘,233190
00414850,효성 ITX,094280
00874195,코썬바이오,204990
01658266,하나금융24호기업인수목적,430230
00945457,아이진,185490
01276594,신한알파리츠,293940
00115931,디오,039840
00604268,에이프로,262260
01169498,젬,248020
00234449,제이엠피,054790
00587925,모아라이프플러스,142760
00351375,뉴보텍,060260
00247939,씨모스,037600
01119387,이에스산업,241510
00988364,SGA솔루션즈,184230
00825223,화신정공,126640
00148984,시알홀딩스,000480
00606293,나이스디앤비,130580
01798980,유안타제15호스팩,473050
00652423,인바이오젠,101140
00252658,코리언일랙트로닉스파워소스,046810
00127167,삼영무역,002810
01138993,원바이오젠,278380
00857480,사람인,143240
01468061,레뷰코퍼레이션,443250
00101664,경보제약,214390
00249034,드림라인,035430
00983040,한진칼,180640
01510489,프레스티지바이오파마,950210
01203507,에스엠비나,299670
01232192,티디에스팜,464280
00209780,케이씨,029460
01181515,엘앤씨바이오,290650
00390860,대산F&B,065150
01233465,동국생명과학,303810
00404941,한텍,098070
00265324,CJ ENM,035760
01014657,비즈니스온커뮤니케이션,138580
01658831,오름테라퓨틱,475830
01307335,공구우먼,366030
00352064,프리엠스,053160
00173069,아진카인텍,011400
01063237,플럼라인생명과학,222670
00136226,신성델타테크,065350
00682992,우리벤처파트너스,298870
00110547,링세오코리아,003050
00562245,태웅로직스,124560
00403793,바이브컴퍼니,301300
01113718,올릭스,226950
00295370,제이앤케이인더스트리,039230
00603348,케이아이엔엑스,093320
00369107,우리바이오,082850
01667592,키움제7호기업인수목적,433530
01142260,에스엠씨지,460870
00258102,지엔코,065060
00111689,아진전자부품,009320
00797364,KC코트렐,119650
00130408,서산,079650
01142400,이루다,164060
00364795,레드로버,060300
00129235,삼화왕관,004450
01641600,에이럭스,475580
00471068,덕산하이메탈,077360
01064069,토박스코리아,215480
01492651,큐로셀,372320
01803927,에이유브랜즈,481070
01572489,한화플러스제2호기업인수목적,386580
00766106,엣지파운드리,105550
01204056,하이브,352820
00113562,롯데손해보험,000400
00226316,호전실업,111110
00577380,신진에스엠,138070
01814233,미래에셋비전스팩4호,477380
01594764,신한제9호기업인수목적,405640
01072518,디피코,163430
01217014,트윔,290090
01381984,SKAI,357880
00160375,진양폴리우레탄,010640
00164788,현대모비스,012330
00119672,두올,016740
00330044,캠시스,050110
01583652,모니터랩,434480
01074862,메가스터디교육,215200
00124504,포스코인터내셔널,047050
00128032,삼일제약,000520
00145163,파미셀,005690
00441243,형지엘리트,093240
01281541,에피바이오텍,446440
01467336,창대정밀,368030
01814589,디비금융스팩12호,477760
00264255,바텍,043150
00269922,인바디,041830
00225706,JW생명과학,234080
00557508,GKL,114090
01540453,에이직랜드,445090
00373021,테라사이언스,073640
01866528,교보17호스팩,489210
00129013,CJ씨푸드,011150
00135795,신도리코,029530
00161125,한온시스템,018880
00596260,투비소프트,079970
00138792,아시아나항공,020560
00651901,에어부산,298690
00490090,이지케어텍,099750
01854408,신한제15호스팩,487830
01620713,교보12호기업인수목적,421800
01207901,사이냅소프트,466410
01847550,하나34호스팩,484130
00121039,명문제약,017180
00458562,에이티세미콘,089530
00159731,글로본,019660
01616808,키움제6호기업인수목적,413600
00159193,한국전력공사,015760
00105271,케이씨씨,002380
00123523,창해에탄올,004650
00124197,세아제강지주,003030
00264945,나이스정보통신,036800
00276834,KX하이텍,052900
00307897,신한카드,032710
00367844,자이에스앤디,317400
00831428,옵투스제약,131030
01205851,HD현대일렉트릭,267260
01236897,제일약품,271980
01010642,지씨셀,144510
01217829,엔에프씨,265740
00108065,에코바이브,015540
00317210,성호전자,043260
00971090,어스앤에어로스페이스,263540
00153278,서연탑메탈,019770
01357765,큐라티스,348080
00260408,팜스코,036580
00405959,스타플렉스,115570
01621280,케이비제21호기업인수목적,424140
00351427,와이즈넛,096250
00415594,동국S&C,100130
00362238,휴비스,079980
00441447,케이씨티,089150
00495086,픽셀플러스,087600
01003040,케이사인,192250
01807738,하나32호스팩,475240
01283974,삐아,451250
00102432,계룡건설산업,013580
00230036,드래곤플라이,030350
00360036,백금T&A,046310
00567897,에스비비테크,389500
00610490,비디아이,148140
00125150,SGC에너지,005090
00371485,켐트로닉스,089010
01353848,이노벡스,279060
01013694,인카금융서비스,211050
01159853,휴온스,243070
01234507,매일유업,267980
01310773,엔시스,333620
01407158,모코엠시스,333050
00386937,국민은행,060000
01179866,에스지헬스케어,398120
00453929,메디포스트,078160
00765462,씨에스베어링,297090
00670340,씨에스윈드,112610
01624162,삼성기업인수목적6호,425290
00239639,삼표시멘트,038500
00372873,KTis,058860
00532059,그린생명과학,114450
00580199,메디톡스,086900
00877059,삼성바이오로직스,207940
00926522,테고사이언스,191420
01319899,SK바이오사이언스,302440
00102618,계양전기,012200
00297095,나라엠앤디,051490
00141246,SGC E&C,016250
00753643,주성코퍼레이션,109070
00441128,아리온테크놀로지,058220
01672053,케이비제22호기업인수목적,436530
00104537,국영지앤엠,006050
00105855,엘에스일렉트릭,010120
00143907,원일특강,012620
00185046,SM C&C,048550
00918222,엘앤케이바이오,156100
00825959,하이비젼시스템,126700
00144650,유신,054930
00299464,초록뱀미디어,047820
00602136,디와이피엔에프,104460
01116265,카티스,140430
00120571,롯데칠성음료,005300
00220969,오공,045060
00236863,희림,037440
00313649,현대바이오,048410
00331016,에프앤가이드,064850
00231363,LG유플러스,032640
00487546,웰크론한텍,076080
00303873,CJ CGV,079160
00617314,타이거일렉,219130
01766167,케이비제26호기업인수목적,458320
00450931,우양에이치씨,101970
00291231,우전,052270
00161383,한미반도체,042700
00172680,동국산업,005160
00829380,피제이메탈,128660
00104388,국도화학,007690
00550082,캔버스엔,210120
00288343,삼영이엔씨,065570
00111999,대원제약,003220
00870481,에코캡,128540
01047169,지란지교시큐리티,208350
01078178,RFHIC,218410
01095722,심텍,222800
01288410,셀바이오휴먼텍,318160
01538528,에이에스텍,453860
01770203,조선내화,462520
00481454,금호타이어,073240
01138595,뱅크웨어글로벌,199480
00132202,선진뷰티사이언스,086710
01139035,티에스아이,277880
01544468,이엔셀,456070
00367400,모티브링크,463480
00113410,CJ대한통운,000120
00216762,한양이엔지,045100
00131850,SK증권,001510
00536523,로보스타,090360
00660750,하나머티리얼즈,166090
01208751,아이에스티이,212710
00159005,생고뱅코리아홀딩스,002000
01866926,KB제31호스팩,492220
01695498,이브이파킹서비스,419700
00534701,세아메카닉스,396300
00124540,대우건설,047040
01663055,한화플러스제3호기업인수목적,430460
00412597,현대홈쇼핑,057050
01857991,디비금융제13호스팩,489730
00861720,이즈미디어,181340
01316245,효성중공업,298040
01370863,그린리소스,402490
01574760,신한제8호기업인수목적,393360
00528791,제일엠앤에스,412540
00629212,딜리,131180
00111810,대웅,003090
01259056,애닉,299910
00259545,엠에스오토텍,123040
01208821,팡스카이,266350
00159209,한전기술,052690
00868705,윈스테크넷,136540
00821607,알톤,123750
00155124,평화홀딩스,010770
00258801,카카오,035720
00297989,오르비텍,046120
00357360,한세엠케이,069640
00338170,이닉스,452400
00390055,종근당바이오,063160
00427483,대웅제약,069620
00397191,팬엔터테인먼트,068050
00445054,하나마이크론,067310
00155638,피에스텍,002230
01276901,엔피,291230
01302853,아이씨에이치,368600
01804476,유안타제16호스팩,474490
00155319,POSCO홀딩스,005490
00157681,롯데정밀화학,004000
00939687,동일고무벨트,163560
00540641,동양고속,084670
00684802,에이플러스에셋,244920
00872984,이마트,139480
01385050,넥스트바이오메디컬,389650
01588189,씨메스,475400
01090471,씨아이에스,222080
00663669,폴라리스우노,114630
00385336,홈캐스트,064240
00217947,신세계건설,034300
00672603,케이엔알시스템,199430
00113191,코리안리,003690
00103644,비츠로테크,042370
00126487,F&F 홀딩스,007700
00141389,KZ정밀,036560
00219486,신세계I&C,035510
01568413,F&F,383220
01880801,KB발해인프라,415640
00207375,대한뉴팜,054670
01765256,동국씨엠,460850
01519790,엠앤씨솔루션,484870
00623184,오늘이엔엠,192410
01516766,아이비젼웍스,469750
00527011,엘비루셈,376190
00132725,SB성보,003080
00878517,에스케이씨에스,224020
01276026,지놈앤컴퍼니,314130
01358463,현대무벡스,319400
01368354,네패스아크,330860
01270749,웨이비스,289930
00132211,SUN&L,002820
01011526,엔켐,348370
00164308,이마트에브리데이,010090
00152385,에이프로젠,007460
01085026,유진테크놀로지,240600
01186404,디앤씨미디어,263720
00310156,셀루메드,049180
00929228,엔에스컴퍼니,224760
01747977,엘케이켐,489500
01671601,카이바이오텍,446600
00166175,대호특수강,021040
01082348,오스테오닉,226400
00138321,신한투자증권,008670
00877174,엠브레인,169330
00119007,무림P&P,009580
00121507,무림SP,001810
01373709,아이씨티케이,456010
00156956,한국기업평가,034950
00304401,텔라움,047730
00348788,디이시스,053200
00136086,무림페이퍼,009200
00317681,메타바이오메드,059210
00326731,바이오니아,064550
00349060,한스바이오메드,042520
00447007,알리코제약,260660
00608440,티앤엘,340570
00767628,나이벡,138610
00971726,옵티팜,153710
01063954,수젠텍,253840
01118281,피플바이오,304840
00226547,오상자이엘,053980
01161432,레이저옵텍,199550
01784394,STX그린로지스,465770
00108038,엔피씨,004250
00228059,휴온스글로벌,084110
00242934,케이엠,083550
00117212,두산,000150
01152470,펄어비스,263750
00303703,CS,065770
01569838,유진기업인수목적7호,388800
01700587,이노스페이스,462350
00247975,솔브레인홀딩스,036830
01663639,유안타제9호기업인수목적,430700
01275489,셀비온,308430
00962393,포인트모바일,318020
00764807,골프존클라우드,183410
00158909,하나은행,004940
00763358,스마트솔루션즈,136510
01801822,SK증권제13호스팩,473950
00109754,대림바스,005750
00521390,뉴파워프라즈마,144960
00878915,iM금융지주,139130
00263654,오스코텍,039200
00983916,HLB제넥스,187420
01877126,키움제10호스팩,487720
00256955,테이팩스,055490
00128412,삼진제약,005500
00164973,현대해상,001450
00606770,참좋은여행,094850
01592049,엔젤로보틱스,455900
00536541,에코프로,086520
00492353,파이오링크,170790
00374738,위세아이텍,065370
01817249,미래에셋비전스팩5호,477470
01250374,에스에스알,275630
00353230,프리젠,060910
01182550,EDGC,245620
00193328,수산인더스트리,126720
01051472,젠큐릭스,229000
00688996,KB금융,105560
00296078,APS,054620
00871833,에스티팜,237690
01686427,에스오에스랩,464080
00554352,아이큐어,175250
00110750,플루토스,019570
01412938,베른,322190
00151128,모토닉,009680
01586172,하이제7호기업인수목적,400840
01834194,엔에이치스팩31호,481890
01675014,대신밸런스제13호기업인수목적,438220
01845534,대신밸런스제19호스팩,482690
01445440,위츠,459100
01498576,유디엠텍,389680
00155355,풀무원,017810
00300405,오리엔트정공,065500
00150439,진양산업,003780
00112998,서울보증보험,031210
00277736,한일네트웍스,046110
00661847,화인베스틸,133820
01105153,두산로보틱스,454910
00960641,한국투자패러랠유전해외자원개발특별자산투자회사1호(지분증권),168490
00447575,제이앤티씨,204270
00480783,상신이디피,091580
01590528,아스테라시스,450950
00526599,덴티움,145720
01612608,신영해피투모로우제7호기업인수목적,419270
01678312,아이빔테크놀로지,460470
01873272,키움제11호스팩,489480
01374717,미트박스,475460
01872219,유안타제17호스팩,493790
00186799,태웅,044490
00965813,미투온,201490
01168143,케이만금세기차륜집단유한공사,900280
00486705,아주스틸,139990
01619513,엔에이치기업인수목적23호,422040
00321204,지에이이노더스,076340
00527002,화인써키트,127980
01492217,엑셀세라퓨틱스,373110
00173698,신일전자,002700
01020524,자이글,234920
00161408,케이비캐피탈,021960
00112004,알바이오,003190
00114792,동국홀딩스,001230
00109268,대동스틸,048470
00135999,신라섬유,001000
00536329,노블엠앤비,106520
01458161,티엑스알로보틱스,484810
00126186,삼성에스디에스,018260
00107987,남해화학,025860
00863533,삼양엔씨켐,482630
00223762,KT지니뮤직,043610
01526806,삼기에너지솔루션즈,419050
01688896,삼성FN리츠,448730
01854392,유진스팩11호,488060
00958327,지앤비에스 에코,382800
01110076,비유테크놀러지,230980
00156442,한국가구,004590
00206686,케이피엠테크,042040
00216647,원익홀딩스,030530
00222435,제이엠아이,033050
00267854,메디앙스,014100
00346407,크레오에스지,040350
01728167,아이지넷,462980
01881800,한화플러스제5호스팩,498390
00657002,에이디테크놀로지,200710
00112332,미래에셋생명,085620
00141671,오리콤,010470
00149354,종근당홀딩스,001630
00158024,KBI메탈,024840
00152862,코오롱,002020
00357740,NHN KCP,060250
00384762,파커스,065690
00466428,아미노로직스,074430
00129509,한익스프레스,014130
01372782,엑스게이트,356680
01453944,벡트,457600
00223513,제이씨현시스템,033320
00121534,MH에탄올,023150
00366845,탑엔지니어링,065130
00126292,삼성카드,029780
00137252,사조동아원,008040
01796858,신영스팩10호,472220
00140177,GS리테일,007070
01813377,에이치엠씨제7호스팩,477340
00150633,지누스,013890
00556907,에이스테크,088800
00665676,아시아경제,127710
00666204,제너셈,217190
00799539,제노레이,122310
01105621,엔투텍,227950
01112889,피엔에이치테크,239890
00355089,토탈소프트,045340
00958664,신스틸,162300
00140168,HS애드,035000
01262458,동아타이어공업,282690
00199076,동일기연,032960
01258428,프레스티지바이오로직스,334970
01423916,온코크로스,382150
01444380,에이텀,355690
01472930,오브젠,417860
01579570,시큐레터,418250
01093007,LS에코에너지,229640
01203808,AP시스템,265520
01616482,신한제10호기업인수목적,418210
00765897,한국피아이엠,448900
00301112,삼화네트웍스,046390
01408999,웨이버스,336060
01023211,와이제이링크,209640
00155258,포스코스틸리온,058430
00155276,포스코퓨처엠,003670
00204208,마니커,027740
00377610,세아홀딩스,058650
01032413,해성디에스,195870
01316254,HS효성첨단소재,298050
00927558,유바이오로직스,206650
01436628,이지스레지던스리츠,350520
00414540,대주이엔티,114920
00574611,SDN,099220
00613318,와이지엔터테인먼트,122870
00870065,쓰리에이로직스,177900
00127699,유네코,064510
00638539,앤에스,126870
01363924,한국미라클피플사,331660
01563922,엠오티,413390
00474588,한중엔시에스,107640
01819867,미래에셋비전스팩6호,478440
00423609,LG생명과학,068870
00113234,대한제당,001790
00140566,한탑,002680
00121941,대상,001680
00192499,팜스토리,027710
00241209,모아텍,033200
00242378,이지홀딩스,035810
00370006,iMBC,052220
00142661,우성,006980
01226270,스톰테크,352090
00156691,한국공항,005430
00158149,한국쉘석유,002960
00303794,쇼박스,086980
00875307,야스,255440
00127158,씨아이테크,004920
00220622,서호전기,065710
00446831,세실,084450
01714997,신한글로벌액티브리츠,481850
00681373,디지캡,197140
01353024,TS트릴리온,317240
01137860,위너스,479960
00445841,MDS테크,086960
00446479,신비앤텍,070480
00370255,테크엘,064520
00298447,아모텍,052710
00863038,캐리,313760
01366000,태성,323280
00291152,디비엘,041500
01492688,드림인사이트,362990
01841635,미래에셋비전스팩7호,482680
01153105,비비씨,318410
00816933,진영,285800
00149345,조흥,002600
00449254,쎄트렉아이,099320
00545734,아미코젠,092040
00560849,에스앤디,260970
00428321,해태제과식품,101530
00397252,조이시티,067000
00435969,인피니트헬스케어,071200
01604371,상상인제3호기업인수목적,415580
00108913,대교,019680
00254045,우리은행,000030
00929778,배터리솔루션즈,199870
01117918,셀젠텍,258250
01168684,스튜디오드래곤,253450
00576798,디아이티,110990
00592653,유비벨록스,089850
00116824,동아쏘시오홀딩스,000640
00104102,우리종합금융,010050
00956930,동아에스티,170900
01601222,씨피시스템,413630
00301015,한서제약,044070
00301626,플래닛팔이,057330
00299844,미래반도체,254490
00650771,하이젠알앤엠,160190
00579139,한국맥널티,222980
00855093,선진,136490
00986898,팜스빌,318010
01167056,샘표식품,248170
01205329,크라운제과,264900
01238169,오리온,271560
01613281,하나금융22호기업인수목적,418170
01632912,온코닉테라퓨틱스,476060
00101488,경동나비엔,009450
00108001,남화토건,091590
00107066,남광토건,001260
00158565,한국알콜,017890
00118026,동원산업,006040
00184667,유진기업,023410
00200910,아이즈비전,031310
00125521,에스엘,005850
00131832,SK디스커버리,006120
00329093,코데즈컴바인,047770
00528515,한라IMS,092460
00145190,유화증권,003460
01851650,KB제30호스팩,486630
00910202,대동고려삼,178600
00317089,한국애보트진단,066930
00442154,제이엔케이글로벌,126880
01085187,씨알푸드,236030
01453670,휴럼,353190
01491607,오에스피,368970
00101549,경동제약,011040
00103015,고려제약,014570
00113128,대한약품,023910
00114686,동구바이오제약,006620
00114808,동국제약,086450
00455981,에스엔유프리시젼,080000
00540863,GST,083450
00156488,휴스틸,005010
00614478,휴메딕스,200670
00656289,코스맥스엔비티,222040
00991298,씨이랩,189330
00163761,한창제지,009460
00164645,HMM,011200
00106614,기신정기,092440
00557933,진도,088790
01663569,하스,450330
01018617,메디쎄이,200580
01110182,SCL사이언스,246960
00122551,백산,035150
00140946,한솔로지스틱스,009180
00139205,안국약품,001540
00534598,한컴라이프케어,372910
00329084,비엔디,047940
00334493,씨티앤티,050470
00334615,콜마파마,038710
00349787,지케이파워,054020
00577016,수산아이앤티,050960
00123718,부광약품,003000
00126414,삼성제약,001360
00126788,삼아제약,009300
00129679,녹십자,006280
00136448,신신제약,002800
00137058,신일제약,012790
00141149,영진약품,003520
00144818,유유제약,000220
00158963,유나이티드,033270
00161046,한독,002390
00167192,넥센,005720
01098792,본느,226340
01181807,형지글로벌,308100
01211232,코윈테크,282880
00854997,에스디바이오센서,137310
00157399,한솔테크닉스,004710
00549925,루트로닉,085370
00356158,영진코퍼레이션,053330
01605282,닷밀,464580
00164706,현대약품,004310
00166573,환인제약,016580
00210740,대화제약,067080
00216027,바이넥스,053030
00231831,조아제약,034940
00256043,비씨월드제약,200780
00533809,바스칸바이오제약,354390
00541349,셀트리온제약,068760
00765851,위더스제약,330350
00359395,헬릭스미스,084990
01601286,미래에셋비전기업인수목적1호,412930
00937324,한국타이어앤테크놀로지,161390
01245062,코오롱티슈진,950160
01108099,현대코퍼레이션홀딩스,227840
00537221,인바이츠바이오코아,216400
01290381,피엔케이피부임상연구센타,347740
00446901,코칩,126730
01798722,SK증권제12호스팩,473000
00992871,종근당,185750
01012066,HK이노엔,195940
00148832,제주은행,006220
00109310,대동기어,008830
00128111,포스코엠텍,009520
00130763,서울반도체,046890
00219574,코스맥스비티아이,044820
00153375,태광,023160
00156910,SBI인베스트먼트,019550
00589127,KEC,092220
01009789,코스맥스,192820
01412725,두산퓨얼셀,336260
00488402,서울바이오시스,092190
00245898,에스에이치엔엘,050320
00668965,지오엘리먼트,311320
01573974,엔에이치기업인수목적20호,391060
01722437,한화갤러리아,452260
00936787,애경케미칼,161000
00249894,테라젠이텍스,066700
01165155,모비스,250060
00113261,대한광통신,010170
00184889,이건홀딩스,039020
00899556,제룡산업,147830
01719105,신한제11호스팩,452980
01807747,신한제13호스팩,474930
01809569,신한제12호스팩,474660
00188122,남산물산,036280
00109453,케이조선,067250
00111218,KD,044180
00117966,동원개발,013120
00122481,태경비케이,014580
01274329,성일하이텍,365340
00162072,한신기계공업,011700
01689266,케이쓰리아이,431190
00121154,엠에스씨,009780
00141307,영풍,000670
00158219,시그네틱스,033170
00205003,좋은사람들,033340
00157991,한국석유공업,004090
00259590,바른손이앤에이,035620
00262266,삼현,437730
00267906,베뉴지,019010
00203315,콘텐트리중앙,036420
01008762,데브시스터즈,194480
00175173,오스템,031510
00253985,국보디자인,066620
00126779,삼아알미늄,006110
00138516,아남전자,008700
00191472,KPX케미칼,025000
00788773,씨젠,096530
01582228,교보11호기업인수목적,397880
01553129,제이투케이바이오,420570
00367376,사이노젠,064060
00104856,삼성증권,016360
00105961,LG이노텍,011070
00126256,삼성생명,032830
00415707,엔텔스,069410
00126478,삼성중공업,010140
00136378,신세계,004170
00137997,현대차증권,001500
00166519,화천기공,000850
01663116,에어레인,163280
00400121,유아이디,069330
00166333,화신테크,086250
00819374,나무가,190510
01109070,비피도,238200
01593242,하나금융21호기업인수목적,406760
00148470,제일일렉트릭,199820
01436558,신한서부티엔디리츠,404990
00103006,고려제강,002240
00105466,KCC건설,021320
00109037,대성창투,027830
00113614,대현,016090
00525934,LX세미콘,108320
00124106,부산은행,005280
00146861,자화전자,033240
00317104,라이온켐텍,171120
00346610,시지메드텍,056090
00372226,티에스이,131290
00361488,텔코웨어,078000
00852087,시디즈,134790
01210677,씨케이솔루션,480370
00494476,이녹스,088390
00535481,에스와이,109610
00540447,유니테스트,086390
01493793,코셈,360350
01448544,셀로맥스사이언스,471820
00355548,한국테크놀로지,053590
01114559,씨엔티드림,286000
00117188,효성,004800
00117601,유안타증권,003470
00169215,에너토크,019990
00187725,코콤,015710
00131939,선도전기,007610
00159573,한국주철관공업,000970
00246620,케이엘넷,039420
00477257,지나인제약,078650
00273615,비케이탑스,030790
01128622,이스트에이드,239340
00129642,상신브레이크,041650
00137368,신풍,002870
00547510,툴젠,199800
00573269,에스코넥,096630
00657987,KX,122450
00675594,디티앤씨,187220
01217795,엠에프씨,432980
01237540,이녹스첨단소재,272290
01390399,솔트웨어,328380
00367604,SM Life Design,063440
00125743,현대비앤지스틸,004560
00656951,현대이지웰,090850
00130684,서울도시가스,017390
00155212,포스코DX,022100
01027828,퓨릿,445180
00250137,와이어블,065530
00261957,한국정보공학,039740
00269889,누리플렉스,040160
00408336,인산가,062580
01025644,강스템바이오텍,217730
01011395,레몬,294140
00475985,시너지이노베이션,048870
00138598,아비코전자,036010
00876643,캐프,198080
01724338,하나28호기업인수목적,454750
01882845,GS피앤엘,499790
01466832,라피치,403360
01579020,아이엠지티,456570
00154426,아이에이치큐,003560
00676122,지디,155960
01071944,미래생명자원,218150
00164672,한일현대시멘트,006390
01782004,뉴로핏,380550
01263022,BGF리테일,282330
00219097,BGF,027410
01335143,로킷헬스케어,376900
01179617,한국비엔씨,256840
00161426,한미사이언스,008930
01042429,넥써쓰,205500
00814582,탑런토탈솔루션,336680
01760738,OCI,456040
00362292,씨티씨바이오,060590
00126089,DH오토넥스,000300
01602638,한싹,430690
01011562,우성아이비,194610
00942131,앤디포스,238090
00410739,푸른소나무,057880
00148461,제일연마,001560
00151447,천지산업,001490
00385363,빅텍,065450
00119195,동화약품,000020
00265421,인지디스플레,037330
00914341,아이티켐,309710
00106623,현대위아,011210
00172228,엔케이,085310
00291860,조광아이엘아이,044060
00416414,넥스턴앤롤코리아,089140
00659161,싸이맥스,160980
01692321,미래에셋비전기업인수목적2호,446190
01428948,오아,342870
01682740,아이비케이에스제21호기업인수목적,442770
01466373,알트,459550
00976615,틸론,217880
00204642,티비씨,033830
00288495,HC홈센타,060560
00568461,HC보광산업,225530
00938688,SBI핀테크솔루션즈,950110
00203847,국일신동,060480
00104810,소노스퀘어,007720
00125974,삼부토건,001470
00201432,비츠로시스,054220
00375931,인선이엔티,060150
00885906,에이치와이티씨,148930
01397903,엔젠바이오,354200
00103662,광명전기,017040
00519252,THE E&M,089230
01405585,윙스풋,335870
00145914,인터엠,017250
01010615,세나테크놀로지,061090
00208134,KNN,058400
01099667,에스디생명공학,217480
00667425,에이팩트,200470
00121969,에쓰씨엔지니어링,023960
00977650,엔케이젠바이오텍코리아,182400
00113535,대한해운,005880
00440712,리튬포어스,073570
00103635,광림,014200
00243979,수성웹툰,084180
01700921,삼성기업인수목적8호,448740
00128980,삼호개발,010960
00159616,두산에너빌리티,034020
00164742,현대자동차,005380
00842619,리가켐바이오,141080
00121543,무학,033920
00180865,디에이치엑스컴퍼니,031860
01310269,IPARK현대산업개발,294870
00524421,테스,095610
00543204,스테이지원엔터,078860
00677334,아하,102950
00966168,디알젬,263690
00683061,한라캐스트,125490
01724709,케이비제25호기업인수목적,455250
01584934,핑거스토리,417180
01259418,대보마그네틱,290670
00486875,우양,103840
00356370,LG생활건강,051900
00220109,알파AI,043100
00367695,에이전트AI,060900
01571107,오픈엣지테크놀로지,394280
00560982,바이오솔루션,086820
00151605,THE CUBE&,013720
01267967,마이크로디지탈,305090
01696451,대신밸런스제14호기업인수목적,442310
01677678,교보13호기업인수목적,440790
01867758,한화비전,489790
00693554,티케이케미칼,104480
00422895,세이브존I&C,067830
00571483,오이솔루션,138080
01512575,코어라인소프트,384470
01506617,쓰리빌리언,394800
00874937,탑선,180060
00527491,하이드로리튬,101670
00132868,성안머티리얼스,011300
00356839,메디콕스,054180
00100939,강남제비스코,000860
00135777,신대양제지,016590
00136721,신영증권,001720
00229021,인성정보,033230
00146296,일신석재,007110
00562360,에코볼트,097780
01219155,네오크레마,311390
01326279,아이엘,307180
00182696,대한조선,439260
01534577,청담글로벌,362320
00114154,디와이덕양,024900
00336817,HLB제약,047920
00522007,크리스에프앤씨,110790
00108649,TPC로보틱스,048770
00287812,에코심플렉스,038870
00526951,신화프리텍,095190
01157846,바이오포트,188040
00149770,중앙에너비스,000440
00516246,알에프세미,096610
00116806,하스코,012760
00442631,태양기계,116100
00197759,미래산업,025560
00962922,팬젠,222110
00146232,일성건설,013360
00153524,태림포장,011280
00362441,현대오토에버,307950
00111704,한화오션,042660
01549472,대진첨단소재,393970
00169048,HLB글로벌,003580
00296290,키움증권,039490
01117246,EMB,278990
00426068,엑시온그룹,069920
00164618,현대사료,016790
00791209,메타케어,118000
00627029,DGI,099520
01084294,오토앤,353590
00521433,엔지브이아이,093510
00580065,월덱스,101160
00442905,대성파인텍,104040
00231044,우리기술,032820
00113544,대한화섬,003830
00163673,한진중공업홀딩스,003480
00624998,제닉,123330
00123772,부국증권,001270
00128607,삼천리자전거,024950
00206039,경남스틸,039240
00163716,한창,005110
01244601,카카오페이,377300
01136977,마녀공장,439090
01412822,솔루스첨단소재,336370
00232821,에이치엠넥스,036170
00110431,JW신약,067290
00608316,대한과학,131220
00162081,한국투자파트너스,019560
00632845,노랑풍선,104620
00352499,링네트,042500
01513440,파이버프로,368770
00977641,하이로닉,149980
01063556,질경이,233990
00127200,삼영전자공업,005680
00578325,럭스피아,092590
01166109,예선테크,250930
00124799,사조산업,007160
00176835,농우바이오,054050
00260657,오상헬스케어,036220
00264714,SG&G,040610
00666329,코나솔,176590
00361008,한화엔진,082740
01217865,프롬바이오,377220
00109019,아이엠뱅크,005270
00201450,에스케이렌터카,068400
01689035,민테크,452200
00177320,대성미생물,036480
00384887,에이테크솔루션,071670
00549891,케어젠,214370
00495554,와이앤넥스트,090740
00407294,유라클,088340
00152589,코리아나,027050
00793155,핸디소프트,220180
00145738,이화전기공업,024810
00405506,삼영에스앤씨,361670
01206717,마이크로엔엑스,448780
01133217,카카오뱅크,323410
00579980,아이티엠반도체,084850
00497631,티플랙스,081150
00874803,AP위성,211270
00875237,씨앤투스,352700
01311055,쿠콘,294570
01327746,보로노이,310210
01806951,폰드그룹,472850
01325979,세아제강,306200
00110893,대신증권,003540
00115676,KG스틸,016380
00225742,LS마린솔루션,060370
00120030,GS건설,006360
00245694,남화산업,111710
00128555,삼천리,004690
00255275,HB테크놀러지,078150
00134510,SJG세종,033530
00166315,화신,010690
00330424,LS증권,078020
00415327,중앙백신,072020
00191588,삼원강재,023000
00453442,해성에어로보틱스,059270
00222532,LG헬로비전,037560
00524786,비엠티,086670
00300548,현대리바트,079430
00406046,HD현대마린엔진,071970
00530185,이엔에프테크놀로지,102710
00366438,산일전기,062040
00244561,그래디언트,035080
01015160,PS일렉트로닉스,332570
01109122,에스엘테라퓨틱스,258540
00113492,깨끗한나라,004540
01292291,파두,440110
00235147,에이팸,073070
00377018,기가레인,049080
01671285,쿼드메디슨,464490
01455410,파인메딕스,387570
01016309,한켐,457370
01214248,뉴트리,270870
01818682,한국제15호스팩,479880
01101722,시스네오텍,226440
01246742,테크트랜스,258050
00359261,빛샘전자,072950
01110474,에스씨엠생명과학,298060
00178790,동양이엔피,079960
00297448,플래스크,041590
00410915,서울옥션,063170
00155692,우리엔터프라이즈,037400
00308896,셀피글로벌,068940
00643656,위메이드맥스,101730
00631518,SK이노베이션,096770
01012987,아모센스,357580
00635134,CJ제일제당,097950
01113754,티이엠씨씨엔에스,241790
00759513,LX하우시스,108670
01144569,피엔티엠에스,257370
01194689,HD현대마린솔루션,443060
01409022,페니트리움바이오,187660
01208885,경동도시가스,267290
01267170,SK케미칼,285130
01480780,NH올원리츠,400760
01605529,버넥트,438700
00255044,현대에이치티,039010
00869272,서전기전,189860
00219361,해성산업,034810
01293485,제닉스로보틱스,381620
00217743,화성밸브,039610
01189438,HLB바이오스텝,278650
00454946,그린케미칼,083420
00123143,보령,003850
00144252,유니온,000910
00156600,한주라이트메탈,198940
00160843,DB하이텍,000990
00626464,지엔씨에너지,119850
00687711,한국철강,104700
01725577,에스케이증권제9호기업인수목적,455910
01551042,애드포러스,397810
01214743,더네이쳐홀딩스,298540
00624518,다산솔루에타,154040
00911955,잇츠한불,226320
00160302,코스모화학,005420
00137915,에스엠코어,007820
01594791,나우로보틱스,459510
00158015,한국선재,025550
00117726,DYP,092780
00815095,우리이앤엘,153490
01146822,아이퀘스트,262840
01762569,이수스페셜티케미컬,457190
00122472,PKC,001340
00606886,엔지켐생명과학,183490
00989327,엘피케이로보틱스,183350
00154329,TP,007980
01585155,오픈놀,440320
00164478,현대건설,000720
00401731,LG전자,066570
00189538,피델릭스,032580
01060744,한솔제지,213500
00265041,삼양케이씨아이,036670
00463342,폴라리스AI파마,041910
01060814,삼양패키징,272550
01311408,에코프로머티,450080
01316227,효성티앤씨,298020
01506848,비스토스,419540
01063884,솔디펜스,215090
00353018,헬스커넥트,058530
00371740,디티씨,066670
01153293,제이엘케이,322510
01712485,코오롱모빌리티그룹,450140
00561866,락앤락,115390
00659684,장원테크,174880
00923826,일월지엠엘,178780
00134176,세우글로벌,013000
00113225,대한제강,084010
00814786,티엔엔터테인먼트,131100
00545929,제넥신,095700
00339391,한화시스템,272210
01075126,사토시홀딩스,223310
00838500,엘브이엠씨,900140
01109937,티앤알바이오팹,246710
00163345,DB,012030
00411048,에스앤에스텍,101490
00148276,제일기획,030000
00365989,모나용평,070960
00319272,성우,458650
01336762,스피어,347700
01671197,에스케이증권제8호기업인수목적,435870
01731453,디비금융제11호기업인수목적,456440
00128315,삼지전자,037460
00146560,일지테크,019540
00105101,INVENI,015360
00101752,케이씨피드,025880
00309503,한국항공우주,047810
00161462,에이티넘인베스트,021080
00245472,티씨케이,064760
00454937,덕신이피씨,090410
00363769,NICE인프라,063570
01380578,도우인시스,484120
01182240,배럴,267790
00162461,한화솔루션,009830
00656021,BF랩스,139050
00763701,헥토파이낸셜,234340
00110060,대백저축은행,026970
01649204,달바글로벌,483650
00137289,이엘씨,041520
01140837,이지트로닉스,377330
01516890,E8,418620
00520887,비상교육,100220
00548519,큐러블,086460
00302582,캐스텍코리아,071850
00111421,휴니드테크놀러지스,005870
01784677,키움히어로제1호스팩,466690
00158501,에스원,012750
01859500,아이엠바이오로직스,493280
00159786,유니드,014830
00508274,일진다이아,081000
00544452,이리츠코크렙,088260
00683469,일진전기,103590
00972503,일진하이솔루스,271940
01234297,미원에스씨,268280
01689336,비엔케이제1호기업인수목적,445360
01708163,엔알비,475230
00200275,YTN,040300
00381756,티씨머티리얼즈,125020
01688568,프로티나,468530
01454341,플래티어,367000
00136101,메이슨캐피탈,021880
01335453,조이웍스앤코,309930
01049167,롤링스톤,214610
00413046,셀트리온,068270
00228536,현대에버다임,041440
01211889,이지스,261520
01267550,나라소프트,288490
00480756,이트론,096040
00144720,와이투솔루션,011690
00203290,콜마홀딩스,024720
00816696,큐엠씨,136660
00297934,피씨디렉트,051380
00161709,퍼시스,016800
00304076,케이엔솔,053080
00165583,E1,017940
00309831,알에프텍,061040
00363927,NE능률,053290
00210856,코아스,071950
00399694,SOOP,067160
00225159,SNT홀딩스,036530
00407814,CG인바이츠,083790
00404701,한국자산신탁,123890
00486370,성창오토텍,080470
00633835,HJ중공업,097230
00523936,HB솔루션,297890
00706715,미원홀딩스,107590
00104519,국보,001140
01872893,에이엠시지,495900
01335790,바이젠셀,308080
01622331,벨로크,424760
00157104,대동전자,008110
00552859,HLB테라퓨틱스,115450
01188730,SK시그넷,260870
00811372,노바렉스,194700
00862853,플레이디,237820
00919966,신라젠,215600
00970453,파마리서치,214450
01038693,드림시큐리티,203650
01067516,골프존,215000
01175499,위니아에이드,377460
01257872,에스퓨얼셀,288620
01276327,위지윅스튜디오,299900
01326792,비투엔,307870
00106456,지앤엘,014590
00945208,더미동,161570
01185566,휴엠앤씨,263920
00788737,이퓨쳐,134060
01584183,퀄리타스반도체,432720
00803425,코리아에프티,123410
00180263,리더스코스메틱,016100
00340917,동원F&B,049770
00653194,앱토크롬,109960
00888347,휴젤,145020
00136165,스페코,013810
01436479,토마토시스템,393210
01508855,블리츠웨이엔터테인먼트,369370
01511558,네오이뮨텍,950220
01555215,스마트레이더시스템,424960
01575839,플라즈맵,405000
00141626,오리엔트바이오,002630
00158307,롯데하이마트,071840
00113207,대한전선,001440
00896753,에코글로우,159910
01201970,셀레스트라,352770
01316236,효성화학,298000
00580667,S&K폴리텍,091340
00995993,DXVX,180400
00318662,CNT85,056730
00147772,정원엔시스,045510
01706794,아이언디바이스,464500
00146454,일양약품,007570
00141282,아이파크영창,001890
01265251,압타머사이언스,291650
00360142,아이마켓코리아,122900
01670675,유안타제10호기업인수목적,435380
01341630,이노룰스,296640
00605124,알파칩스,117670
00144012,원풍,008370
01138364,더핑크퐁컴퍼니,403850
00130772,SBS,034120
00110307,대선조선,031990
01573284,코닉오토메이션,391710
00392691,포니링크,064800
01026157,쏘카,403550
01700374,하나27호기업인수목적,448370
01786958,큐리오시스,494120
01203659,이뮨온시아,424870
01336373,메드팩토,235980
01705625,하이제8호기업인수목적,450050
00117230,TYM,002900
00147152,유니크,011320
00153393,태광산업,003240
00336297,고려신용정보,049720
00366942,미코,059090
00156150,엑시큐어하이트론,019490
00369569,비케이홀딩스,050090
00173795,신흥,004080
00349097,케이티스카이라이프,053210
00542898,케이이엠텍,106080
00762377,씨앗,103660
01251595,압타바이오,293780
01507722,켈스,402420
00609315,멜파스,096640
00681249,씨유메디칼,115480
00620868,아이티센글로벌,124500
00122728,범양사,002480
00506294,가비아,079940
00923792,내츄럴엔도텍,168330
01429840,아이티아이즈,372800
00164362,행남사,008800
00493325,에이엘티,172670
00267942,큐캐피탈,016600
00535746,컴투스홀딩스,063080
00261054,EG,037370
00109806,삼일씨엔에스,004440
00145686,이화산업,000760
00400857,에이블씨엔씨,078520
00151863,청호ICT,012600
00127802,삼익THK,004380
00149947,JW중외제약,001060
01562589,LX홀딩스,383800
01194607,비츠로넥스텍,488900
01041828,JTC,950170
00107224,남선알미늄,008350
00117629,KBI동양철관,008970
00174527,HS화성,002460
00307037,더스텔라,065310
01696275,하나26호기업인수목적,446750
00860730,에이리츠,140910
00160010,한국큐빅,021650
01221752,지에프씨생명과학,388610
01504211,라메디텍,462510
00991225,더콘텐츠온,302920
00407036,선바이오,067370
01315042,시선AI,340810
00541437,코렌텍,104540
00585608,커넥트웨이브,119860
00162063,한신공영,004960
00115694,DB증권,016610
00138242,KG모빌리티,003620
01299106,우듬지팜,403490
01513699,포바이포,389140
01593668,센서뷰,321370
00244455,케이티앤지,033780
01028164,광주은행,192530
00867849,오파스넷,173130
00146214,일성아이에스,003120
00255619,강원랜드,035250
00525679,차바이오텍,085660
01203312,케이뱅크,279570
01053540,퓨쳐켐,220100
01706819,유안타제14호기업인수목적,450940
01229240,가이아코퍼레이션,296520
00356802,큐렉소,060280
01035678,링크드,193250
01049422,썸에이지,208640
00107598,남양유업,003920
01236532,와이즈버즈,273060
00302078,엠피씨플러스,050540
00298270,안랩,053800
00105873,LG디스플레이,034220
00117267,동양생명,082640
00367482,빛과전자,069540
00876865,네오오토,212560
01702017,유니드비티플러스,446070
00141404,블루산업개발,006740
00164876,케이비증권,003450
00479705,케스피온,079190
01724417,하나29호기업인수목적,454640
01042650,큐리언트,115180
00523176,광동헬스바이오,086220
00124027,부산산업,011390
00126362,삼성SDI,006400
00787376,대성에너지,117580
01573336,토모큐브,475960
01875146,신한제16호스팩,496070
01089350,켐트로스,220260
01359815,한울반도체,320000
00815369,에스제이엠,123700
00136642,에스유앤피,019590
01020843,원익피앤이,217820
01669794,아이엘로보틱스,403810
00126308,삼성E&A,028050
00556712,힘스,238490
01409095,비트맥스,377030
01514698,엑스플러스,373200
00300557,위니아,071460
00408956,제넨바이오,072520
00925374,윤성에프앤씨,372170
01109955,링크제니시스,219420
00160861,한농화성,011500
00660033,씨엔플러스,115530
00787057,휴맥스,115160
00219440,휴맥스홀딩스,028080
01675421,아이비케이에스제20호기업인수목적,439730
01675227,삼성기업인수목적7호,439250
01335930,티움바이오,321550
00141529,오뚜기,007310
00397289,오텍,067170
00151368,인터지스,129260
01817610,대신밸런스제18호기업인수목적,478780
01097906,케이에이치건설,226360
00384717,비엘팜텍,065170
00532855,한국유니온제약,080720
00105165,극동전선,006250
00370200,아이로보틱스,066430
00445160,APS이노베이션,079810
00503668,LIG디펜스앤에어로스페이스,079550
00462121,LIG아큐버,073490
01514227,씨어스,458870
01725160,한화플러스제4호기업인수목적,455310
01738483,대신밸런스제16호기업인수목적,457630
00972293,파멥신,208340
01462739,비아이매트릭스,413640
00151298,DSR제강,069730
00378363,3S,060310
00761183,신성에스티,416180
00938721,필옵틱스,161580
01575361,세븐브로이맥주,267080
01034730,크로넥스,215570
00178754,동아지질,028100
00308559,코디,080530
00442570,제우스,079370
01639508,뉴엔AI,463020
01702424,미래에셋비전기업인수목적3호,448830
00125965,케이에이치미래물산,111870
01450938,지에프아이,493330
01565054,그래피,318060
00608802,텔콘RF제약,200230
00990396,레드우즈,266170
00911229,라온로보틱스,232680
00173102,모나리자,012690
01386916,SK아이이테크놀로지,361610
00268251,다산네트웍스,039560
00874168,싸이닉솔루션,234030
00109514,티웨이홀딩스,004870
01810796,케이비제28호기업인수목적,476470
01678835,유진기업인수목적9호,442130
00770312,마니커에프앤지,195500
01152586,유일로보틱스,388720
00608699,탑코미디어,134580
00610083,비아트론,141000
00486097,KT나스미디어,089600
00136004,신라에스지,025870
00129387,삼화페인트공업,000390
00220057,GC메디아이,032620
00149804,디와이에이,002880
00405278,KG파이낸셜,046440
00363510,제이케이시냅스,060230
00124726,빙그레,005180
00101433,경농,002100
01029394,에코마케팅,230360
01073261,동방메디컬,240550
01359736,프로이천,321260
00226352,케이엠더블유,032500
01497373,아이엠비디엑스,461030
01290132,인터로이드,311960
00131780,SK네트웍스,001740
00270113,멕아이씨에스,058110
00112457,대주산업,003310
01587056,엔젯,419080
00110884,엠젠솔루션,032790
01636565,루미르,474170
01023318,센코,347000
00364467,드림어스컴퍼니,060570
00493185,제이스텍,090470
00595182,아톤,158430
01114586,셀레믹스,331920
01744703,에스케이증권제10호기업인수목적,457940
01091382,세토피아,222810
01050738,솔트룩스,304100
00598198,컴퍼니케이,307930
00302926,현대로템,064350
00867034,듀켐바이오,176750
01160974,바이오에프디엔씨,251120
00141273,웰바이오텍,010600
00175650,케이씨더블류,068060
01284876,인스피언,465480
00306870,손오공,066910
01352575,바이오텐,289170
00945776,지슨,289860
01246034,네오펙트,290660
01577952,지투지바이오,456160
01084364,다산디엠씨,208860
00273110,에스티큐브,052020
01489648,솔브레인,357780
01573381,레이저쎌,412350
01110678,유틸렉스,263050
00195229,미스토홀딩스,081660
00260745,서울평가정보,036120
01230255,한울앤제주,276730
00299358,트레스,102210
01547933,미쥬,351020
00339072,팬스타엔터프라이즈,054300
01718407,블랙야크아이앤씨,478560
00965062,코셋,189350
00535375,키네마스터,139670
00148504,한국스탠다드차타드은행,000110
00194947,한전산업,130660
00117498,스틱인베스트먼트,026890
00370918,케이디켐,221980
00102353,경창산업,024910
00426086,티케이지휴켐스,069260
00540605,이월드,084680
00488989,한양디지텍,078350
00147295,전북은행,006350
00679314,동성케미컬,102260
00159342,한국정보통신,025770
01242241,샌즈랩,411080
00684732,풀무원식품,103160
00531014,유진테크,084370
00442826,대봉엘에스,078140
01872459,본시스템즈,496320
01263527,카이노스메드,284620
01329957,국전약품,307750
00120562,롯데지주,004990
00398701,엘앤에프,066970
01022142,엠디바이스,226590
01118139,타스컴,336040
00838005,서진시스템,178320
00241236,에이치씨코퍼레이션,037340
01157235,아스타,246720
01256864,에이비엘바이오,298380
00820352,파인텍,131760
00104573,국일제지,078130
00103176,흥국화재,000540
00109824,대림통상,006570
00111838,대원,007680
00120289,제이에스티나,026040
00113243,대한제분,001130
00144243,유니슨,018000
00115287,동방,004140
00170026,시공테크,020710
00204323,키스트론,475430
00118266,DRB동일,004840
00256502,에이텍,045660
00120076,LX인터내셔널,001120
00260958,케이티알파,036030
00130879,서울식품공업,004410
00263371,한국경제TV,039340
00159795,한국카본,017960
00668600,케이옥션,102370
01693922,지슨,446840
00382199,신한지주,055550
00492894,젬백스,082270
01385005,리브스메드,491000
00115612,동부건설,005960
01031502,코아시아씨엠,196450
01066058,파마리서치바이오,217950
00145260,율촌화학,008730
01376715,디앤디파마텍,347850
00833064,엠플러스,259630
01201590,에브리봇,270660
00101336,경남에너지,008020
01274310,이오플로우,294090
00149266,씨앤에이치,023460
01814312,한국제14호기업인수목적,477530
01307593,에이아이코리아,364950
00610861,코스텍시스템,169670
01117413,바이오다인,314930
00525864,피앤씨테크,237750
00111874,대원산업,005710
00108241,농심,004370
00117276,네이처셀,007390
00120526,롯데쇼핑,023530
00155586,HLB이노베이션,024850
00144395,동서,026960
00328191,케이에스피,073010
00149655,삼성물산,028260
00489243,동아엘텍,088130
00165413,롯데케미칼,011170
01037542,NPX,222160
01626391,오가노이드사이언스,476040
00173740,신한,005450
01227039,파라택시스코리아,288330
01063990,로보로보,215100
00178851,동양에스텍,060380
00131504,서한,011370
01704680,M83,476080
01243161,인산가,277410
00481223,시노펙스멤브레인,079560
00112907,코원에너지서비스,026870
01108442,에치에프알,230240
01344336,신테카바이오,226330
01677429,엔에이치기업인수목적27호,440820
00101044,에이프로젠바이오로직스,003060
00163512,한진,002320
00372129,전진건설로봇,079900
01497869,티와이홀딩스,363280
00172185,남성,004270
00152127,심텍홀딩스,036710
00260392,대원전선,006340
00168331,온타이드,005320
00276083,피노,033790
00190321,케이티,030200
00301422,스모트로닉,066590
00351454,더테크놀로지,043090
00198697,일진디스플,020760
00220613,넥스틸,092790
00361169,한국전자인증,041460
00361381,제이브이엠,054950
00356361,LG화학,051910
00365590,HLB생명과학,067630
01399071,고바이오랩,348150
00807555,메가엠디,133750
01275665,리메드,302550
00102751,고려산업,002140
00123541,보해양조,000890
00162416,한양증권,001750
01384477,엠에프엠코리아,323230
00296263,YW,051390
00103130,플레이그램,009810
00406222,쎄크,081180
01253636,에르코스,435570
00105244,알보젠코리아,002250
00163691,유수홀딩스,000700
00150244,하이트진로,000080
00491415,인포바인,115310
01042711,글로벌텍스프리,204620
00269241,주연테크,044380
00415628,세진중공업,075580
00480367,SK오션플랜트,100090
00365624,아이윈,090150
00653024,진에어,272450
00391197,하이퍼코퍼레이션,065650
00795135,코오롱인더,120110
00406037,CSA 코스믹,083660
00816544,토니모리,214420
00425351,멀티캠퍼스,067280
00828497,한미약품,128940
00447487,제주반도체,080220
01205709,HD현대,267250
00475976,인콘,083640
01390344,HD현대중공업,329180
00488244,원일티엔아이,136150
01130885,바이오인프라생명과학,266470
00556615,모바일어플라이언스,087260
01156795,프로젠,296160
00560122,한울소재과학,091440
01042359,지엘팜텍,204840
00962223,지니언스,263860
00652159,코오롱머티리얼,144620
00619640,에코앤드림,101360
00305570,서울리거,043710
01764099,링크솔루션,474650
00140955,한솔케미칼,014680
01375822,에이프릴바이오,397030
00475718,이엠앤아이,083470
00197476,코엔텍,029960
00638487,파수,150900
01185867,퓨쳐메디신,341170
00563545,두산테스나,131970
00580056,스맥,099440
00585538,에스에너지,095910
00596677,매커스,093520
00599106,네오리진,094860
00620558,에이비프로바이오,195990
00654175,피엠티,147760
00694942,이미지스,115610
00778235,TS인베스트먼트,246690
00861997,휴먼테크놀로지,175140
00866451,워트,396470
00915508,알엔투테크놀로지,148250
00916516,흥국에프엔비,189980
00956028,엑세스바이오,950130
01026616,유투바이오,221800
01037214,킵스파마,256940
01042979,휴마시스,205470
00536286,윈팩,097800
01785056,엔에이치스팩30호,466910
00957735,클리오,237880
00118044,동원수산,030720
00624378,마이크로투나노,424980
00106881,인디에프,014990
01437432,디티앤씨알오,383930
00120924,매일홀딩스,005990
00128971,디엘건설,001880
00479787,인텍플러스,064290
01139497,에스제이켐,217910
01046391,싸이토젠,217330
01061497,FSN,214270
01065013,우정바이오,215380
01065679,이노인스트루먼트,215790
01068737,에이치피오,357230
01073678,얼라인드,238120
01089378,디와이디,219550
01095704,케이엠제약,225430
01124680,보라티알,250000
01182259,알피바이오,314140
01210066,리파인,377450
01210190,모비릭스,348030
01222867,제테마,216080
01226410,씨앤씨인터내셔널,352480
01258020,에스바이오메딕스,304360
01261644,레인보우로보틱스,277810
01267222,캐리소프트,317530
01299203,그리드위즈,453450
01368637,유일에너테크,340930
01393721,포커스에이아이,331380
01406265,와이랩,432430
00177199,디씨엠,024090
00430089,삼보오토,070080
01297898,마음AI,377480
00442455,코스나인,082660
01529982,씨엠티엑스,388210
01035942,메디안디노스틱,233250
00150536,진양제약,007370
00402110,시큐브,131090
01051065,엔비티,236810
01701753,유안타제13호기업인수목적,449020
00117179,디와이,013570
00820389,한울비앤씨,214870
01311310,지아이텍,382480
00617998,폴라리스세원,234100
00618410,KS인더스트리,101000
00657783,모델솔루션,417970
01416642,다보링크,340360
01435489,범한퓨얼셀,382900
01437858,진시스템,363250
01440153,넥사다이내믹스,351320
01462605,지투파워,388050
01480568,이지바이오,353810
01638387,케이지에이,455180
01784914,클로봇,466100
01406618,비올메디컬,335890
01335851,박셀바이오,323990
00126380,삼성전자,005930
01060735,로지스몬,223220
01867749,유비씨,495810
01261893,케이씨텍,281820
01649620,아우토크립트,331740
00144021,원풍물산,008290
00172291,더존비즈온,012510
00664853,제이씨케미칼,137950
00172936,동일산업,004890
00799177,삼기,122350
00173874,넥센타이어,002350
00923516,메가터치,446540
00983934,아이스크림에듀,289010
00179489,명인제약,317450
00233653,한국토지신탁,034830
01031229,한국비티비,219750
01032583,강동씨앤엘,198440
00274933,신세계푸드,031440
01033591,큐알티,405100
00299002,HL홀딩스,060980
01061558,덕산네오룩스,213420
00350312,HDC랩스,039570
01507810,애니메디솔루션,390110
00530413,더코디,224060
00186559,아이티센씨티에스,031820
00641393,엔시트론,101400
01337017,이앤에치,341310
00147860,에스엠벡셀,010580
00567222,우림피티에스,101170
01109539,와이씨,232140
00357935,HDC현대EP,089470
01113499,아이티센피엔에스,232830
00365387,AJ네트웍스,095570
01223219,에이에프더블류,312610
00369833,유니온머티리얼,047400
01264438,자이언트스텝,289220
00450010,씨티알모빌리티,308170
01343665,RF머트리얼즈,327260
00458234,아시아나IDT,267850
00459871,농심홀딩스,072710
00896285,삼양사,145990
01042775,HL만도,204320
01205842,HD건설기계,267270
00756163,볼빅,206950
00249441,씨씨에스,066790
00674498,골프존홀딩스,121440
01761296,한국제12호기업인수목적,458610
01428203,케이씨씨글라스,344820
00361725,네이트커뮤니케이션즈,066270
01016886,테크엔,308700
00232089,바이온,032980
01011438,에이치엘사이언스,239610
00113058,한화생명,088350
00148540,CJ,001040
01853214,신한제14호스팩,487360
01036367,아크솔루션스,203690
00127857,삼익악기,002450
00917861,슈피겐코리아,192440
00755739,파인테크닉스,106240
00138303,아이티센엔텍,010280
01016479,오로스테크놀로지,322310
00107613,이수페타시스,007660
00126566,한화에어로스페이스,012450
00187770,한국파마,032300
00992543,LK삼양,225190
01429220,피아이이,452450
00565154,이노션,214320
00260356,산은캐피탈,008270
00171265,파라다이스,034230
00138224,쌍용씨앤이,003410
01800285,비엔케이제2호기업인수목적,473370
00385415,일신바이오,068330
00501970,퀀타피아,078940
00172945,동일스틸럭스,023790
00238977,에스엠화진,134780
00155531,풍산홀딩스,005810
01703849,노머스,473980
01046203,스튜디오산타클로스엔터테인먼트,204630
00537337,앤씨앤,092600
00373447,서린바이오,038070
00103510,인지컨트롤스,023800
00130383,서부T&D,006730
00104786,미래아이앤지,007120
00230425,나노엔텍,039860
00159698,지역난방공사,071320
00210980,원익,032940
00372882,KTcs,058850
00526696,웨이브일렉트로,095270
00963976,SG,255220
01259311,푸드나무,290720
01688346,유안타제11호기업인수목적,444920
00783246,글로벌에스엠,900070
01360875,탑머티리얼,360070
00453284,교촌에프앤비,339770
00103626,한솔피엔에스,010420
00120182,NH투자증권,005940
00136341,신성통상,005390
01318933,지니틱스,303030
01398151,밸로프,331520
00134723,페이퍼코리아,001020
00147082,재영솔루텍,049630
00238001,블루콤,033560
01021666,덕산테코피아,317330
01318261,더블유에스아이,299170
01374443,인투셀,287840
00583442,노루페인트,090350
01455492,데이원컴퍼니,373160
01258507,롯데웰푸드,280360
00146436,엔브이에이치코리아,067570
00119140,핸즈코퍼레이션,143210
00173449,빌리언스,044480
00121288,모나미,005360
00173591,세원물산,024830
00177870,대창솔루션,096350
00124090,한국특강,007280
00199252,HLB,028300
00125080,AK홀딩스,006840
00131197,서원,021050
00249502,골드앤에스,035290
00255105,케이바이오,038530
00135050,팜젠사이언스,004720
00258360,위지트,036090
00135111,수산세보틱스,017550
00141477,영흥,012160
00260611,웰킵스하이텍,043590
00152880,코오롱글로벌,003070
00261373,마크로젠,038290
00164830,HD한국조선해양,009540
00264671,세중,039310
00127042,삼양통상,002170
00113508,노루홀딩스,000320
00148610,한화투자증권,003530
00141583,삼양컴텍,484590
00533924,이브이첨단소재,131400
00102858,고려아연,010130
00145668,이화공영,001840
00104999,윌비스,008600
00157636,케이피에프,024880
00428729,대호에이엘,069460
00261656,잉크테크,049550
01596425,SK스퀘어,402340
01187148,케어랩스,263700
01690235,유안타제12호기업인수목적,446150
01159233,솔루엠,248070
00122825,인스코비,006490
00232007,상지건설,042940
00469799,이엔플러스,074610
00244747,파크시스템스,140860
01067808,넵튠,217270
01136001,나노실리칸첨단소재,286750
01109690,도부,227420
00409788,비에이치아이,083650
01957282,테라뷰,950250
00166227,화승인더스트리,006060
01467451,KT밀리의서재,418470
00728638,한세실업,105630
00348292,한빛소프트,047080
01518506,타조이엔터테인먼트,476710
01745173,이노테크,469610
00115472,미주제강,002670
00104698,LS네트웍스,000680
00128175,원익큐브,014190
00112059,상상인증권,001290
00131896,선광,003100
00112651,대창,012800
00139153,에코플라스틱,038110
00115977,아이에스동서,010780
00146427,한주에이알티,058450
00117300,TCC스틸,002710
00155452,풍국주정,023900
00118345,디아이동일,001530
00198192,한국팩키지,037230
00203209,에쎈테크,043340
00140061,티케이지애강,022220
00268118,코맥스,036690
00156859,다올투자증권,030210
00307222,YBM넷,057030
00373571,스타코링크,060240
00609634,아이엠,101390
01228515,앱튼,270520
01569102,라이콤,388790
01364297,코퍼스코리아,322780
01222113,인스웨이브,450520
01383779,에스켐,475660
00252135,주성엔지니어링,036930
00125725,디모아,016670
00113526,대한항공,003490
00411808,제이오,418550
00125530,SPC삼립,005610
00227333,네패스,033640
00129420,까뮤이앤씨,013700
00229030,알멕,354320
00132637,동원시스템즈,014820
00230911,HRS,036640
00133706,한국제지,027970
00307028,경남제약,053950
00138190,GS글로벌,001250
00318316,대아티아이,045390
00364740,머큐리,100590
00139454,애경산업,018250
00366137,KG에코솔루션,151860
00139889,SKC,011790
00389998,한성크린텍,066980
00141875,사조오양,006090
00145446,이건산업,008250
00492706,씨싸이트,109670
00146083,일동홀딩스,000230
01559637,블루엠텍,439580
01760640,교보14호기업인수목적,456490
00808068,앤로보틱스,138360
01514005,크라우드웍스,355390
00133858,세방전지,004490
00261887,티엘아이,062860
00252269,아이에이,038880
00137359,신풍제약,019170
00100957,건영,012720
01099861,에이텍모빌리티,224110
00149646,기업은행,024110
00216434,체리부로,066360
00124805,푸른저축은행,007330
00154462,아모레퍼시픽홀딩스,002790
00408266,유니온바이오메트릭스,203450
00624509,디바이스,187870
00347716,중앙첨단소재,051980
00990819,아티스트스튜디오,200350
01309388,LS티라유텍,322180
01751448,대신밸런스제15호기업인수목적,457390
00525642,코오롱생명과학,102940
00148896,OCI홀딩스,010060
00153621,참엔지니어링,009310
00540571,엘디티,096870
00153861,태영건설,009410
00541163,이엠텍,091120
00159023,SK텔레콤,017670
00569691,디엔에프,092070
00162586,한올바이오파마,009420
00572905,ISC,095340
00163114,서연,007860
00611736,엑시콘,092870
00164636,HDC,012630
00327396,옵트론텍,082210
01141599,차백신연구소,261780
00127875,삼익제약,014950
00100601,강원에너지,114190
01096341,넥슨게임즈,225570
01116502,아티스트컴퍼니,321820
00959210,코츠테크놀로지,448710
01596920,알지노믹스,476830
00234412,신세계인터내셔날,031430
00407975,엔터미디어,068420
01118643,로보쓰리에이아이,238500
00406392,엔에스쇼핑,138250
01416235,고스트스튜디오,950190
01803635,에스투더블유,488280
00583026,멤레이비티,072770
00989619,알테오젠,196170
01190780,파워풀엑스,266870
01207761,프로브잇,227100
01456011,디어유,376300
01701328,아이비케이에스제22호기업인수목적,448760
01627363,세미파이브,490470
00125664,삼미금속,012210
00118521,진원생명과학,011000
01135084,에스와이스틸텍,365330
00531829,엠아이텍,179290
00190756,와이엔텍,067900
00301246,SFA반도체,036540
00358271,에스에프에이,056190
01068658,선샤인푸드,217620
00356927,에이디칩스,054630
00109189,대덕,008060
00126937,삼양홀딩스,000070
00362122,나래나노텍,137080
01135057,녹십자웰빙,234690
01351080,지아이이노베이션,358570
00231691,판타지오,032800
00151395,천일고속,000650
00579999,고영,098460
01319808,한일시멘트,300720
00615723,알엔티엑스,123010
01391033,NH프라임리츠,338100
01130849,파라택시스이더리움,290560
00185505,제일바이오,052670
00209443,우리금융캐피탈,033660
00957568,로아앤코,214310
00323868,웹케시,053580
01061327,클래시스,214150
00250614,삼영엠텍,054540
00268002,세종텔레콤,036630
00317487,티에스넥스젠,043220
01062177,제놀루션,225220
01085442,오건에코텍,212310
01396676,일승,333430
00494546,오비고,352910
00670766,엠투아이,347890
01168383,일동제약,249420
00565215,아이티센코어,243870
00111227,대양제지공업,006580
01381391,에스피소프트,443670
00116408,동신건설,025950
00442561,에프알텍,073540
00142713,형지I&C,011080
00657224,아이스크림미디어,461300
00965318,이노시뮬레이션,274400
01267958,프로티아,303360
00264635,에스넷,038680
00390408,인크레더블버즈,064090
00366517,KC산업,112190
01199727,샘씨엔에스,252990
01011872,엔에스엠,238170
01218299,에코아이,448280
01286476,RF시스템즈,474610
01405451,알체라,347860
00116426,이렘,009730
00143651,웅진,016880
00112022,대원화성,024890
00105280,현대지에프홀딩스,005440
00349811,오션인더블유,052300
00187415,코미팜,041960
00606664,케이엔더블유,105330
00128546,삼천당제약,000250
01051092,피씨엘,241820
00415646,드림텍,192650
00238782,다우데이타,032190
00145862,인천도시가스,034590
00364254,알티캐스트,085810
00148993,하이트진로홀딩스,000140
00867478,아시아종묘,154030
01030132,경남은행,192520
00122056,미창석유공업,003650
00357430,쎌바이오텍,049960
00104722,국제약품,002720
00112378,KR모터스,000040
00122205,바른손,018700
00117337,동양,001520
00130587,서울전자통신,027040
00118451,동일제강,002690
00146542,일정실업,008500
00188973,화일약품,061250
00159740,KISCO홀딩스,001940
00199988,동아화성,041930
00160047,한국앤컴퍼니,000240
00203582,한솔홈데코,025750
00205687,더라미,032860
00305668,새론오토모티브,075180
00243067,부방,014470
00131018,서울제약,018680
01160363,에코프로비엠,247540
01767494,에이치엠씨제6호스팩,462020
00137207,유니켐,011330
00122737,팬오션,028670
01336443,디와이씨,310870
01108248,지노믹트리,228760
01657197,바이오비쥬,489460
00293886,위닉스,044340
01070149,올리패스,244460
00280688,스튜디오에스,046140
01854763,HS효성,487570
00346911,아이톡시,052770
00353610,이니텍,053350
00925967,이엠티,232530
00379229,에스에이티,060540
01336735,펨토바이오메드,327610
00406329,루멘스,038060
00412348,LB세미콘,061970
00455875,와토스코리아,079000
00491938,GH신소재,130500
00809429,뉴온,123840
01190124,미디어젠,279600
01365825,피에스케이,319660
01497142,엠아이큐브솔루션,373170
01586455,꿈비,407400
01685677,리센스메디컬,394420
00181934,플랜텍,051310
00523307,다원시스,068240
01262023,루트락,253610
00415868,펩트론,087010
00533003,디케이락,105740
00257149,지더블유바이텍,036180
01414422,아이비김영,339950
00248053,지에스엔텍,037640
00126955,삼양식품,003230
01035289,스타에스엠리츠,204210
01675254,엔에이치기업인수목적26호,439410
01516456,인벤티지랩,389470
00243988,에스케이브로드밴드,033630
00605522,소룩스,290690
00145437,아센디오,012170
00808086,HLB펩,196300
00101257,경남기업,000800
00305941,노브랜드,145170
00134477,SNT다이내믹스,003570
00526836,미래나노텍,095500
00344287,에이치디현대인프라코어,042670
00616962,린드먼아시아,277070
00480048,모다이노칩,080420
01683387,미래에셋드림기업인수목적1호,442900
00172079,HLB파나진,046210
00263140,휴스토리,046400
00116268,동성제약,002210
01032404,콜마비앤에이치,200130
00261443,NC,036570
01344363,다원넥스뷰,323350
00671376,트리니티항공,091810
00241005,코오롱이앤피,138490
00108746,DKME,015590
01027794,브이원텍,251630
01262032,롯데이노베이트,286940
01413371,에이치엘비사이언스,343090
00118460,태림페이퍼,019300
00129411,삼환기업,000360
00206659,이랜텍,054210
01674538,엔에이치기업인수목적24호,437780
01669475,하나금융25호기업인수목적,435620
00219848,서희건설,035890
00628189,웅진씽크빅,095720
00964595,엔바이오니아,317870
00982023,실리콘투,257720
00148531,제이스코홀딩스,023440
01179608,포인트엔지니어링,256630
01394669,누보,332290
00384948,대유,290380
00159810,카프로,006380
00186452,광무,029480
00602172,와이엠티,251370
00136925,신원종합개발,017000
01091054,쎄노텍,222420
00513948,녹십자엠에스,142280
00989664,코아스템켐온,166480
00681142,쌍방울,102280
01042085,엑셈,205100
01563667,더즌,462860
01182444,셀리버리,268600
00306719,에스텍,069510
00653103,퓨처코어,151910
01391103,젝시믹스,337930
01332137,노보믹스,283100
00115384,동방아그로,007590
01419205,피앤에스로보틱스,460940
00402989,유한코스메틱,069110
01182578,DH오토리드,290120
00541862,판도라티비,202960
01674468,엔에이치기업인수목적25호,438580
01432598,지씨지놈,340450
00132488,신세계톰보이,012580
00526872,이수앱지스,086890
00815767,위메이드플레이,123420
00204226,소프트센,032680
00813389,베셀,177350
01786514,삼성기업인수목적9호,468510
00136095,조은저축은행,031920
00476498,컴투스,078340
00968607,더본코리아,475560
01010110,더블유게임즈,192080
00607496,한빛레이저,452190
01288827,HPSP,403870
00242712,엘컴텍,037950
00351579,비트플래닛,049470
01515323,LG에너지솔루션,373220
00983271,NHN,181710
00215976,무궁화인포메이션테크놀로지,038340
01109715,DSC인베스트먼트,241520
00545114,랩지노믹스,084650
01309069,타이드,346010
00295857,코다코,046070
00133991,세아특수강,019440
00390903,우주일렉트로,065680
00585219,세원이앤씨,091090
01810477,노타,486990
00349732,코나아이,052400
00977377,에이비온,203400
01467503,뉴키즈온,462310
00159218,한전KPS,051600
00292434,인트론바이오,048530
01590980,심플랫폼,444530
00642541,제이에스링크,127120
01524093,DL이앤씨,375500
00480950,이아이디,093230
00781202,애머릿지,900100
00347734,진양화학,051630
01022902,애드바이오텍,179530
01195828,대원모방,311840
01344831,딥노이드,315640
00109286,대동,000490
00977696,넥스쳐,194510
00118804,동진쎄미켐,005290
01506990,옵티코어,380540
01047707,포톤,208710
00273420,이스트소프트,047560
00397058,엠게임,058630
00661157,인트로메딕,150840
00531078,유비온,084440
01384787,시프트업,462870
00311216,에이치엔에스하이텍,044990
00843900,육일씨엔에쓰,191410
00111111,대양금속,009190
01215618,와이엠텍,273640
00110583,DH오토웨어,025440
00616290,이엠넷,123570
00133317,에스티씨라이프,026220
00403766,한국첨단소재,062970
00526678,동방선기,099410
00273439,메디아나,041920
00470829,인티큐브,070590
00453488,다이나믹디자인,145210
01656374,신영해피투모로우제8호기업인수목적,430220
01267602,제이시스메디칼,287410
00155948,로젠,033290
00874797,길교이앤씨,456700
01290248,스코넥,276040
00160588,한화,000880
01860010,오션스바이오,332190
01325429,지아이에스,306620
00162911,한일사료,005860
01680131,아이오바이오,447690
00106395,금호전기,001210
00139719,와이지-원,019210
00120872,만호제강,001080
01379563,에스팀,458350
00362201,세운메디칼,100700
01689938,신영해피투모로우제9호기업인수목적,445970
00862880,새빗켐,107600
01309795,알로이스,297570
00961507,케일럼,258610
00876908,모트렉스,118990
01480708,HEM파마,376270
00444329,위메이드,112040
00482426,인화정공,101930
00563837,제로투세븐,159580
01787355,나라스페이스테크놀로지,478340
00139834,LG씨엔에스,064400
00341314,엔더블유시,059180
00547583,하나금융지주,086790
00140131,키다리스튜디오,020120
00158325,NICE평가정보,030190
00445869,유니포인트,121060
00159500,한국종합기술,023350
00138367,플레이위드,023770
01207716,앱코,129890
00369213,폴라리스AI,039980
00145880,현대제철,004020
00143226,엠투엔,033310
00340096,미래에셋벤처투자,100790
00166528,서암기계공업,100660
00175623,ES큐브,050120
00904672,넷마블,251270
00193009,케이에이치필룩스,033180
01012640,슈어소프트테크,298830
00104120,광진실업,026910
01524507,핀텔,291810
00818472,이큐셀,160600
00651017,나우IB,293580
00111847,대원강업,000430
00980043,비큐AI,148780
01071041,CJ 바이오사이언스,311690
00876166,KBG,318000
00307189,에스케이엔펄스,057500
00959229,세종메디칼,258830
01445024,한패스,408470
00138206,쌍용건설,012650
00103592,광동제약,009290
00136776,차AI헬스케어,025620
01235296,셀리드,299660
00164609,에이치디현대미포,010620
00949161,티엠씨,217590
00591441,어보브반도체,102120
00683007,엑스큐어,070300
01182408,소프트캠프,258790
00600013,맵스리얼티,094800
00109693,DL,000210
