종목명,종목코드,소속,AI수급점수,현재가,등락률,외인강도(%),연기금강도(%),투신강도(%),사모강도(%),외인연속,연기금연속,이격도(%),손바뀜(%),시가총액,PER,ROE
대웅,003090,KOSPI,82,24450,0.62,0.07442439504783342,0.2255916854248734,-0.005804414040517726,-0.001844625773776027,1,15,101.4,0.7,14216,8.12,16.11
휴젤,145020,KOSDAQ,77,254500,-1.36,1.921606741393626,0.20443105320304017,0.2401316024781248,-0.017174730152647377,10,9,100.0,1.8,31314,22.43,16.06
코스메카코리아,241710,KOSDAQ,74,77800,-3.11,-0.3990815862317969,0.5864296786616922,0.6511363581658443,-0.09616846792634492,0,7,102.7,5.3,8309,18.27,22.07
SK가스,018670,KOSPI,73,246500,-0.2,-0.7544886134269416,0.6148623957876261,0.1831024572180781,0.09722983764809126,0,13,103.1,2.8,22790,9.68,8.25
기업은행,024110,KOSPI,72,23400,0.0,-0.7574986872849655,0.11020439929688422,-0.0035891116196315074,-0.009098317506082594,0,11,98.7,1.1,186598,6.9,8.06
서진시스템,178320,KOSDAQ,72,46300,-5.51,-1.1609562309360186,1.2479805924074823,1.32391669177906,0.8295881022380655,0,9,102.2,34.7,27211,-21.84,12.32
선익시스템,171090,KOSDAQ,72,91700,-3.37,3.324546764610565,1.2549582910230097,-1.1571854596521551,-0.7421480069136869,0,7,81.4,8.0,9257,9.07,101.48
현대해상,001450,KOSPI,67,31150,-3.11,0.7571067383654122,-0.14976609271760988,-0.6709075570956622,-0.3404390045963804,0,3,100.6,2.4,27848,2.65,15.75
JB금융지주,175330,KOSPI,67,30000,1.18,0.3187808741766414,-0.11849458176924713,-0.1836887350378922,-0.021631527551526312,0,5,99.7,0.8,56476,8.39,12.8
에스원,012750,KOSPI,66,87500,0.69,-0.022432476164696683,0.1997536497338266,0.1362865138801167,-0.021495969803603115,0,16,102.5,0.7,33249,18.62,10.45
동서,026960,KOSPI,66,27250,0.18,-0.15579124705535924,0.14403181316254418,0.01326308156654888,-0.0013792237190812721,0,16,104.5,0.4,27168,18.75,8.48
대웅제약,069620,KOSPI,65,161400,1.25,0.40460826159028934,-0.2603065771883857,-0.0525649377038661,-0.004113036736003423,2,1,98.2,1.1,18701,9.55,21.75
메리츠금융지주,138040,KOSPI,65,114200,2.51,-0.6085852372292084,-0.12028842688304084,0.01718245431323478,0.09934239970155286,0,2,100.3,1.0,192999,9.07,23.44
금호타이어,073240,KOSPI,64,6100,-1.93,0.35912839525195456,-0.16719606231809622,0.020622311818752497,-0.05937574958625806,1,1,99.9,1.0,17523,5.05,18.53
영원무역홀딩스,009970,KOSPI,63,219000,-0.68,-0.1507342285965565,0.4434267158272165,-0.05949428339478403,-0.06950576734431553,0,24,96.2,0.6,29563,9.17,13.17
F&F,383220,KOSPI,63,62300,-0.8,0.49265211397443953,-0.4256066876178504,-0.29453642153781684,0.09527048816258119,3,0,98.1,1.2,23865,6.8,25.27
DN오토모티브,007340,KOSPI,63,41250,5.23,-0.19364634985084522,0.057796896751740136,0.2727834686774942,-0.06848018727212463,2,8,129.2,2.9,24136,8.58,15.02
JYP Ent.,035900,KOSDAQ,63,64200,-0.16,1.3779882868665616,-0.2198132430299842,-0.1185050412063826,0.10925785551464141,8,0,99.0,2.6,22812,14.37,22.41
코미코,183300,KOSDAQ,62,110000,-5.17,0.09816222299469889,1.1311013817676197,0.8345882767011383,-0.029106987051360042,0,2,99.6,4.7,11507,19.93,23.36
효성,004800,KOSPI,62,142700,-7.94,0.21233125706392064,-0.1532775712671104,0.04997188664238771,0.05541116832014735,0,3,98.7,1.1,23889,7.24,14.35
코리안리,003690,KOSPI,61,13350,-0.22,-1.1171399873120844,0.08191508285593449,0.01622198508208697,0.26627977738475145,0,3,101.0,0.7,26009,7.62,9.45
삼성E&A,028050,KOSPI,61,32900,-2.37,-3.8306367106569073,0.03147056479126605,-0.08826212703926556,-0.11194008591278456,0,7,98.3,10.8,64484,10.44,13.76
태광,023160,KOSDAQ,59,35000,-1.82,-0.837539490832781,0.5623490059642147,1.2850909818864589,0.7755989507400044,0,8,117.1,17.6,9054,14.52,10.73
한국앤컴퍼니,000240,KOSPI,59,27100,-1.81,-0.04838854705173553,-0.041269448439382746,-0.09559935476347806,-0.053236193493217246,0,5,101.3,0.4,25727,7.41,7.52
시프트업,462870,KOSPI,59,31100,-1.27,0.15194013028783254,-0.12306233100741386,0.06931562363715657,-0.04465548953336241,0,0,101.3,0.6,18344,9.47,31.3
대주전자재료,078600,KOSDAQ,59,132500,4.99,-1.2086059038611545,4.583199761115445,1.8856029056162245,0.5466870027301093,2,30,118.8,13.6,20512,54.5,19.3
산일전기,062040,KOSPI,59,168600,1.69,0.7779137497815491,0.25698937455096216,0.15793473465504185,0.04422032855006893,2,8,112.4,5.1,51499,34.47,29.21
HK이노엔,195940,KOSDAQ,58,52500,-0.94,0.5967411450279029,-0.06239848719155516,0.2504929772070194,-0.08390609829893095,5,4,103.0,2.4,14873,19.65,5.87
에스엠,041510,KOSDAQ,58,91800,-1.71,0.6883640814578674,-0.4595065803873056,0.12909754008659657,0.3902371794261788,5,0,91.7,1.8,21017,6.07,41.65
교보증권,030610,KOSPI,58,12710,-1.55,-0.16220268208491542,0.16753938902312737,0.02712631135657577,0.02109591715567829,0,7,98.7,0.6,14485,11.91,6.09
영원무역,111770,KOSPI,58,81200,-0.73,-0.3495771990772908,0.23651151996887243,0.17661487173786164,0.050273099691503856,0,5,92.5,0.7,35981,7.31,12.66
피에스케이홀딩스,031980,KOSDAQ,57,100800,-2.23,1.5101690361168623,0.7572767195767196,-0.7670582746721878,-0.31859982976765583,8,1,97.3,4.2,21735,19.1,24.8
한국콜마,161890,KOSPI,57,77400,-2.76,1.920938035030104,1.1741283798576903,1.0035121237000546,0.76552982484948,0,5,107.1,8.5,18270,14.61,14.69
우리금융지주,316140,KOSPI,57,33200,0.61,-0.10302552695178346,-0.1385365224670001,-0.031665557643621806,-0.02731034516008584,1,1,99.8,1.9,243713,7.65,9.39
크래프톤,259960,KOSPI,57,241500,0.42,-0.49390507136243733,-0.18620053106930104,0.02874204706252293,-0.10490804989256328,0,4,103.6,1.2,114486,15.64,10.6
삼양식품,003230,KOSPI,56,1188000,-2.3,-0.9868239842667501,0.40674560854601527,0.28589880659723776,0.8175756939167746,0,8,106.4,3.7,89492,0.0,39.37
종근당,185750,KOSPI,56,91700,2.12,0.3028722288061942,-0.21177482815833135,0.08394222959627083,-0.017430425851307576,5,1,105.0,1.1,12657,16.33,8.17
하나머티리얼즈,166090,KOSDAQ,56,63700,-0.78,1.2689209477694872,0.4193948880774726,1.0685267026512144,0.07337275758056834,2,4,103.7,6.3,12598,32.84,9.39
대한조선,439260,KOSPI,55,87800,-1.68,0.7907542689055755,0.8885788417193875,-0.12911711996688938,-0.07161678886063974,0,1,91.2,3.0,33826,7.05,55.26
신한지주,055550,KOSPI,55,93400,1.41,0.09954214699307734,-0.11503282836371348,0.00024694232473997747,-0.02919993142759182,0,1,100.7,1.9,443327,9.56,8.11
피엔티,137400,KOSDAQ,55,48450,-2.52,1.0117303450078412,-0.052977983969332634,0.11734265115873846,-0.06015476999477261,6,0,99.7,4.1,11478,16.76,11.37
NH투자증권,005940,KOSPI,55,33250,-3.06,-0.6940549631173829,0.3353972253637622,-0.021756686556834676,0.03767743619391648,0,3,101.0,1.5,118484,13.56,8.73
코웨이,021240,KOSPI,55,73300,-1.08,-1.493070315963989,-0.006729256067703816,0.06808695853334104,0.36284913538835234,0,2,97.8,1.6,51873,8.57,18.14
LG유플러스,032640,KOSPI,55,15950,2.24,-0.4133018464657662,0.07679334330056303,-0.008347053735523207,-0.009383322296449722,0,6,103.0,1.6,68558,13.2,6.01
HD현대마린엔진,071970,KOSPI,54,78800,1.68,0.2602917770295548,-0.2445831874298541,-0.0802668836513281,-0.03191582491582492,1,0,98.9,3.8,26730,16.19,41.36
노타,486990,KOSDAQ,54,44050,4.01,1.305692826757418,0.15981431989790493,2.338227767733702,0.7542441508029353,0,1,111.3,17.4,9403,-15.74,41.9
BGF리테일,282330,KOSPI,54,125100,1.79,0.3313007631116455,-0.08826840255295532,0.14339957450744614,-0.014100018499676254,1,0,103.9,1.0,21622,11.07,15.64
한국타이어앤테크놀로지,161390,KOSPI,54,57400,-1.2,0.22812609698469846,-0.16963113608235825,-0.4010182676080108,-0.08998262685643564,0,4,96.4,1.4,71104,6.53,9.39
태광산업,003240,KOSPI,54,1179000,-2.64,-0.6044039003580407,0.24131469490363375,-0.02768682867372591,-0.020514588253218558,0,7,97.5,1.8,13127,8.19,5.45
현대지에프홀딩스,005440,KOSPI,54,14440,-1.16,-0.1509669120063963,-0.04858258472882335,-0.14287337360636077,0.09058403366943543,3,0,97.3,1.0,22513,4.22,23.02
씨에스윈드,112610,KOSPI,53,62100,-1.9,0.18536668130441422,1.6999846341835954,0.6529100618603941,0.43281013250343664,0,15,111.3,8.7,26188,0.0,13.92
GS,078930,KOSPI,53,67800,-3.42,0.43970797815769,-0.23116852707271776,-0.1400172293918758,-0.01958793593345715,6,0,102.3,1.6,62997,8.04,5.55
KT,030200,KOSPI,52,59700,-0.67,-0.02998340256684634,-0.033528277846826667,-0.06095388516320278,-0.009491403523930426,0,0,99.5,0.9,150457,8.69,10.22
HPSP,403870,KOSDAQ,52,45650,-8.24,-1.7979480223582645,0.04487189645994144,-0.610329088368379,0.3028955097151983,0,0,99.8,22.7,37570,45.93,31.09
KCC,002380,KOSPI,52,525000,-1.5,1.3497923757877137,-0.9607682728169075,-0.5951986217687658,-0.3759873858618768,3,0,96.8,1.4,46654,3.03,23.51
알테오젠,196170,KOSDAQ,52,381000,6.28,0.5931524705340159,0.01788781353572199,0.24914468974917142,0.1279959380086682,0,2,104.2,3.6,203964,162.27,29.52
현대글로비스,086280,KOSPI,52,227500,-0.87,-0.16521087472527474,-0.21343023589743593,-0.09045738315018315,-0.06721386080586081,0,1,95.7,1.0,170625,9.84,18.13
한화엔진,082740,KOSPI,52,49200,0.92,0.6088310003409977,-0.36038315106196417,-0.11615968068004676,-0.05297805436477007,3,1,100.4,3.0,41056,23.63,36.6
삼성증권,016360,KOSPI,51,94500,-3.37,-0.7319603344077357,0.23110897639474803,0.07803326657818647,-0.10678551926814239,0,3,97.0,3.5,84388,8.98,12.89
하나금융지주,086790,KOSPI,51,108800,0.09,-0.05776656935849256,-0.061278237423138655,-0.26354847069857146,-0.017240424941714166,0,3,97.3,2.0,302818,7.71,9.17
한화에어로스페이스,012450,KOSPI,51,1369000,-2.21,0.40874056067193365,0.008192202044756857,0.06988026683552839,0.0225810189218632,4,0,99.2,1.9,705903,47.91,19.14
비에이치아이,083650,KOSDAQ,51,99700,-4.87,-1.1463247439388047,0.8905633702839363,0.09658548554388693,-0.3146412290937378,2,1,101.6,7.5,30852,50.92,20.64
DB손해보험,005830,KOSPI,51,175900,-9.66,-0.3222238762433836,0.15407341084509119,-0.0422542991986628,0.03526969011684119,1,0,95.6,2.3,122046,7.81,18.98
신영증권,001720,KOSPI,50,201500,-4.05,-0.06788214749298155,0.2758235910284662,-0.1415194101488212,0.012776255018564917,0,15,99.8,0.7,33127,23.34,6.45
엔씨소프트,036570,KOSPI,50,225500,-0.88,0.8697765592194641,0.6654135194104812,0.30910013173603396,0.2544866390844346,0,3,102.6,2.0,48582,14.35,2.99
KODEX 2차전지산업,305720,KOSPI,50,16665,-0.71,-0.18146266731303393,0.049249646244955717,13.440867182799643,-0.20581693255070488,0,1,99.5,19.1,19081,0.0,0.0
한진칼,180640,KOSPI,49,118300,-6.63,-0.2813137313243859,-0.08397225626740946,-0.07325418713598379,-0.0375194365662193,0,5,93.9,1.1,78980,0.0,16.75
SK스퀘어,402340,KOSPI,49,558000,-7.77,-0.5067016359901553,0.044413268642662734,0.03847263264436684,-0.023766408066796373,0,0,96.5,2.6,737046,8.4,37.82
씨아이에스,222080,KOSDAQ,49,12000,-5.36,0.7565550439254339,-0.13176114098992928,0.18100660809942148,-0.0038496185986715238,4,0,90.5,10.2,9334,19.7,15.16
기아,000270,KOSPI,49,154700,-2.03,-1.780464809617712,0.27777637295953933,0.08321625994049364,-0.12202379261187246,1,2,91.9,1.8,603969,8.09,12.92
프로티나,468530,KOSDAQ,49,77200,6.04,-2.4611010065127297,0.3228895914742451,2.182501397276495,-0.08321680284191829,0,1,98.9,6.4,8445,-84.65,31.22
KT&G,033780,KOSPI,48,155500,-0.26,0.34483371653525646,-0.22572366898083243,-0.14147353775753974,-0.022925404605152477,0,1,99.3,1.3,178322,17.33,11.77
LS에코에너지,229640,KOSPI,48,44600,0.11,0.03055762134856139,0.14753793103448276,-0.108056680576909,0.08447835127022477,0,1,101.7,3.7,13659,32.46,21.43
한미약품,128940,KOSPI,48,551000,1.85,1.4013715451415942,-0.12787481052288602,-0.1403613735851195,-0.056220409695561635,0,10,105.2,3.6,70589,60.6,11.89
파마리서치,214450,KOSDAQ,48,309500,-4.03,2.811094445826595,-0.8390688362980471,-0.4186093108595596,0.11480754758054483,8,1,96.8,3.2,32156,21.78,26.88
삼성생명,032830,KOSPI,48,222000,-2.42,0.25621001689189193,-0.038451126126126126,-0.05779766554054054,0.007103164414414415,5,1,100.9,1.1,444000,19.28,4.96
한국전력,015760,KOSPI,48,46000,-0.97,-1.1861483195226599,-0.5909935684703508,-0.49147430249608026,-0.07022969712464824,1,0,94.0,1.8,295303,3.46,19.4
온코닉테라퓨틱스,476060,KOSDAQ,48,22950,-3.37,0.10723220248495438,0.3482594593282858,-0.10313995340710543,0.2066862696563774,2,0,102.9,7.5,10302,63.93,24.65
팬오션,028670,KOSPI,48,4980,-1.97,-0.9162390774547367,1.2230755555555555,-0.02643160318533544,-0.001416474344527083,0,4,95.7,3.5,26622,8.83,5.3
에스엘,005850,KOSPI,48,59200,-2.95,-0.3494362899119936,-0.4165092188522802,0.37323059858898827,-0.023349003563895555,4,0,91.8,1.6,27498,8.85,12.81
강원랜드,035250,KOSPI,48,18240,0.55,-0.9634059108730749,0.3749382643569177,0.07480043692181533,0.017445289957204728,0,1,100.5,1.4,39023,12.27,8.11
KB금융,105560,KOSPI,48,152200,1.87,-0.5756669137834418,-0.012735735658474866,0.06747457223011288,-0.01146336968129161,0,1,101.1,1.5,567478,10.2,8.86
이마트,139480,KOSPI,47,97800,-0.71,0.3567526659009226,-0.16603642965652674,0.4272374115380341,0.02744671903368039,2,2,101.9,5.4,26989,19.87,1.27
TIGER 코스닥150,232080,KOSPI,47,20080,-2.17,-0.12791465853658537,0.8176778688744686,3.003347362720967,0.08536658916983665,1,0,99.2,16.8,22345,0.0,0.0
HDC현대산업개발,294870,KOSPI,47,22100,-1.12,-0.17049312096663463,0.17468248661265962,-0.36999577097349995,0.01656480502540162,0,1,100.8,3.7,14566,9.21,5.0
iM금융지주,139130,KOSPI,47,16980,0.0,-0.8798491376402434,-0.32872764207670313,0.12581391691721053,0.5605693121654323,0,1,99.3,3.3,27274,7.18,3.6
코스맥스,192820,KOSPI,47,188800,-3.82,1.6607210238939705,-0.27591039761060293,0.003461932984879597,0.3529917257793541,2,0,105.3,6.4,21428,17.41,23.86
KODEX 200,069500,KOSPI,47,81600,-3.44,-0.41233556959770046,0.6035932474967632,0.5560583391039422,1.4723208247318598,1,4,96.6,50.8,168382,0.0,0.0
이수페타시스,007660,KOSPI,47,115000,-4.41,1.1013766527285866,0.5904703012283673,0.22974171710830243,0.06947489487212898,0,0,99.7,7.6,84421,58.38,24.92
키움증권,039490,KOSPI,47,418500,-3.12,-0.2761225842327888,0.01390463644982497,0.0741164263054259,0.040653364753500586,3,0,96.2,2.8,109696,11.47,15.98
오리온,271560,KOSPI,46,132200,-1.42,0.6720390609753765,-0.16382437101804198,-0.17635780894254502,-0.045663573574148124,0,0,101.3,1.6,52267,13.66,10.51
한미사이언스,008930,KOSPI,46,37950,0.66,-0.0751092043922173,-0.1146652668079368,0.0029391793488730495,0.007873376998651512,1,5,98.6,1.1,25955,34.53,7.3
대한항공,003490,KOSPI,46,24950,-1.77,0.13614343318348554,-0.06743359983019669,-0.034831975269671606,-0.09684198604565096,0,3,100.0,3.3,91871,11.82,7.28
동양생명,082640,KOSPI,46,8670,-2.58,0.48563966190135816,0.08389925804145819,0.0004218270192994996,0.05542410078627591,0,1,105.7,1.2,13990,7.8,12.91
HD현대마린솔루션,443060,KOSPI,46,178900,-1.38,0.6216268556039051,-0.4162625375609391,-0.030127445357405584,-0.021125757141254066,1,0,101.7,1.0,80203,29.75,33.73
올릭스,226950,KOSDAQ,45,200000,6.61,1.0816366567325928,1.0089883771335681,0.3485367158444373,0.5011107287997832,1,8,107.3,10.4,40601,-258.4,-18.83
LG씨엔에스,064400,KOSPI,45,61200,-2.08,-0.9649550460417581,0.17657643606435727,0.06497671096569636,0.0032673052922724054,0,1,93.4,2.6,59294,13.46,17.35
BNK금융지주,138930,KOSPI,45,18430,-0.11,-0.23099656041823297,-0.2029409899812914,-0.07818409752941793,-0.005094200688895495,1,0,99.0,2.3,57193,7.4,6.96
LIG넥스원,079550,KOSPI,45,735000,0.14,-4.018643061224489,0.246927254174397,0.23367206555349415,0.29221499072356216,1,4,105.7,8.5,161700,0.0,19.59
HD현대,267250,KOSPI,45,266500,0.57,0.1604199518328686,0.11677614159426555,0.01471642670188156,-0.0055468180716996725,1,2,98.6,1.0,210517,21.87,10.25
태웅,044490,KOSDAQ,45,45300,-2.58,1.0264583636764868,0.3821487035198058,0.3052988966126007,-0.09348867924528301,0,1,104.8,36.5,9063,64.62,4.42
삼성바이오로직스,207940,KOSPI,45,1585000,0.0,0.14972770242274897,-0.0764976380378132,0.0212245744924439,0.003905614191944523,0,0,98.2,0.3,733712,59.65,19.44
롯데정밀화학,004000,KOSPI,45,51600,1.98,-0.4540442349583115,0.6668716179674004,0.4772645534440021,0.031059100127694732,2,1,102.8,1.6,13313,12.55,4.42
CJ제일제당,097950,KOSPI,45,216500,-1.14,-0.011512736254295533,-0.12209902430044181,0.3071360947471772,-0.0025258468335787924,10,5,106.0,2.6,32592,-6.21,-7.67
현대로템,064350,KOSPI,45,189800,-0.47,-0.40458198472619145,-0.24925113877732297,-0.07914804587935428,-0.2012482891789604,2,3,93.4,4.0,207152,26.9,30.05
한국금융지주,071050,KOSPI,45,216000,-2.04,-1.1762413889073509,-0.4038301832713013,-0.037995027748238736,0.2817522514289512,3,0,94.6,2.7,120368,7.48,11.54
한화오션,042660,KOSPI,44,125700,0.8,0.10133248892673732,0.04875945602110281,-0.019900563918558944,-0.026850320125038296,0,3,97.5,1.4,385162,30.91,22.59
동원산업,006040,KOSPI,44,39950,-0.12,-0.6836584991778647,0.290567182627431,-0.05255592787889097,-0.026141412938708395,0,5,101.2,0.6,17637,0.0,2.74
리브스메드,491000,KOSDAQ,44,78400,-0.63,-0.005045698512498083,0.771181981291213,0.6506616674334202,-0.041760144149670296,1,2,95.1,6.6,19563,-64.85,66.0
LS머트리얼즈,417200,KOSDAQ,44,20050,-4.52,2.339427542023002,-0.1053905750516072,0.8707674166912415,-0.09140075567679151,1,0,102.6,44.5,13564,3341.67,0.24
한올바이오파마,009420,KOSPI,44,64400,11.23,-0.5360623517522218,0.6049903129923014,0.48693746098742685,0.1700911482329162,2,14,114.3,4.5,33643,-607.55,-3.37
넷마블,251270,KOSPI,44,51500,0.19,-0.4508532089552239,0.3908735299692016,0.11098429163705283,-0.00420166429755982,0,2,98.5,1.1,42210,19.67,4.15
한전KPS,051600,KOSPI,44,60600,-3.5,-0.6998818775210854,0.6862668646864687,-0.2528129666299963,0.07746090942427576,0,2,102.0,6.6,27270,21.95,9.29
HD현대일렉트릭,267260,KOSPI,44,965000,-2.72,-0.2452748386540369,-0.019273734745799256,-0.0012217763148438287,0.11457677768035532,0,0,100.8,1.6,347855,47.48,41.5
씨엠티엑스,388210,KOSDAQ,43,143000,-5.3,0.34669930912832575,-0.7143492576804351,-0.8225209907393796,0.6350562325444657,0,0,100.6,7.2,13606,46.14,78.33
코나아이,052400,KOSDAQ,43,57100,-0.7,-0.46472049062049064,0.8284957431457431,-0.28773204665704666,-0.3687024891774892,0,0,92.3,4.0,8316,11.17,32.62
다우데이타,032190,KOSDAQ,43,23650,-5.21,-0.4571014683153014,0.07620340582910134,0.18459642305144625,0.1343240505630382,0,0,97.1,2.4,9058,4.77,12.96
원익QnC,074600,KOSDAQ,42,32850,-6.28,1.534151042149143,-0.18093656785548867,1.514815609078277,0.9524989289022696,0,0,99.5,7.4,8636,31.47,11.67
코스모신소재,005070,KOSPI,42,49900,-3.29,0.16870456450718116,-0.19019399617826543,-0.24825722122911917,-0.044719518584725386,3,3,99.4,2.8,16223,-3118.75,-0.11
하이트진로,000080,KOSPI,42,16540,-0.72,-0.6216749732758621,-0.022862164655172414,-0.015283975862068965,-0.04487885344827586,1,4,98.4,1.8,11600,28.42,3.69
기가비스,420770,KOSDAQ,42,76800,1.72,-0.2134879609655881,1.0509285772984078,1.5934073138161273,0.14386670775552132,2,5,105.6,5.0,9735,63.0,7.42
HD한국조선해양,009540,KOSPI,42,375000,-2.6,0.11417533600352675,-0.07763756457258693,0.007941467375536457,-0.010954875489357533,0,0,91.7,1.7,265399,12.24,17.78
HD현대에너지솔루션,322000,KOSPI,42,128600,1.42,-2.679681476081372,0.6026150454766368,-0.8683254877456085,0.04595822398111505,5,0,111.8,67.6,14403,34.56,10.59
제주반도체,080220,KOSDAQ,42,40900,-6.94,4.045258032228296,0.2187365691772556,0.383337172570455,-0.10752717399020373,0,0,93.7,18.8,14087,0.0,11.44
다우기술,023590,KOSPI,42,47650,-3.05,-0.18088036624725198,-0.05927855372094112,0.021837415220543523,0.004899873707844146,0,0,96.3,0.6,21379,4.81,13.16
하림지주,003380,KOSDAQ,42,14880,-1.52,2.6758220526821073,0.03942180427217089,0.14523010020400817,-0.10334621144845793,1,0,96.1,17.4,16666,14.12,0.9
현대엘리베이터,017800,KOSPI,42,86700,-1.48,0.7891433304812203,-0.6316090225120231,0.04216447644056295,-0.3714184610391526,0,0,97.9,5.7,33893,12.93,20.11
덕산네오룩스,213420,KOSDAQ,42,52900,0.76,-0.32969880100487214,1.6329532239646771,0.8531942676613885,0.10714996954933008,0,16,120.5,8.1,13136,27.7,12.17
KODEX 200선물인버스2X,252670,KOSPI,42,276,7.39,1.9660434130582636,0.0,0.19738461868057128,0.04365232010881886,0,0,101.8,388.2,13233,0.0,0.0
TIGER 차이나전기차SOLACTIVE,371460,KOSPI,42,13430,1.24,4.05677631442315,0.0,0.3575616087653661,0.03418051385813545,5,0,103.4,4.2,13097,0.0,0.0
롯데쇼핑,023530,KOSPI,42,114100,2.52,0.09394405613904638,0.7984862564674536,0.27484420175357066,0.037220943706044556,0,13,111.6,2.8,32277,62.62,0.34
유한양행,000100,KOSPI,42,99000,0.1,0.8948025655984071,-0.2557332386399665,-0.05093626333210739,-0.1804613980799229,3,0,99.3,1.4,78851,41.44,8.81
실리콘투,257720,KOSDAQ,42,36600,-4.56,-1.5333990620393942,-0.7127173902362768,0.8394618093706732,0.890192485148957,0,0,95.6,4.9,22389,14.09,60.9
SK하이닉스,000660,KOSPI,41,933000,-6.23,-1.2638930860049449,-0.02564512047724397,-0.053980670464137744,-0.04897316104201917,0,0,96.9,3.0,6649513,15.83,44.15
KODEX AI전력핵심설비,487240,KOSPI,41,33415,-2.52,0.07404266912572594,0.10807369015853084,0.4359443875895987,0.290684830481871,0,0,104.2,34.4,19113,0.0,0.0
녹십자,006280,KOSPI,41,148300,-0.47,0.417211551555017,-0.23494536379897293,0.3940198142057585,0.002010778374011886,3,2,98.5,1.4,17331,-370.75,-0.38
파라다이스,034230,KOSPI,41,16990,0.12,-2.0228809581903673,0.998360385690685,0.6374944103443894,0.3883844529165078,0,4,97.1,3.8,15738,15.54,4.97
휴림로봇,090710,KOSDAQ,41,13110,-4.45,-0.593979426601111,0.0,-0.42293228210203687,0.015296583232232935,2,0,99.2,43.6,15661,485.56,-5.59
효성티앤씨,298020,KOSPI,41,389500,1.17,-1.2146682783578548,1.218311254152824,0.47285815140009496,-0.10063063597532036,0,10,106.9,4.8,16856,155.86,0.72
테스,095610,KOSDAQ,41,63400,-7.31,0.2251563060127098,0.1994812530552387,0.19724003584813427,-0.2123850496985498,0,2,94.0,7.2,12274,21.98,15.76
두산,000150,KOSPI,41,1239000,-0.88,0.43851591391632855,0.2741656981090699,0.17131841787860966,-0.1377613959190997,0,14,110.0,2.1,200642,0.0,-14.57
KODEX 미국S&P500,379800,KOSPI,41,22460,0.16,0.025472925867507885,0.782061964037855,0.0015260354574132492,0.016814367823343848,0,0,99.6,19.8,79250,0.0,0.0
아이엠바이오로직스,493280,KOSDAQ,40,77300,7.06,0.03075132201015584,0.253519007179128,0.15096075993696376,-0.02940232883908247,1,1,383.1,39.4,11422,-59.92,16.62
한일시멘트,300720,KOSPI,40,16590,-2.47,-0.4825681706417507,0.037124282435865914,-0.10438478895172527,-0.06846374477501845,0,1,98.3,1.4,12201,15.64,4.14
성광벤드,014620,KOSDAQ,40,34250,-3.11,-1.124717177880387,0.5276755332014071,-0.277870481530343,0.04256343447669306,0,1,100.4,10.5,9096,27.85,8.01
앱클론,174900,KOSDAQ,40,75700,13.15,-0.9240910567488729,0.23659529965526388,1.4888765314240255,1.6645201604348978,0,2,105.3,15.8,15084,-81.49,-39.86
TIGER CD1년금리액티브(합성),475630,KOSPI,40,1062280,0.02,-0.004047785767883942,0.0,0.03749154327163581,0.0,0,0,100.1,30.7,15992,0.0,0.0
KODEX CD금리액티브(합성),459580,KOSPI,40,1075445,0.02,0.013549023711276713,0.06614276036213587,0.158837764919628,-0.13989547373283243,0,0,100.1,17.1,81185,0.0,0.0
TIGER 200,102110,KOSPI,40,81680,-3.38,-0.4331690234470818,0.3470505469302359,0.5912112889401919,0.24044736339369455,2,2,96.7,29.2,69305,0.0,0.0
에이피알,278470,KOSPI,40,310000,-5.63,2.1495833161005704,0.19428438797842457,-0.08261557152458253,-0.8748253933378138,1,1,96.6,6.0,116058,40.24,75.3
태성,323280,KOSDAQ,40,56000,-5.08,1.2235574586281504,0.01702952458920531,-0.03806466873282264,-0.024236459856148765,3,0,79.8,8.3,17101,-835.82,16.61
가온전선,000500,KOSPI,40,105600,-5.88,-0.726051763022324,-0.14143271894676587,0.0010905094447624499,0.15968018317115054,2,0,101.1,1.6,17470,32.83,10.97
SK오션플랜트,100090,KOSPI,39,28700,14.57,-2.040661167809938,1.111790008923094,0.29771594501143267,0.4340108437900842,0,6,140.5,72.5,17931,45.92,4.96
에이비엘바이오,298380,KOSDAQ,39,179900,4.41,0.5027626353987749,0.3325005430843618,0.5167917852285024,-0.06732299619741662,1,2,98.2,5.3,100721,-259.6,-23.48
PLUS K방산,449450,KOSPI,39,72660,-0.87,-0.01470941889390258,-0.04998831424273979,0.17370837267152608,-0.20650097564503064,0,0,98.3,22.0,17286,0.0,0.0
달바글로벌,483650,KOSPI,39,143500,-7.95,1.507196378563797,0.272526351009391,-0.37740339650227744,0.06714839453410561,0,1,94.3,3.1,17783,23.58,26.21
LG이노텍,011070,KOSPI,39,303000,-3.19,1.0071349792918798,0.03492913918366778,0.17242647571502281,0.20432488042280822,0,6,109.0,5.4,71711,21.01,6.14
젬백스,082270,KOSDAQ,39,41650,0.12,0.027530465141553006,-0.15736937184154756,0.2012714530239635,0.03409784545997935,6,0,104.7,3.4,18403,-28.55,-127.3
TIGER 반도체TOP10,396500,KOSPI,39,31540,-5.71,0.15929915543543544,0.12484668672672673,9.99312963951952,0.08451321603603604,1,0,94.7,36.1,83250,0.0,0.0
두산밥캣,241560,KOSPI,39,60500,-1.94,0.6492073232976393,-0.15969153001224287,-0.22733063473177798,-0.06048984015312193,1,0,100.3,1.8,57993,14.52,5.71
RISE 200,148020,KOSPI,39,82240,-3.5,-0.034244946782218996,1.6883770455069693,2.925039303226019,0.033964122483276765,1,0,96.6,20.7,30347,0.0,0.0
POSCO홀딩스,005490,KOSPI,39,342500,0.15,-0.2198655874023702,-0.04383265571168311,-0.18125585057450533,-0.06690264795541045,1,3,98.1,2.1,277195,42.36,1.18
TIGER 미국필라델피아반도체나스닥,381180,KOSPI,39,31220,0.13,3.788996905085592,0.0,0.05555592001220764,0.00041750561828926563,4,0,102.7,11.4,36043,0.0,0.0
KODEX 반도체,091160,KOSPI,39,95990,-5.61,0.08633826454266177,0.09556818724606084,4.841767740189278,0.07632250185809136,1,0,96.5,65.6,40364,0.0,0.0
테크윙,089030,KOSDAQ,38,51800,-4.95,0.05339059080962801,0.15765742419506096,1.411174096071689,2.301690137542982,2,0,88.1,18.3,19194,205.56,4.63
케어젠,214370,KOSDAQ,38,93800,-4.29,0.5049774079587179,-0.041925009427408955,-0.0319093420660911,-0.08951281532202045,11,0,79.7,2.0,50385,250.8,9.23
클래시스,214150,KOSDAQ,38,52700,-2.04,0.8122219872596642,-0.584218563658047,-0.136771524768027,-0.0521808124145554,3,0,97.8,1.4,34379,26.17,26.54
비츠로셀,082920,KOSDAQ,38,35300,-1.53,-3.317775473289597,-0.04938631052796001,0.5822109934395502,0.25484571696344893,0,2,137.1,22.8,16005,28.11,18.56
GS리테일,007070,KOSPI,38,20950,1.7,0.12349569022607901,-0.018464052295044532,-0.004165834665448733,0.1615051883991779,0,6,105.3,0.8,17516,40.37,1.34
더존비즈온,012510,KOSPI,38,118700,0.08,-3.0922015992682725,-1.569968860001663,-0.42374319964522295,0.4324369272984284,0,0,99.9,1.7,36079,40.47,16.0
한전기술,052690,KOSPI,38,163900,-2.9,-0.9659002937279504,0.5463687786344843,0.19681585652028158,-0.05394618712386061,0,0,100.6,4.8,62643,73.37,14.2
DL이앤씨,375500,KOSPI,38,66400,-4.18,-3.1220148484022885,0.14132477523060755,0.22757290117930953,0.3211630677616471,0,2,126.6,36.1,25693,7.7,7.34
SK텔레콤,017670,KOSPI,38,80000,0.25,0.6067916144839145,0.01043861038688952,-0.06105895467666092,0.01880834361469342,3,1,103.1,1.8,171832,42.08,3.33
NHN,181710,KOSPI,38,37000,-1.46,0.10806526116016173,0.2419068446241439,0.14268744533377342,0.061780926644112555,3,1,98.8,0.9,12119,-27.31,-8.6
한국항공우주,047810,KOSPI,38,188000,1.62,0.005350598353096539,-0.04377695099125253,0.12761639045472653,-0.05715377047033337,0,0,102.7,2.9,183253,98.58,10.51
KODEX 은선물(H),144600,KOSPI,37,11550,-4.62,3.5554482478495055,0.0,-0.053873426320443764,-0.016861344963421496,3,0,86.8,32.9,12439,0.0,0.0
STX엔진,077970,KOSPI,37,35300,-2.89,-0.5262057860570138,0.450182599491956,0.5814042019475022,0.06671245766299747,0,0,107.1,4.0,14172,19.74,10.15
보로노이,310210,KOSDAQ,37,316000,5.33,-0.0022287437203220703,-0.32741456197095864,-0.16242548689009703,-0.05850085162755488,2,5,98.0,2.2,58124,-122.86,-96.66
농심,004370,KOSPI,37,373500,-1.32,-1.0045947004709714,-0.7392753422245698,-0.09545556582596065,-0.04166787710726705,0,4,96.6,1.5,22719,13.35,6.18
동국제약,086450,KOSDAQ,37,20550,2.75,-0.29728948144163525,0.1157175761161915,0.31769581387842927,0.4505655470683163,0,0,108.9,4.5,9295,14.08,10.42
에스앤에스텍,101490,KOSDAQ,37,86400,-7.69,1.6178170238159821,0.5033099495470081,0.30523491564042754,-0.5520939781912874,0,0,97.9,6.3,18433,31.79,21.24
현대백화점,069960,KOSPI,37,84500,-2.65,0.506888091627007,-0.582089158516814,0.0710040217561843,-0.16135740808535118,0,1,93.6,2.0,19121,9.21,4.64
금호석유화학,011780,KOSPI,37,128000,-1.54,1.1368581044986645,-0.9975062633174275,-0.5041884427238078,-0.1249101737642928,1,0,100.0,1.7,33321,13.0,4.74
에이프릴바이오,397030,KOSDAQ,37,63900,2.4,1.4612208903191204,0.2981409493161705,-0.8938085277554304,-0.20885636899973184,3,1,99.9,8.1,14916,-148.95,-10.39
차바이오텍,085660,KOSDAQ,37,19580,-0.51,-0.2935436331988727,-0.266982771730121,0.6349369260098359,-0.2523141128363817,5,0,101.6,2.7,18097,-11.44,-2.85
레이크머티리얼즈,281740,KOSDAQ,36,19980,-0.1,1.3819070806365643,0.1627977804005178,-0.33402783293992233,0.012575735170943425,0,0,97.2,3.9,13133,0.0,17.38
유진테크,084370,KOSDAQ,36,124100,-8.68,0.4593442174478709,-0.1528976335314181,-0.33889193009599494,-0.19877382467737964,0,3,95.6,3.9,28439,66.97,9.81
두산테스나,131970,KOSDAQ,36,100000,-3.29,0.6829617995550267,-1.3552290215760334,2.4143009365136856,1.52230792673462,3,0,128.4,17.7,19327,-138.7,8.74
LG에너지솔루션,373220,KOSPI,36,384500,-2.41,0.12987208773743233,-0.06237282629233214,0.09180618907894592,-0.036319884854345195,4,0,101.2,0.8,899730,-83.86,-5.19
에코프로비엠,247540,KOSDAQ,36,198900,-2.02,0.46964570033661385,0.0762787614667112,0.09453568055091605,0.07482443045455714,4,0,101.2,2.4,194585,493.55,2.29
쏠리드,050890,KOSDAQ,36,14340,-9.87,-2.6388694226354454,0.640227078741965,0.7634038326446281,0.1267156026170799,0,3,129.3,179.2,8712,24.02,10.8
일진전기,103590,KOSPI,36,78000,-1.89,-0.0007095174082537975,-0.3634434897163597,-0.30793821481381906,-0.48573435139131604,0,1,97.0,2.9,37195,35.8,19.08
파크시스템스,140860,KOSDAQ,36,259500,-5.81,0.42874277217908474,0.4849823503496889,0.6211586816454651,-0.5834825155570241,0,0,96.4,2.8,18159,37.0,25.83
SOL 조선TOP3플러스,466920,KOSPI,36,33940,-0.79,0.014493851126401065,0.10072803379203198,1.0282117631228498,-0.007878244367994674,3,0,94.3,19.3,18022,0.0,0.0
HD건설기계,267270,KOSPI,35,129600,-5.19,1.0942828561778235,-0.7016751664682986,-0.1832445025251713,-0.2596474957377682,0,2,99.4,3.3,62174,23.09,5.74
현대차우,005385,KOSPI,35,250500,-2.34,1.260781277258034,-0.33755527715541567,-0.2972767876994647,0.13881610768099334,0,0,93.4,2.3,58469,7.09,0.0
효성중공업,298040,KOSPI,35,2860000,-4.35,0.7650178077260558,-0.10353741534861745,-0.0006705176952325241,-0.17050034123037924,0,0,108.8,2.4,266682,51.3,24.41
오스코텍,039200,KOSDAQ,35,54300,1.12,1.974320318667565,-0.1664271733898142,1.2156587248483681,-0.5587054996630403,2,0,102.5,4.5,20774,-157.85,0.77
미스토홀딩스,081660,KOSPI,35,40100,-4.98,0.3673241780178488,-0.4389770408642555,-0.11677428135274777,-0.052589891968060125,0,0,85.8,2.4,21290,10.71,11.39
로킷헬스케어,376900,KOSDAQ,35,129400,7.56,3.965674216831975,0.0,0.0652656044387705,0.04504814887557695,2,0,132.5,16.1,20366,-241.87,9.83
메디포스트,078160,KOSDAQ,35,24550,13.66,-0.531769761038961,0.31307246753246754,0.13663422857142857,0.01620505974025974,2,4,111.6,4.0,9625,-9.53,-22.22
삼성화재,000810,KOSPI,35,453000,-7.55,-0.6239603681793975,0.07634436336245569,0.020107368865475865,-0.038141828710700425,0,0,92.9,1.5,208431,11.37,13.11
티에스이,131290,KOSDAQ,35,115000,-5.51,2.420020265702382,-0.25388728087414514,-0.20495269239839634,-0.11819196604040563,4,0,107.8,2.7,12721,0.0,13.36
HD현대중공업,329180,KOSPI,35,511000,-2.29,0.45208024953761705,-0.059850633539168314,-0.02287933856870115,0.007792859912893025,0,0,90.5,1.2,536352,32.54,18.82
KODEX 코스닥150,229200,KOSPI,35,19750,-1.74,-0.3616167639404175,0.2713179832770364,-3.709723189406944,-0.07973683994130351,1,0,99.7,39.3,72236,0.0,0.0
KODEX 레버리지,122630,KOSPI,35,78500,-6.97,3.259768797794671,-0.0018845401174168298,0.7410418686963721,-0.1723025734796026,1,0,91.2,179.1,53144,0.0,0.0
신세계,004170,KOSPI,35,332500,-1.34,1.4230285469285937,-0.11129131587153103,0.07886792952915497,0.022495463049579046,1,1,98.4,2.4,32070,230.9,0.32
알지노믹스,476830,KOSDAQ,35,227000,3.42,2.920759358204237,0.9615666171356307,1.9046121719886184,-0.02371930761934872,2,0,125.6,14.6,31630,-22.76,19.81
오리온홀딩스,001800,KOSPI,35,25450,2.41,0.6357424041899266,-0.2980981088879132,0.24117762968073764,-0.00418627610863702,1,2,105.6,1.3,15943,13.18,5.01
현대차2우B,005387,KOSPI,35,252000,-1.95,-0.5273916001770534,-0.7558270040517995,-0.0769928838143663,-0.05090324484445403,0,1,93.8,3.8,88109,7.13,0.0
LX인터내셔널,001120,KOSPI,35,48200,3.43,0.2456859222781287,0.31430808799914356,0.17589674553045714,0.2513934107697248,0,2,110.5,3.4,18682,13.17,5.22
제일기획,030000,KOSPI,35,19830,-1.1,-0.8011147253758821,-0.2384940709244729,0.35821518344803405,-0.028314768772191294,0,0,95.9,2.6,22813,10.99,13.7
지투지바이오,456160,KOSDAQ,34,78300,-1.01,-2.7265901813971443,-1.520553979158626,-3.476114619837901,-1.9036924585102275,0,1,82.7,21.1,12955,-72.63,105.5
셀트리온,068270,KOSPI,34,203000,-0.25,0.6098980429739802,-0.05716953081692351,0.023169380506067868,0.019951877713057644,3,3,97.3,1.2,469028,45.65,5.94
서부T&D,006730,KOSDAQ,34,13520,-4.59,2.359703831168831,-0.1541753998632946,-0.639049969241285,-0.4763630223285486,4,0,92.5,4.6,8778,13.05,3.7
두산에너빌리티,034020,KOSPI,34,100900,-1.66,0.5427669089592558,0.02889693730408494,0.2984419800534096,0.04837660638748867,2,0,99.7,4.0,646326,0.0,1.52
삼성SDI,006400,KOSPI,34,396500,-1.86,-0.12120582620289058,0.1775238700308586,-0.177213224754477,-0.05124004763365277,3,0,99.0,2.8,319522,-47.63,-3.15
한화생명,088350,KOSPI,34,4730,-4.83,-0.4682932065918551,-0.06881825369392176,-0.03098985102602176,-0.002621480124631825,0,0,97.5,4.5,41081,5.29,6.98
ACE 미국30년국채액티브(H),453850,KOSPI,34,7540,-0.2,-0.006835553366358928,0.9454382458905652,-0.09787335510020266,0.0,2,0,98.6,5.8,17764,0.0,0.0
RFHIC,218410,KOSDAQ,34,81100,-8.47,-2.2518976364058507,0.6427714000464361,0.38425274669143256,0.26184876712328764,0,2,109.2,12.5,21535,135.85,8.6
큐리옥스바이오시스템즈,445680,KOSDAQ,34,116700,-0.17,3.4099682066169477,0.45379324791030584,6.071761854947695,-0.2502629410881425,0,1,107.7,9.0,19979,-81.67,-15.94
GS건설,006360,KOSPI,34,26250,-4.2,-4.290105613176052,-0.07956888048074783,0.8267088074782997,0.13951574315602047,1,2,111.4,35.3,22465,24.02,2.03
HLB,028300,KOSDAQ,34,49950,-2.44,0.43605903642543464,0.0029679953979426096,-0.03068576520483667,-0.11688046757504662,3,0,99.6,1.8,66492,-29.82,-16.33
삼성카드,029780,KOSPI,34,54500,-3.37,-0.322525087499802,-0.0372621763299178,0.001092174904581664,-0.32774831731149934,0,0,91.9,0.7,63143,9.78,7.45
SK바이오팜,326030,KOSPI,34,94700,-2.57,0.22308624651106346,-0.48250757250920273,-0.04362476976389844,-0.03821531895958901,0,0,94.0,1.3,74163,27.78,39.28
서울보증보험,031210,KOSPI,34,53900,-4.09,-0.1096492081628315,0.1224141627251953,-0.011097813147685603,-0.07229380081840889,0,2,96.2,0.5,37634,16.39,4.12
지아이이노베이션,358570,KOSDAQ,33,14510,5.91,0.4062914345628562,-0.12306569416066243,0.49299404989783846,-0.14339743198193355,2,0,101.5,4.8,9299,-16.18,-116.69
세미파이브,490470,KOSDAQ,33,28000,-12.09,1.9753853902953584,0.18734773206751054,0.5865266139240506,0.01781626582278481,0,0,105.5,23.3,9480,-2.7,-225.13
아모레퍼시픽,090430,KOSPI,33,136000,-0.58,0.08504033438089252,0.12642805782526711,0.2852079170333124,-0.044039079824010056,0,1,100.7,1.5,79550,39.85,4.41
HJ중공업,097230,KOSPI,33,25350,-5.94,2.5567204469200524,0.2674211926605505,0.328415122761031,0.009359930537352555,0,0,100.4,14.8,22890,-126.75,1.56
CJ대한통운,000120,KOSPI,33,108000,-3.66,1.095332702845314,-1.2275782603401388,-0.20975671956812922,-0.02066124934042294,5,0,93.5,1.0,24637,10.18,5.98
한미반도체,042700,KOSPI,33,278000,-7.33,-0.2715569200809154,-0.013327762220343589,-0.4192858080975816,-0.20775927659189034,0,0,91.9,4.1,264968,124.5,34.76
TIGER 미국배당다우존스,458730,KOSPI,33,14600,0.1,0.21029791444788112,0.0,-0.06747212859921559,0.07026242785625458,2,0,100.4,4.4,31361,0.0,0.0
티씨케이,064760,KOSDAQ,33,244500,1.88,-1.085812358235165,1.6132785724738423,0.5863497841516061,-0.2592035743030658,2,0,105.0,3.7,27334,40.78,13.5
엘앤씨바이오,290650,KOSDAQ,33,70900,-4.19,1.2610199466424477,0.15761748878923768,-0.8549943633989896,-0.9479777090310495,0,0,88.1,4.6,17617,21.28,65.41
대신증권,003540,KOSPI,33,38200,-4.14,0.2065506883217324,0.06532027842227378,-0.09817312193864398,-0.1435105955143078,0,2,95.4,1.4,19395,15.19,4.57
씨젠,096530,KOSDAQ,33,22600,-0.22,-1.0017390959925443,-0.018323599932220623,0.0136811996949928,0.003581428450393967,3,0,98.1,1.6,11803,24.46,4.81
카카오뱅크,323410,KOSPI,33,24500,-0.2,0.5346146381635237,-0.02884089462336151,-0.01952791334405695,0.016505599524282145,2,0,100.0,0.9,116876,25.44,6.95
셀트리온제약,068760,KOSDAQ,32,57600,-1.87,0.13876057944519513,-0.03663916620300453,0.04462852316985931,-0.013479743263651537,3,0,92.6,0.9,25162,66.21,9.31
코오롱인더,120110,KOSPI,32,80500,2.16,-1.3260142870040175,1.5887945109014578,1.4159407258610572,1.0739532659233513,1,5,117.3,8.2,22153,25.23,3.06
CJ,001040,KOSPI,32,203000,-3.33,0.09243797464080096,-0.3251200594303466,0.1492869658444343,0.0417686201016394,2,0,104.5,2.5,59229,50.51,2.69
원익IPS,240810,KOSDAQ,32,121500,-6.83,-3.769936225832956,-0.31079321897479756,-0.5693391133021446,0.01627567785099854,0,0,98.0,8.2,59637,70.97,9.05
TIGER 코리아TOP10,292150,KOSPI,32,29250,-3.34,-0.007598972578426588,0.0,0.1569622547366553,0.40207323534631934,1,0,95.5,16.5,22537,0.0,0.0
쎄트렉아이,099320,KOSDAQ,32,184000,-4.56,1.858694511166253,0.09682933002481389,0.33961650620347394,0.007675300248138958,0,0,99.5,7.5,20150,131.81,6.31
아모레퍼시픽홀딩스,002790,KOSPI,32,27850,-1.76,-0.11028614633230019,-0.06751519207288438,0.004623168498168498,-0.008861115807269653,0,1,100.9,0.8,21294,20.96,3.64
롯데에너지머티리얼즈,020150,KOSPI,32,40550,-0.73,0.32669946077046247,-0.15134403786380332,-0.34361670434209285,-0.13448633794857304,2,0,103.9,2.0,21234,-13.23,-10.54
TIGER 미국테크TOP10 INDXX,381170,KOSPI,32,28640,0.19,1.1552472238399782,0.054252959042046536,-0.1805212449312832,-0.18002236385902845,1,0,98.7,7.9,36745,0.0,0.0
KODEX 종합채권(AA-이상)액티브,273130,KOSPI,32,111935,-0.11,0.002760759973539589,0.5788322310706289,0.03444337382963566,0.030097569840219825,1,0,98.9,1.1,39304,0.0,0.0
KODEX 단기채권PLUS,214980,KOSPI,32,114695,0.01,0.0008510703257296544,0.0,1.3426793555134975,0.25376658088455023,0,0,100.0,0.7,20078,0.0,0.0
DB하이텍,000990,KOSPI,32,77900,-5.46,-3.2867105724402474,-0.027954948362348776,-0.45509439362643844,-0.4381148450870463,1,0,89.8,4.2,33890,13.47,12.52
인텔리안테크,189300,KOSDAQ,32,128000,-3.9,2.128557494179278,0.44353424039580913,-0.09754245488940629,-0.061895998253783474,0,0,101.2,7.3,13744,-390.24,-1.12
아시아나항공,020560,KOSPI,32,7060,-0.42,-0.07129096610052946,-0.09662229457470949,0.0016384824314103004,-0.007333485525682459,2,0,99.6,0.4,14543,-5.14,-34.48
SOL 종합채권(AA-이상)액티브,436140,KOSPI,32,107940,-0.12,-0.0007697707312953893,0.0,0.6937331544502618,-0.359848184428306,1,0,99.0,0.5,11842,0.0,0.0
현대차,005380,KOSPI,32,490000,-2.2,-2.695434053979167,-0.13196318995169007,-0.006617750392948162,-0.14802139312457827,0,0,91.9,2.9,1003313,13.87,8.41
KB발해인프라,415640,KOSPI,32,9980,0.6,0.0161935723630417,0.005782469337694194,-0.33325679885527393,0.15332400163532298,2,0,100.1,0.4,12230,0.0,0.0
에이치브이엠,295310,KOSDAQ,32,102000,-9.01,0.16900943104010435,0.0025933485490707534,1.8703368275187477,-0.06989953537658951,0,0,111.0,22.8,12268,-201.18,-17.39
SNT다이내믹스,003570,KOSPI,32,50400,-0.79,0.7790300346082701,-0.525620991705949,-0.0177914493704875,0.1408092278775583,2,0,99.6,1.3,16759,27.21,7.43
RISE 종합채권(A-이상)액티브,385540,KOSPI,31,104685,-0.14,-0.00044808804390878744,-0.011131431845187575,-0.04815511797657444,-0.01300180133537034,1,0,99.0,0.1,17673,0.0,0.0
LS,006260,KOSPI,31,277000,-2.29,-0.18935869087290566,-0.35016594348792,-0.10525146949921318,-0.27502116888827177,2,0,104.2,3.2,86424,32.75,5.65
한화솔루션,009830,KOSPI,31,36800,-18.22,0.2699513310990262,0.36492616984950044,-0.333978724547869,-0.48092202320728467,1,0,76.4,25.5,63256,-9.87,-7.01
TIGER 미국나스닥100,133690,KOSPI,31,160805,0.25,1.5202423014685544,0.0,-0.051738919330097825,-0.05038309364548495,0,0,99.6,6.9,79534,0.0,0.0
ACE 미국나스닥100,367380,KOSPI,31,27640,0.24,-0.022083471625344353,0.0,0.711289760697888,-0.02532410670339761,0,0,99.5,3.4,27225,0.0,0.0
KODEX 머니마켓액티브,488770,KOSPI,31,103905,0.0,0.00658665584866585,0.0,0.0373148785184811,0.03421308660293728,1,0,100.1,3.8,79189,0.0,0.0
ACE 테슬라밸류체인액티브,457480,KOSPI,31,21270,0.12,-0.4164855916453538,0.0,0.08856088064791134,0.0,1,0,101.3,12.8,11730,0.0,0.0
TIGER 머니마켓액티브,0043B0,KOSPI,31,102005,0.01,0.0004363139294902604,0.0,0.1336692153176331,-0.025665839246840634,1,0,100.1,2.0,35371,0.0,0.0
TIGER 미국나스닥100타겟데일리커버드콜,486290,KOSPI,31,10230,0.1,0.011751911984087518,0.0,0.0,0.0,1,0,99.7,6.1,12066,0.0,0.0
KODEX 미국배당커버드콜액티브,441640,KOSPI,31,12735,-0.27,0.01793606176102379,0.0,0.02189110001391014,0.018314230073723747,1,0,99.7,4.4,14378,0.0,0.0
TIGER 미국S&P500,360750,KOSPI,31,24580,0.18,0.26157715887913346,0.38966207696706695,0.024113554512732532,-0.0405794645944764,0,0,99.6,9.4,148635,0.0,0.0
롯데케미칼,011170,KOSPI,31,80500,0.88,-0.7005697508276704,-0.3250006882732184,0.09108326944299239,0.10590537259685195,0,1,102.8,2.8,34434,-1.69,-15.13
포스코인터내셔널,047050,KOSPI,31,78200,3.17,-0.9757747775710174,0.6902240666705435,0.2199022351932079,0.006383994562847091,0,1,106.3,3.2,137572,22.4,9.27
HANARO Fn K-반도체,395270,KOSPI,31,33340,-4.91,-0.3851663486920333,0.0,0.012439025564803806,0.07012537187871581,1,0,97.4,20.8,16820,0.0,0.0
RISE 미국나스닥100,368590,KOSPI,31,26800,0.26,-0.0054758303176517895,0.0,-0.11392254603940491,-0.06413349416968235,1,0,99.6,3.0,12435,0.0,0.0
우리기술,032820,KOSDAQ,31,24000,-7.16,-2.5470751311399553,0.07386512846114507,0.04711318534934126,-0.15947111438521297,1,1,108.5,73.3,41063,289.16,-3.33
TIGER 리츠부동산인프라,329200,KOSPI,31,4615,0.0,0.03327799584808059,0.0,0.022007487067791997,-0.015989994554859787,1,0,101.1,6.5,14692,0.0,0.0
대덕전자,353200,KOSPI,31,87700,-1.02,0.41785353838344214,0.813714448879762,1.1947490020535776,1.0176785043494312,0,2,127.2,17.7,43339,94.91,5.37
한화비전,489790,KOSPI,31,83300,-10.14,-0.28238683691181016,0.25049785053617707,0.5267523575148013,0.14501259956725396,0,0,102.6,14.2,42057,92.25,5.4
KODEX 200미국채혼합,284430,KOSPI,31,19565,-1.09,0.009419117131688907,0.0,0.00034231230624073324,0.0,1,0,99.2,6.9,14838,0.0,0.0
맥쿼리인프라,088980,KOSPI,30,11460,-0.26,0.021781951023977845,-0.011761860469353546,0.12401755010567743,-0.01570955269295241,0,0,100.8,1.4,54884,0.0,0.0
현대오토에버,307950,KOSPI,30,387500,-4.44,-0.6713717017352354,0.15086782003989913,-0.1461615867429518,-0.2686647297399029,0,1,92.5,1.2,106268,59.13,10.4
리노공업,058470,KOSDAQ,30,103200,-4.0,-3.679259569490534,-0.38844849397973324,-0.7483127894114505,-0.14639552707530737,1,0,91.8,5.1,78651,51.76,22.45
PLUS 고배당주,161510,KOSPI,30,25910,-1.56,-0.24019170301551057,0.0,0.7716006009369342,-0.05247742205338162,0,0,98.5,7.9,25402,0.0,0.0
SK,034730,KOSPI,30,336500,-2.75,0.008348449822110734,-0.3031188476546489,0.04576439714393455,0.21625940271834473,2,0,95.6,1.7,243972,15.39,6.35
KODEX CD1년금리플러스액티브(합성),481050,KOSPI,30,1023480,0.02,1.661609593989308e-07,0.0,0.0,0.0,0,0,100.1,6.0,27684,0.0,0.0
TIME 글로벌AI인공지능액티브,456600,KOSPI,30,42915,-1.57,-0.013749056327418815,0.0,-0.7663280323066621,0.14242512721794442,1,0,103.0,8.6,11948,0.0,0.0
아이티센글로벌,124500,KOSDAQ,30,48000,-6.25,-0.7919668342610882,0.47432415155324115,0.08797319985634763,0.11242186209373317,0,0,79.2,17.2,11138,49.38,5.79
KODEX 200타겟위클리커버드콜,498400,KOSPI,30,17000,-3.0,0.17213545830425192,0.0,0.0,0.0012196529774700577,0,0,96.8,18.7,35819,0.0,0.0
TIGER 12월자동연장금융채(AA-이상)액티브,0139F0,KOSPI,30,100830,-0.01,1.3465746507322e-07,0.0,0.0,0.0,0,0,100.1,0.0,11882,0.0,0.0
KODEX KOFR금리액티브(합성),423160,KOSPI,30,110825,0.01,-0.0007727589813551614,0.0,0.04277643610732151,0.0,0,0,100.1,5.3,43980,0.0,0.0
HMM,011200,KOSPI,30,19810,-0.6,-0.22182873527601615,0.0038846531267560406,-0.05385689224264805,-0.016217755104225202,0,1,94.2,1.1,186855,10.13,6.9
메리츠 KIS CD금리투자 ETN,610063,KOSPI,30,55045,0.0,0.0,0.0,0.0,0.0,0,0,100.0,0.0,13128,0.0,0.0
삼표시멘트,038500,KOSDAQ,30,17230,-0.12,0.5201677917607831,0.0,0.0,0.02060216521458535,0,0,104.3,9.6,18594,45.58,5.29
코리아써키트,007810,KOSPI,30,80700,1.51,1.2107661206985636,-0.06529614549963832,1.79278162653715,0.34795081120181875,2,1,139.2,15.5,19354,-26.08,-31.05
KODEX 26-12 금융채(AA-이상)액티브,0117L0,KOSPI,30,10035,0.0,0.0,0.0,0.0,0.0,0,0,100.1,0.1,14495,0.0,0.0
한솔케미칼,014680,KOSPI,30,282500,0.0,0.7327286510382616,-0.2089725413281031,-0.37303947573238694,-0.09753437003829271,0,1,96.5,2.3,32121,21.74,14.34
KODEX 미국AI전력핵심인프라,487230,KOSPI,30,20835,-0.02,0.08367705968280467,0.19512012799109626,-1.1306939826794657,0.02527657206455203,1,0,103.2,12.9,14376,0.0,0.0
ACE 미국S&P500,360200,KOSPI,30,24850,0.18,-0.008487225292050813,0.30271179314694135,-0.0003534727769602691,-0.03756337787921559,0,0,99.6,2.6,33299,0.0,0.0
제이에스링크,127120,KOSDAQ,30,37350,0.81,-0.4318064859138351,0.4976282194145806,0.031022620262104686,0.12806046064506002,0,0,98.3,3.0,12743,-75.61,-42.11
SK네트웍스,001740,KOSPI,30,5260,-2.77,0.6113489492224418,-0.10078696451585188,-0.003907967179310937,-8.073545837271243e-05,0,0,98.1,1.7,11639,23.38,2.44
삼성 레버리지 WTI원유 선물 ETN,530031,KOSPI,30,2860,6.92,0.0,0.0,0.0,0.0,0,0,100.0,0.0,11554,0.0,0.0
TIGER 반도체TOP10레버리지,488080,KOSPI,29,38410,-11.39,-2.042585746680531,0.0,-0.2921726919692849,1.4018977839545672,0,0,87.9,93.4,12502,0.0,0.0
DL,000210,KOSPI,29,59400,2.06,2.216306973007712,0.403040106844473,0.05163336278920308,0.3320781932840617,9,2,119.9,10.8,12448,-15.28,-2.17
삼성화재우,000815,KOSPI,29,377500,-6.21,-3.957675754209042,-0.8363720194855141,-0.08133556960943508,-0.02372049397487394,0,0,96.0,4.9,11701,9.47,0.0
RISE CD금리액티브(합성),477080,KOSPI,29,106165,0.01,-7.120032223415682e-06,0.0,0.0,0.0,0,0,100.1,0.2,14896,0.0,0.0
롯데리츠,330590,KOSPI,29,4620,-0.32,-0.3640176752808989,-0.02600084082397004,0.07484169513108614,-0.04046500786516854,0,0,99.1,0.6,13350,40.53,1.51
세아베스틸지주,001430,KOSPI,29,70200,-3.17,0.4776482105263158,0.25161250446871897,-0.39198644687189677,-0.09193551936444885,0,3,106.0,4.0,25175,44.8,2.89
TIGER KOFR금리액티브(합성),449170,KOSPI,29,110505,0.01,-0.07227679099586252,0.0,0.0,0.0,0,0,100.1,2.4,24411,0.0,0.0
피에스케이,319660,KOSDAQ,29,83500,-0.83,-1.4813651507007897,0.32320845082068883,1.199284284946459,1.1555745731177907,1,0,118.5,6.9,24187,32.44,18.31
에스피지,058610,KOSDAQ,29,108000,-5.92,3.1020047636940546,-0.6234902513360053,-1.2080204241816968,-0.5758142368069472,10,0,85.6,8.8,23952,0.0,5.54
현대모비스,012330,KOSPI,29,398500,-0.87,-0.3891835099248,-0.02427709510494539,0.05134836227663323,-0.011764736468004723,1,0,93.8,1.4,361569,10.04,7.68
RISE 머니마켓액티브,455890,KOSPI,29,54715,0.01,0.015013837342030167,0.0,-0.3796065303709743,0.15014257562168773,0,0,100.1,3.5,24530,0.0,0.0
미래에셋증권2우B,00680K,KOSPI,29,20150,-4.28,0.9624400240683512,0.12065738283948374,0.0475884008362116,0.2686756808943828,0,0,97.1,2.2,27505,11.63,0.0
엘앤에프,066970,KOSPI,29,144500,-0.55,1.2530427906976744,0.2223250750879602,0.6157730575817386,1.1091621796962154,0,5,124.9,13.8,58265,-10.04,-76.95
한화투자증권,003530,KOSPI,29,7100,-5.59,-0.36745358957526425,0.22891074377995144,-0.4551559810936782,-0.06166197400380752,0,0,95.8,15.8,15233,23.59,2.37
이수스페셜티케미컬,457190,KOSPI,29,91700,0.77,-0.3304114178485078,0.006559193100212912,-0.4435012594276641,-0.11072518133593157,0,1,95.8,3.6,27711,1291.55,9.7
KODEX 미국나스닥100,379810,KOSPI,29,24090,0.23,0.06292445298797017,0.05306640504579842,-0.175776152135783,-0.00033556968977552573,0,0,99.6,9.4,56443,0.0,0.0
RISE 단기특수은행채액티브,0061Z0,KOSPI,29,50365,0.02,-0.00020558340283569643,0.0,0.0,0.0,0,0,100.1,0.6,11990,0.0,0.0
LG,003550,KOSPI,29,87500,-1.46,0.34805052317998575,-0.16914127786341002,-0.055783851820014226,-0.005052940479013516,1,0,93.9,1.0,134944,18.91,2.64
KODEX 코스닥150레버리지,233740,KOSPI,29,16660,-3.98,0.4575820445149612,0.0,-0.4136270751301705,-0.5394416943395384,0,0,96.9,78.5,44749,0.0,0.0
TIGER CD금리투자KIS(합성),357870,KOSPI,29,57275,0.03,-0.01910830388109001,0.0,-0.09772652167630057,0.04744223988439306,0,0,100.1,1.4,48440,0.0,0.0
삼성에스디에스,018260,KOSPI,28,156100,-2.13,0.6448243834187454,-0.510965924313047,-0.1377757333156714,-0.013082246433804963,1,0,94.7,0.9,120787,15.9,7.89
하이브,352820,KOSPI,28,304000,-0.16,-0.5257168400470494,-0.14614126682247985,-0.4650204963108932,-0.41222099888486624,1,3,88.1,6.7,130926,-53.59,-7.33
미래에셋벤처투자,100790,KOSDAQ,28,28250,4.63,1.66535258195629,0.060962466684434974,0.16018899586886995,0.10001994602878465,2,1,126.2,62.3,15008,376.67,2.47
카카오게임즈,293490,KOSDAQ,28,13420,-5.36,-1.7152402166154868,0.0174301983567101,0.19217666279359283,-0.09845785293385342,0,0,99.0,6.8,12049,-9.97,-7.96
삼현,437730,KOSDAQ,28,49550,-5.26,-0.3924364585322386,0.1537846286041627,0.24468375342116985,0.04910918783018267,0,0,94.0,2.4,15711,227.29,10.24
펄어비스,263750,KOSDAQ,28,50800,1.2,-0.5187464535204362,-0.04316060726760218,-0.6248861940069858,-0.04353199491390404,0,0,90.8,34.5,32638,61.58,7.88
OCI홀딩스,010060,KOSPI,28,183300,0.27,-0.5432733308009234,0.8038756479560529,0.4564598194196885,0.5737533530082108,0,2,112.1,7.6,34223,-38.41,-2.27
신성델타테크,065350,KOSDAQ,28,56200,-4.58,0.34848706461219736,-0.005638728473391169,0.03746728602874531,0.014126052052311277,0,0,88.7,2.9,15446,71.14,9.51
SK이터닉스,475150,KOSPI,28,53800,-6.27,-0.43184439151982384,0.2514381690528634,-0.026247362334801762,-0.015078736233480177,0,0,139.5,64.3,18160,59.12,11.93
삼성중공업,010140,KOSPI,28,26350,-1.86,0.5262662359841297,0.06918289481628428,0.006953525099189235,0.03389052354666207,0,0,94.0,2.8,231880,42.5,13.74
스피어,347700,KOSDAQ,27,50100,8.56,-1.509491881829219,0.10140020234722784,0.5247352691218131,-1.0686814305949008,0,0,107.2,21.7,24710,0.0,-84.53
한국카본,017960,KOSPI,27,42800,2.27,2.3358493495971553,1.0360420916415358,-0.2312990300220552,-0.45280688661835533,1,1,96.4,9.8,22217,33.54,4.38
와이지엔터테인먼트,122870,KOSDAQ,27,56200,-0.18,-0.849139784843869,-0.8043061881188119,1.1106818830921552,-0.2378226485148515,6,0,89.3,5.5,10504,20.83,3.9
LS ELECTRIC,010120,KOSPI,27,834000,-1.18,-0.20238826538768986,-0.11550564748201439,-0.1431556354916067,-0.030824772182254195,0,0,108.7,2.4,250200,87.29,14.67
고려아연,010130,KOSPI,27,1546000,-2.95,-0.294478781887597,-0.006468753873614795,-0.034661576220343604,-0.08132032005354885,0,0,91.8,0.7,322696,40.14,8.48
NAVER,035420,KOSPI,27,211500,-1.86,-0.881323462740736,-0.35515067085062835,-0.00648828008428211,-0.07689149281220704,1,0,94.7,1.8,331743,17.09,7.37
삼성물산,028260,KOSPI,27,278000,-3.81,-0.23127794978149768,-0.06913190980562287,0.026507858677135027,-0.01615009046948903,0,0,95.3,1.3,472535,19.63,6.02
오뚜기,007310,KOSPI,27,362500,-2.16,-0.44435710352422914,-0.2275230933370044,-0.06213938601321586,-0.025216650605726875,0,3,97.7,1.3,14528,20.99,3.35
ISC,095340,KOSDAQ,27,240000,-4.0,-0.8843672910974386,-0.15032702808955634,0.05687145440607001,0.19145904900438346,0,0,114.9,5.0,50873,90.63,10.6
미래에셋생명,085620,KOSPI,27,17230,-3.58,-0.6495545590163935,0.0007398554098360656,0.12772768491803277,-0.018133291475409836,0,0,113.3,2.0,30500,16.55,4.88
디앤디파마텍,347850,KOSDAQ,27,78500,-0.76,0.06882951201070203,0.22911357238410984,0.4937167917175595,0.22889138893735822,2,1,96.5,5.1,34386,-96.56,-49.03
성호전자,043260,KOSDAQ,27,47450,-2.16,0.7123705984607612,-0.068314453391971,-0.8458397958577245,-0.17021000356580396,0,1,117.3,7.0,33653,35.38,46.27
주성엔지니어링,036930,KOSDAQ,27,71300,-3.12,-1.4412506713738271,0.04911783893062974,-0.5334683443468815,-0.11576717359162367,0,0,109.4,41.4,33141,94.44,6.17
삼성전자우,005935,KOSPI,27,126300,-5.46,-0.8563931184114514,0.17278033032013165,-0.018577047010603778,0.009500286344723727,0,0,93.8,3.0,1030576,19.24,0.0
솔브레인홀딩스,036830,KOSDAQ,27,48550,-5.36,-0.4123498091411351,0.4298590959316926,-0.4216017478653943,0.020454153691612253,0,0,91.2,2.0,9955,12.54,4.62
HL만도,204320,KOSPI,27,51500,-1.72,1.1239838316172517,-1.5715568333126577,-0.49147854277798453,0.0324165281396022,9,0,95.8,2.7,24183,24.18,3.82
브이엠,089970,KOSDAQ,27,45300,-5.13,-0.4539233631759812,1.4160416802315066,-0.06219699764876108,-1.3327874977391934,1,2,107.2,11.0,11058,69.91,-2.8
에코프로머티,450080,KOSPI,26,69900,-0.71,-1.166802714867906,0.1049544291478275,-0.2341918330934085,-0.03555215019971209,5,0,106.6,9.6,49321,213.76,2.56
삼성전자,005930,KOSPI,26,180100,-4.71,-1.8164861012967686,0.010908724384379044,-0.024668674101429585,0.011840333579457903,0,0,93.8,2.6,10661268,27.44,10.85
에프에스티,036810,KOSDAQ,26,39550,-6.17,0.11369450713956702,0.11758885306310456,0.10151836711192999,1.9084293298019348,0,1,97.6,6.5,8684,-3042.31,0.6
두산퓨얼셀,336260,KOSPI,26,38850,-1.02,0.33791650487344754,1.233687057852539,0.38701501532777866,0.2407931673479013,2,0,94.9,7.8,25444,-23.94,-30.66
포스코DX,022100,KOSPI,26,30350,-3.65,0.6196234347571679,-0.9629807608954771,-0.032776494809613595,-0.016305453698285764,0,0,93.6,1.3,46143,88.48,9.53
엔켐,348370,KOSDAQ,25,45000,15.68,-1.6413335649087222,-0.4777049746450305,-1.1155319624746451,-0.06375076064908722,0,0,80.5,32.5,9860,-4.77,-156.31
클로봇,466100,KOSDAQ,25,50700,-3.98,1.8252198879330754,-0.12624895430510616,-0.3945874516612738,-0.08280693710046563,3,0,87.3,6.4,12671,-161.98,-15.71
유진로봇,056080,KOSDAQ,25,26050,-4.4,1.4516289091281211,-0.07457729226361032,-0.3678606835857552,-0.07411177855096193,3,0,87.9,4.0,9772,-140.81,-8.56
심텍,222800,KOSDAQ,25,58600,-6.39,2.3265324795503357,0.37864748891833844,0.9824903509573641,0.3346817072613444,0,0,106.3,12.4,21883,-11.83,-32.1
오름테라퓨틱,475830,KOSDAQ,25,116200,3.66,-0.5104389429312581,0.11145252512970169,0.7020733503566796,0.28155799286640726,3,0,95.9,6.0,24672,-63.39,-17.5
대우건설,047040,KOSPI,25,15900,-3.11,0.5516191268688336,0.46149787830639794,-1.2833065521154894,-1.0855413687125477,1,2,129.8,66.3,66084,-7.24,-23.89
대한전선,001440,KOSPI,25,29000,-4.29,1.1365937007582765,-0.8872930405030516,-0.03239634825226558,-0.04632600702792676,0,2,95.9,6.1,54070,64.16,5.48
한화,000880,KOSPI,25,111100,-4.8,0.48513010362756515,0.14674895471847646,0.17494602600895784,-0.07015429820242798,3,0,89.5,1.9,83279,28.21,3.3
동진쎄미켐,005290,KOSDAQ,24,46950,-6.1,-1.488623770661585,-0.20589311487634118,-0.9204702245329136,-0.41026532789262193,0,0,93.2,5.7,24139,24.36,9.52
미래에셋증권,006800,KOSPI,24,65300,-2.97,-1.0542545122855205,-0.06031215090093817,-0.1786909321056086,-0.012246180532344974,0,2,97.6,3.3,362622,37.7,7.94
큐리언트,115180,KOSDAQ,24,41000,3.54,1.7155726013491388,-0.7694204794027114,-2.129319012378021,-1.3617282991682496,0,0,98.5,7.0,15269,-58.16,-51.32
현대제철,004020,KOSPI,24,34950,-2.1,-3.4516391925212804,0.524388816226763,0.08432968331224941,-0.21245679367053327,3,1,94.0,3.1,46639,-208.04,-0.06
현대건설,000720,KOSPI,24,152400,-3.48,0.5113101375319671,-0.6409805516599296,0.039393660212367274,-0.5030392602500796,0,2,98.0,6.0,169706,45.9,4.58
S-Oil,010950,KOSPI,24,112300,-0.88,-1.3900925698014712,-0.44852435972474886,-0.21150038914814523,-0.1635611437158902,5,0,96.5,2.2,126430,0.0,-2.18
카카오,035720,KOSPI,24,48650,-0.82,0.14741332321290956,0.07134356030008449,0.06751404673036035,-0.004720074649731206,3,0,94.3,1.6,215406,43.02,0.56
LG화학,051910,KOSPI,24,314000,-1.26,0.20712251872236756,-0.14370058648380402,-0.19830974690968148,-0.05376881034016061,3,0,97.7,1.7,221660,-13.51,-5.5
리가켐바이오,141080,KOSDAQ,23,206500,-3.28,-0.3584407936507937,0.5418693558201058,1.127548029100529,0.5172688227513228,0,0,105.7,5.2,75600,-301.02,2.04
RISE 미국S&P500,379780,KOSPI,23,21470,0.19,0.008514078125,0.0,-6.738935356398809,-0.5455328125,1,0,99.6,3.3,13440,0.0,0.0
SK이노베이션,096770,KOSPI,23,111300,-2.45,0.34799906141712195,0.42115639788260806,-0.44235740821446035,-0.11338845532430537,2,0,95.1,1.2,188156,-5.29,-14.42
에임드바이오,0009K0,KOSDAQ,23,54400,1.68,0.2806342741820869,0.5238250135016059,3.0718455558398,-1.3857807026519997,0,0,91.1,2.7,35181,-745.21,-65.72
레인보우로보틱스,277810,KOSDAQ,23,558000,-7.77,0.5068856361604049,-0.3787785794126613,-0.9140822255683551,-0.7792888379784021,4,0,76.3,7.3,108251,5580.0,1.62
고영,098460,KOSDAQ,23,27100,-6.87,4.5277895941951085,-0.27227844665412526,-0.4866567105616769,0.04870322493953238,0,0,91.6,10.6,18605,126.05,4.48
로보티즈,108490,KOSDAQ,23,245500,-4.66,-0.3918881213165796,0.1669245941287668,0.790322737128878,-0.13410591571222064,0,1,96.6,7.6,35972,651.19,2.49
KODEX 200TR,278530,KOSPI,23,29350,-3.45,0.4694225143194673,0.800035728144913,-0.11038606071454142,0.02821693429154435,1,0,96.5,2.8,55868,0.0,0.0
KODEX MSCI Korea TR,278540,KOSPI,23,28355,-3.73,1.6459879163138231,0.0,0.0,0.0,1,0,96.2,11.3,20075,0.0,0.0
루닛,328130,KOSDAQ,23,34600,-1.42,0.692781913343861,0.007000569482826688,-0.11451729905250692,-0.042825661468614294,2,0,97.8,2.4,10132,-12.18,-41.21
원익홀딩스,030530,KOSDAQ,22,30550,-6.43,2.4594172402102052,0.015282225800983215,0.05284797847092727,0.008663894304119343,0,0,94.8,7.4,23596,-187.42,-7.41
현대위아,011210,KOSPI,22,81000,-1.94,-0.5860199019429816,0.32771597058289453,0.8843268612674777,-0.09253463773379335,1,0,93.8,2.0,22028,22.25,2.75
카카오페이,377300,KOSPI,22,52500,-2.78,0.4345940571605651,0.19512778583804036,0.012173757976138493,-0.026012119504739906,1,0,88.3,2.7,70993,156.72,2.41
삼성전기,009150,KOSPI,22,457000,0.55,-0.577528689028856,-0.15395523509594258,-0.02777810019042039,0.003277864362091695,2,0,107.2,3.6,341350,50.23,7.7
SFA반도체,036540,KOSDAQ,22,6690,-5.77,2.7138525768042174,-0.01973169787311398,0.003249745500818033,-0.060336916015269956,0,0,94.4,6.0,11002,-40.55,4.51
포스코퓨처엠,003670,KOSPI,22,200000,-1.23,-0.33033874541856856,-0.5013780490409911,-0.2372011546331482,0.004346143727654982,3,0,97.1,1.8,177892,518.13,0.92
코오롱생명과학,102940,KOSDAQ,22,63000,8.62,-0.6914027767673093,0.011977446344125137,0.4184923851097369,-0.04741894022068631,2,0,107.6,2.2,8247,31.48,6.81
롯데관광개발,032350,KOSPI,22,19170,-2.69,-0.924734246395806,0.26224097575360417,-0.0879822870249017,0.21599472804718217,0,1,94.8,4.5,15260,-25.56,-60.42
PLUS 200,152100,KOSPI,22,82910,-3.44,-0.0018419686648501361,-1.174998036544318,-1.6268918067799325,-2.073111833627184,0,0,96.6,19.2,12478,0.0,0.0
롯데지주,004990,KOSPI,22,30750,-1.13,-0.018730737755734656,-0.044963183508989465,-0.09929241320520768,-0.20712692188468693,0,1,97.9,1.3,32260,-5.02,-10.51
하나마이크론,067310,KOSDAQ,21,32600,-9.94,0.7240994251015885,0.2033683321019579,0.04691313261913557,-0.02271856991134097,0,0,97.3,15.0,21656,99.69,-6.99
KODEX 삼성그룹,102780,KOSPI,21,17845,-3.07,0.022424710956478775,0.04127944991147527,0.8677937937991518,-0.03808155309424795,0,0,96.6,2.4,24287,0.0,0.0
KODEX AI반도체,395160,KOSPI,21,26320,-5.6,0.46639534839147945,0.04794015599980591,-0.48271801931195113,-0.051154135571837546,1,0,95.8,15.0,20609,0.0,0.0
아주IB투자,027360,KOSDAQ,21,8920,4.69,-0.10260867758652602,0.0,0.00205862668887655,-0.0017666472330186932,1,0,141.9,99.1,10806,241.08,3.2
풍산,103140,KOSPI,21,93500,-4.79,-5.571614032744343,-0.45962178376521773,-0.2935719459603862,-0.1227137274357898,0,0,87.8,4.4,26203,17.81,6.54
LG전자,066570,KOSPI,21,113000,-1.48,0.21116190740076715,-0.02370559485390792,-0.08480087633514793,0.066710613271615,1,0,95.3,2.3,184062,21.24,4.28
TIGER MSCI Korea TR,310970,KOSPI,21,35500,-3.95,0.0006398264194273429,0.0,-9.45273868855663e-05,0.0,1,0,95.8,0.1,40932,0.0,0.0
유일로보틱스,388720,KOSDAQ,21,94400,-5.13,1.3947990289516274,-0.022988212551699336,0.1704061679554037,0.009224141341485345,0,0,89.3,2.1,11122,-58.31,-13.94
두산우,000155,KOSPI,21,501000,-3.28,1.3517652332434322,0.04187795924483069,-0.0026681899910098892,0.36533987613625013,0,0,97.2,2.0,20022,0.0,0.0
TIGER KRX금현물,0072R0,KOSPI,21,14360,-2.48,-0.21074112784872645,-0.020955492838495734,0.4611789511747689,-0.2022117773230791,1,0,91.6,13.8,14173,0.0,0.0
KODEX Top5PlusTR,315930,KOSPI,21,58660,-3.6,0.0020678200943054044,0.0,-0.060863440696409137,-0.001562422560754443,1,0,95.7,1.7,13785,0.0,0.0
ACE KRX금현물,411060,KOSPI,21,30100,-2.32,0.05671361818338208,0.0,0.2860214773997936,-0.05009226356872527,1,0,91.7,10.6,46504,0.0,0.0
대한광통신,010170,KOSDAQ,21,9300,1.42,1.1732017627939142,-1.1088768319502074,-0.9853537091977871,-0.4254736002766252,3,0,144.5,77.2,14460,-20.26,-95.92
한온시스템,018880,KOSPI,20,3895,-3.95,0.16687986015560505,0.1789602846921672,-0.1792515975783654,-0.025628680109073626,0,0,94.9,4.4,39973,0.0,-13.9
에스에프에이,056190,KOSDAQ,20,27350,-5.85,0.7515737552184095,-0.08777525201099684,-0.09780006109357499,-0.19871522757356685,0,0,91.7,1.4,9821,47.16,-7.49
휴온스글로벌,084110,KOSDAQ,20,71300,1.57,-0.03453161976512298,0.0,0.10988859960115224,0.0807981276312874,0,0,105.6,1.7,9026,36.94,5.05
LG화학우,051915,KOSPI,20,153600,-3.09,0.46650410668924636,-0.08941260795935647,0.16736453005927182,-0.01039614733276884,0,0,97.0,2.4,11810,-6.61,0.0
와이씨,232140,KOSDAQ,20,19400,-8.92,0.8797768216372431,-0.10958038386630646,-0.16138631086259975,-0.2218065257272099,0,0,94.4,5.6,15917,82.55,5.56
솔브레인,357780,KOSDAQ,20,395000,-5.5,-1.3936098128559804,-0.23404152969894224,-0.4045686411716843,-0.13202310821806348,2,0,90.7,2.6,30725,38.86,7.66
펩트론,087010,KOSDAQ,20,290000,-8.37,-0.18269730848861282,0.28147160603371785,0.17953935965690623,0.02184641378290447,0,0,97.7,6.6,67620,-489.04,-9.41
네이처셀,007390,KOSDAQ,19,17100,-6.56,-0.2594176329642403,0.013504030677073878,-0.017232339807587583,-0.031720704302051185,0,0,90.4,3.7,11018,-380.0,1.95
파두,440110,KOSDAQ,19,51200,-6.4,1.7343885647334505,0.8810403085334895,-1.6636546182386254,-2.2787375317320837,1,0,84.0,14.3,25605,-33.46,-131.08
SKC,011790,KOSPI,19,98100,-3.92,0.6221057552020243,-0.21595169721930602,-0.2049903362136262,0.013799865406875016,0,0,97.7,2.1,37149,-5.06,-73.28
한화시스템,272210,KOSPI,19,129700,-5.05,-0.5149626548802586,-0.1055643795811091,-0.046121583655745466,0.016408179065249686,0,0,93.5,3.2,245028,101.17,6.6
LG생활건강,051900,KOSPI,19,242000,-1.83,-0.02143848563404623,-0.13690093702743572,-0.15809764527975806,0.057346254590624327,0,0,97.7,2.0,37032,-42.55,-1.82
필옵틱스,161580,KOSDAQ,19,39000,-3.35,0.3080154541470363,-0.2882464720061356,-0.43258394324531607,0.14973038786019502,0,0,88.0,7.6,9127,-139.78,3.51
SK리츠,395400,KOSPI,19,6330,-3.21,0.12161880812427837,-0.18120310013645427,-0.0020750073475385745,-0.11978499842552745,0,0,106.0,0.8,19054,95.91,1.23
현대무벡스,319400,KOSDAQ,19,27000,-3.57,-0.8563454808459696,0.0,0.0351091580207502,0.0051259976057462095,0,0,89.0,2.8,30072,272.73,6.79
LG디스플레이,034220,KOSPI,19,11530,-1.87,-1.4475799790112749,0.1649013250650477,0.19031650459670424,0.020201889679098008,0,0,95.7,3.9,57650,25.45,3.44
SK바이오사이언스,302440,KOSPI,19,42650,-0.35,-0.128746698254215,-0.3118570040655267,0.036852627645581726,-0.00206298427597752,0,0,97.8,0.7,33452,-58.19,-3.2
삼성에피스홀딩스,0126Z0,KOSPI,19,533000,-1.3,0.07877654625377939,-0.20818002367542057,-0.19549351187917993,-0.026154387869739948,0,0,96.9,1.1,132627,-68.31,0.0
HDC,012630,KOSPI,19,30150,8.45,0.9006436958694204,0.1530660864978903,-0.1604119226071508,-0.03794912003109038,2,2,118.7,2.5,18012,0.0,5.65
스튜디오드래곤,253450,KOSDAQ,19,37700,-2.2,0.3297939331097776,0.08443549241087187,-0.41652321743734555,-0.027892719731733146,0,0,94.5,1.0,11332,60.22,4.63
CJ ENM,035760,KOSDAQ,19,59300,-1.33,-0.3268535681328822,-0.11944306367271608,0.03553542756075054,-0.013549169486311904,0,0,93.0,1.2,13004,44.09,1.06
LS마린솔루션,060370,KOSDAQ,19,28850,-3.83,0.46151506535730874,0.01646097803729016,0.20111396722181674,-0.5361972994492734,0,0,96.6,3.2,15071,146.45,2.0
현대바이오,048410,KOSDAQ,19,13710,-3.31,-2.0948500702894717,0.018156879298616885,-0.18452976267855792,0.06520702970297029,1,0,89.9,9.3,13231,-58.34,-29.47
에코프로,086520,KOSDAQ,19,146000,-3.5,-0.258680822062926,0.03864283393784082,-0.3806134790877402,-0.1349150055742485,0,0,93.2,3.9,198233,-986.49,-12.57
인벤티지랩,389470,KOSDAQ,18,74000,4.52,-0.24816982188295167,-0.21880790839694658,-0.5170056081424936,-0.30498915012722644,0,0,86.0,8.1,9825,-51.21,-91.93
제이앤티씨,204270,KOSDAQ,18,16900,-3.15,-0.11527487418166939,-0.09304707958265139,-0.1476064116202946,-0.32464700593289686,0,0,91.3,1.6,9776,-11.17,-9.65
하이젠알앤엠,160190,KOSDAQ,18,37800,-6.32,1.3304670306611854,-0.4281389516957862,-1.3316334189791024,-0.09389866820829051,0,0,70.1,9.8,11676,-153.04,-1.92
SK아이이테크놀로지,361610,KOSPI,18,21050,-4.75,-0.11766034502788103,-0.29825294783921935,-0.16260799546933086,-0.029803601301115243,0,0,92.7,1.0,17216,-7.52,-8.58
두산로보틱스,454910,KOSPI,18,85400,-3.83,-0.6932226732422864,-0.19120891863573958,-0.028427603150516657,-0.07581981357034469,0,0,94.0,1.3,55356,-99.77,-14.78
케이뱅크,279570,KOSPI,18,6370,0.79,-0.5849144128003715,1.1119574143868745,-1.6697858894091244,-2.2600022667646944,0,1,114.2,7.3,25843,21.97,6.63
KIWOOM 200TR,294400,KOSPI,17,106335,-3.56,-0.0025854668874172185,-0.44228138973509934,0.6543595771523179,-2.775024572847682,1,0,96.5,5.4,15100,0.0,0.0
이오테크닉스,039030,KOSDAQ,17,408000,-8.62,-1.3109988858825403,-0.09287034458061436,-0.5798937509947477,0.03659885802960369,0,0,98.0,4.3,50264,88.87,7.43
ACE 200,105190,KOSPI,17,81990,-3.53,0.03328522316275491,0.8532254136206233,0.3625052154674875,-3.1628789753751443,0,0,96.6,12.8,12995,0.0,0.0
비나텍,126340,KOSDAQ,17,121200,3.95,-0.5923540498812352,-0.744242648456057,-0.5334305344418052,-0.46017361045130645,1,0,92.5,11.0,8420,-136.49,-7.14
호텔신라,008770,KOSPI,17,41950,-1.76,-1.204973665350744,-0.2516467567567568,-0.10271402976009718,-0.1718789766170665,0,0,96.8,2.0,16465,-9.71,-14.46
코오롱티슈진,950160,KOSDAQ,15,119800,17.11,0.5681531857510953,-0.010782766364885052,0.07958132864118066,-0.04444949218475852,3,0,117.6,4.5,99741,-111.23,-25.91
한국가스공사,036460,KOSPI,14,36000,0.0,-3.3561863614479583,-0.837655022116571,-0.0824986730057473,-0.009537229560978544,0,0,97.4,1.7,33233,24.98,1.23
메지온,140410,KOSDAQ,14,92300,3.13,2.101466739176949,-0.6927319948648456,-4.997170376577991,0.03868681977034448,1,0,83.2,7.9,28042,-79.57,-110.44
삼천당제약,000250,KOSDAQ,14,1158000,3.86,0.5444440689446984,0.04369691280306879,-0.14953446130511933,-0.09525051723249324,1,1,140.1,6.5,271638,0.0,-4.49
케이엠더블유,032500,KOSDAQ,13,29200,-12.05,0.7554210090373933,0.35016614874388524,1.2182185490423678,0.20213720669927868,0,0,120.6,14.6,12061,-41.89,-24.24
에스티큐브,052020,KOSDAQ,13,18020,0.56,0.6568115492612848,0.0,2.7254917965880335e-05,0.09227999428618072,2,0,134.2,5.5,12251,-57.76,-33.09
하나 CD금리투자 ETN,700026,KOSPI,10,106325,0.02,0.0,0.0,0.0,0.0,0,0,22562.3,0.2,12759,0.0,0.0
