종목명,종목코드,AI수급점수,순위,날짜
한국콜마,161890,83,1,2026-04-16
대덕전자,353200,80,2,2026-04-16
태광,023160,78,3,2026-04-16
엘앤에프,066970,78,3,2026-04-16
LG이노텍,011070,78,3,2026-04-16
삼양식품,003230,71,6,2026-04-16
동국제약,086450,69,7,2026-04-16
대주전자재료,078600,68,8,2026-04-16
서진시스템,178320,67,9,2026-04-16
덕산네오룩스,213420,67,9,2026-04-16
비츠로셀,082920,64,11,2026-04-16
TIME 미국나스닥100액티브,426030,63,12,2026-04-16
DL이앤씨,375500,63,12,2026-04-16
TIME 글로벌AI인공지능액티브,456600,63,12,2026-04-16
코오롱인더,120110,61,15,2026-04-16
HD현대에너지솔루션,322000,61,15,2026-04-16
대한전선,001440,60,17,2026-04-16
로보티즈,108490,60,17,2026-04-16
RFHIC,218410,59,19,2026-04-16
LIG디펜스앤에어로스페이스,079550,59,19,2026-04-16
달바글로벌,483650,58,21,2026-04-16
스피어,347700,58,21,2026-04-16
쏠리드,050890,57,23,2026-04-16
에스앤에스텍,101490,57,23,2026-04-16
코미코,183300,57,23,2026-04-16
GS리테일,007070,56,26,2026-04-16
테스,095610,56,26,2026-04-16
기가비스,420770,55,28,2026-04-16
산일전기,062040,55,28,2026-04-16
CJ제일제당,097950,55,28,2026-04-16
롯데쇼핑,023530,55,28,2026-04-16
크래프톤,259960,55,28,2026-04-16
SK이노베이션,096770,55,28,2026-04-16
티엘비,356860,54,34,2026-04-16
일진전기,103590,54,34,2026-04-16
원익QnC,074600,54,34,2026-04-16
올릭스,226950,54,34,2026-04-16
심텍,222800,54,34,2026-04-16
코스메카코리아,241710,53,39,2026-04-16
하나마이크론,067310,53,39,2026-04-16
한전기술,052690,53,39,2026-04-16
제주반도체,080220,52,42,2026-04-16
큐로셀,372320,52,42,2026-04-16
브이엠,089970,52,42,2026-04-16
호텔신라,008770,52,42,2026-04-16
성호전자,043260,52,42,2026-04-16
후성,093370,52,42,2026-04-16
LS머트리얼즈,417200,52,42,2026-04-16
코나아이,052400,51,49,2026-04-16
현대로템,064350,51,49,2026-04-16
두산테스나,131970,51,49,2026-04-16
LG씨엔에스,064400,50,52,2026-04-16
선익시스템,171090,50,52,2026-04-16
테크윙,089030,50,52,2026-04-16
씨엠티엑스,388210,50,52,2026-04-16
한화,000880,49,56,2026-04-16
씨에스윈드,112610,49,56,2026-04-16
코웨이,021240,49,56,2026-04-16
주성엔지니어링,036930,49,56,2026-04-16
실리콘투,257720,49,56,2026-04-16
성일하이텍,365340,49,56,2026-04-16
한국카본,017960,49,56,2026-04-16
에스티큐브,052020,48,63,2026-04-16
삼성SDI,006400,48,63,2026-04-16
SFA반도체,036540,48,63,2026-04-16
SNT다이내믹스,003570,47,66,2026-04-16
디앤디파마텍,347850,47,66,2026-04-16
KIWOOM 200TR,294400,47,66,2026-04-16
코리아써키트,007810,47,66,2026-04-16
현대오토에버,307950,47,66,2026-04-16
클래시스,214150,47,66,2026-04-16
성광벤드,014620,47,66,2026-04-16
뉴로메카,348340,47,66,2026-04-16
HD건설기계,267270,47,66,2026-04-16
HD현대일렉트릭,267260,46,75,2026-04-16
에프에스티,036810,46,75,2026-04-16
에스엠,041510,46,75,2026-04-16
현대차,005380,46,75,2026-04-16
NC,036570,46,75,2026-04-16
신세계,004170,46,75,2026-04-16
DB하이텍,000990,46,75,2026-04-16
한화오션,042660,46,75,2026-04-16
두산에너빌리티,034020,45,83,2026-04-16
HD현대마린엔진,071970,45,83,2026-04-16
LS에코에너지,229640,45,83,2026-04-16
HD현대,267250,45,83,2026-04-16
두산밥캣,241560,45,83,2026-04-16
태웅,044490,45,83,2026-04-16
SK텔레콤,017670,44,89,2026-04-16
시프트업,462870,44,89,2026-04-16
KT&G,033780,44,89,2026-04-16
NHN KCP,060250,44,89,2026-04-16
HD한국조선해양,009540,44,89,2026-04-16
지아이이노베이션,358570,44,89,2026-04-16
효성티앤씨,298020,43,95,2026-04-16
롯데에너지머티리얼즈,020150,43,95,2026-04-16
하나금융지주,086790,43,95,2026-04-16
NHN,181710,43,95,2026-04-16
피에스케이,319660,43,95,2026-04-16
제룡전기,033100,43,95,2026-04-16
BGF리테일,282330,43,95,2026-04-16
한화에어로스페이스,012450,43,95,2026-04-16
피엔티,137400,43,95,2026-04-16
한온시스템,018880,43,95,2026-04-16
팬오션,028670,43,95,2026-04-16
미래에셋증권,006800,43,95,2026-04-16
인텔리안테크,189300,43,95,2026-04-16
현대엘리베이터,017800,43,95,2026-04-16
온코닉테라퓨틱스,476060,43,95,2026-04-16
비나텍,126340,42,110,2026-04-16
LG유플러스,032640,42,110,2026-04-16
파두,440110,42,110,2026-04-16
엔켐,348370,42,110,2026-04-16
케이엠더블유,032500,42,110,2026-04-16
OCI홀딩스,010060,42,110,2026-04-16
코스맥스,192820,42,110,2026-04-16
삼성전자우,005935,42,110,2026-04-16
태광산업,003240,42,110,2026-04-16
교보증권,030610,42,110,2026-04-16
디어유,376300,41,120,2026-04-16
ISC,095340,41,120,2026-04-16
현대지에프홀딩스,005440,41,120,2026-04-16
신영증권,001720,41,120,2026-04-16
RF머트리얼즈,327260,41,120,2026-04-16
이마트,139480,41,120,2026-04-16
롯데정밀화학,004000,41,120,2026-04-16
티에스이,131290,41,120,2026-04-16
HJ중공업,097230,41,120,2026-04-16
알테오젠,196170,41,120,2026-04-16
알지노믹스,476830,41,120,2026-04-16
우리기술,032820,41,120,2026-04-16
iM금융지주,139130,40,132,2026-04-16
이수스페셜티케미컬,457190,40,132,2026-04-16
현대무벡스,319400,40,132,2026-04-16
농심,004370,40,132,2026-04-16
하이트진로,000080,40,132,2026-04-16
포스코퓨처엠,003670,40,132,2026-04-16
삼현,437730,39,138,2026-04-16
대웅,003090,39,138,2026-04-16
SK오션플랜트,100090,39,138,2026-04-16
코스모신소재,005070,39,138,2026-04-16
LG에너지솔루션,373220,39,138,2026-04-16
고려아연,010130,39,138,2026-04-16
SKC,011790,39,138,2026-04-16
현대위아,011210,39,138,2026-04-16
삼성생명,032830,39,138,2026-04-16
레이크머티리얼즈,281740,39,138,2026-04-16
LG화학,051910,39,138,2026-04-16
고영,098460,39,138,2026-04-16
씨아이에스,222080,39,138,2026-04-16
POSCO홀딩스,005490,39,138,2026-04-16
현대건설,000720,39,138,2026-04-16
씨젠,096530,39,138,2026-04-16
동진쎄미켐,005290,39,138,2026-04-16
삼성증권,016360,39,138,2026-04-16
리가켐바이오,141080,38,156,2026-04-16
다우데이타,032190,38,156,2026-04-16
아이티센글로벌,124500,38,156,2026-04-16
아시아나항공,020560,38,156,2026-04-16
동서,026960,38,156,2026-04-16
F&F,383220,38,156,2026-04-16
미래에셋벤처투자,100790,38,156,2026-04-16
삼성중공업,010140,38,156,2026-04-16
효성,004800,38,156,2026-04-16
네이처셀,007390,37,165,2026-04-16
LX인터내셔널,001120,37,165,2026-04-16
삼성화재,000810,37,165,2026-04-16
와이씨,232140,37,165,2026-04-16
에스엘,005850,37,165,2026-04-16
이수페타시스,007660,37,165,2026-04-16
솔브레인홀딩스,036830,37,165,2026-04-16
오스코텍,039200,37,165,2026-04-16
원익홀딩스,030530,37,165,2026-04-16
넥스틴,348210,36,174,2026-04-16
현대모비스,012330,36,174,2026-04-16
HK이노엔,195940,36,174,2026-04-16
신성델타테크,065350,36,174,2026-04-16
SK,034730,36,174,2026-04-16
한국금융지주,071050,36,174,2026-04-16
피에스케이홀딩스,031980,36,174,2026-04-16
KCC,002380,36,174,2026-04-16
와이지엔터테인먼트,122870,36,174,2026-04-16
두산,000150,36,174,2026-04-16
이오테크닉스,039030,36,174,2026-04-16
오리온,271560,35,185,2026-04-16
아주IB투자,027360,35,185,2026-04-16
리노공업,058470,35,185,2026-04-16
하나머티리얼즈,166090,35,185,2026-04-16
다우기술,023590,35,185,2026-04-16
LG전자,066570,35,185,2026-04-16
한화투자증권,003530,34,191,2026-04-16
CJ,001040,34,191,2026-04-16
동원산업,006040,34,191,2026-04-16
오리온홀딩스,001800,34,191,2026-04-16
필옵틱스,161580,34,191,2026-04-16
쎄트렉아이,099320,34,191,2026-04-16
GS건설,006360,34,191,2026-04-16
HPSP,403870,34,191,2026-04-16
현대글로비스,086280,33,199,2026-04-16
나노신소재,121600,33,199,2026-04-16
티씨케이,064760,33,199,2026-04-16
가온전선,000500,33,199,2026-04-16
금호석유화학,011780,33,199,2026-04-16
유진테크,084370,33,199,2026-04-16
키움증권,039490,33,199,2026-04-16
세아베스틸지주,001430,33,199,2026-04-16
메리츠금융지주,138040,33,199,2026-04-16
비에이치아이,083650,33,199,2026-04-16
삼성바이오로직스,207940,33,199,2026-04-16
한국타이어앤테크놀로지,161390,33,199,2026-04-16
롯데관광개발,032350,33,199,2026-04-16
JB금융지주,175330,32,212,2026-04-16
영원무역,111770,32,212,2026-04-16
포스코DX,022100,32,212,2026-04-16
GS,078930,32,212,2026-04-16
한미사이언스,008930,32,212,2026-04-16
카카오,035720,32,212,2026-04-16
신한지주,055550,32,212,2026-04-16
대한광통신,010170,32,212,2026-04-16
우리금융지주,316140,32,212,2026-04-16
두산우,000155,32,212,2026-04-16
KT,030200,32,212,2026-04-16
S-Oil,010950,32,212,2026-04-16
한미반도체,042700,32,212,2026-04-16
효성중공업,298040,32,212,2026-04-16
SK바이오팜,326030,32,212,2026-04-16
삼성전자,005930,32,212,2026-04-16
셀트리온,068270,32,212,2026-04-16
KB금융,105560,32,212,2026-04-16
한화솔루션,009830,32,212,2026-04-16
솔브레인,357780,32,212,2026-04-16
넷마블,251270,32,212,2026-04-16
한화엔진,082740,32,212,2026-04-16
미래에셋생명,085620,32,212,2026-04-16
풍산,103140,32,212,2026-04-16
휴젤,145020,32,212,2026-04-16
대우건설,047040,32,212,2026-04-16
루닛,328130,32,212,2026-04-16
태성,323280,32,212,2026-04-16
페니트리움바이오,187660,32,212,2026-04-16
IPARK현대산업개발,294870,32,212,2026-04-16
NAVER,035420,31,242,2026-04-16
한솔케미칼,014680,31,242,2026-04-16
에코프로비엠,247540,31,242,2026-04-16
녹십자,006280,31,242,2026-04-16
LS ELECTRIC,010120,31,242,2026-04-16
미래에셋증권2우B,00680K,31,242,2026-04-16
한국항공우주,047810,31,242,2026-04-16
에스원,012750,31,242,2026-04-16
세미파이브,490470,30,250,2026-04-16
오뚜기,007310,30,250,2026-04-16
LS마린솔루션,060370,30,250,2026-04-16
롯데케미칼,011170,30,250,2026-04-16
BNK금융지주,138930,30,250,2026-04-16
LG화학우,051915,30,250,2026-04-16
SK바이오사이언스,302440,30,250,2026-04-16
현대백화점,069960,30,250,2026-04-16
에스에프에이,056190,29,258,2026-04-16
현대차우,005385,29,258,2026-04-16
두산로보틱스,454910,29,258,2026-04-16
삼표시멘트,038500,29,258,2026-04-16
SK리츠,395400,29,258,2026-04-16
HL만도,204320,29,258,2026-04-16
로킷헬스케어,376900,29,258,2026-04-16
코오롱티슈진,950160,29,258,2026-04-16
SK네트웍스,001740,29,258,2026-04-16
한일시멘트,300720,29,258,2026-04-16
카카오뱅크,323410,29,258,2026-04-16
삼성물산,028260,29,258,2026-04-16
삼성에스디에스,018260,28,270,2026-04-16
한국전력,015760,28,270,2026-04-16
JYP Ent.,035900,28,270,2026-04-16
두산퓨얼셀,336260,28,270,2026-04-16
현대제철,004020,28,270,2026-04-16
대한항공,003490,28,270,2026-04-16
에임드바이오,0009K0,28,270,2026-04-16
파마리서치,214450,28,270,2026-04-16
기아,000270,28,270,2026-04-16
한화생명,088350,27,279,2026-04-16
메지온,140410,27,279,2026-04-16
에이치브이엠,295310,27,279,2026-04-16
미스토홀딩스,081660,27,279,2026-04-16
파크시스템스,140860,27,279,2026-04-16
현대바이오,048410,27,279,2026-04-16
SK아이이테크놀로지,361610,27,279,2026-04-16
NH투자증권,005940,27,279,2026-04-16
케어젠,214370,26,287,2026-04-16
셀트리온제약,068760,26,287,2026-04-16
카카오페이,377300,26,287,2026-04-16
유한양행,000100,26,287,2026-04-16
삼성E&A,028050,26,287,2026-04-16
케이뱅크,279570,26,287,2026-04-16
SK가스,018670,25,293,2026-04-16
LG디스플레이,034220,25,293,2026-04-16
HD현대마린솔루션,443060,25,293,2026-04-16
현대차2우B,005387,25,293,2026-04-16
한화비전,489790,25,293,2026-04-16
HMM,011200,25,293,2026-04-16
앱클론,174900,25,293,2026-04-16
LG,003550,25,293,2026-04-16
영원무역홀딩스,009970,24,301,2026-04-16
에스피지,058610,24,301,2026-04-16
레인보우로보틱스,277810,24,301,2026-04-16
대신증권,003540,24,301,2026-04-16
삼성에피스홀딩스,0126Z0,24,301,2026-04-16
에코프로머티,450080,24,301,2026-04-16
펄어비스,263750,23,307,2026-04-16
원익IPS,240810,23,307,2026-04-16
LG생활건강,051900,22,309,2026-04-16
하이젠알앤엠,160190,22,309,2026-04-16
유일로보틱스,388720,22,309,2026-04-16
에이프릴바이오,397030,22,309,2026-04-16
엘앤씨바이오,290650,22,309,2026-04-16
SK이터닉스,475150,21,314,2026-04-16
아이엠바이오로직스,493280,21,314,2026-04-16
동양생명,082640,21,314,2026-04-16
에이피알,278470,18,317,2026-04-16
종근당,185750,18,317,2026-04-16
롯데지주,004990,17,319,2026-04-16
SK하이닉스,000660,17,319,2026-04-16
제이에스링크,127120,17,319,2026-04-16
큐리언트,115180,17,319,2026-04-16
휴림로봇,090710,17,319,2026-04-16
리브스메드,491000,17,319,2026-04-16
유진로봇,056080,17,319,2026-04-16
DN오토모티브,007340,16,326,2026-04-16
제이앤티씨,204270,16,326,2026-04-16
툴젠,199800,16,326,2026-04-16
HLB,028300,15,329,2026-04-16
삼성전기,009150,15,329,2026-04-16
DL,000210,15,329,2026-04-16
코리안리,003690,14,332,2026-04-16
CJ대한통운,000120,14,332,2026-04-16
지투지바이오,456160,14,332,2026-04-16
HDC,012630,14,332,2026-04-16
한올바이오파마,009420,13,336,2026-04-16
씨어스,458870,13,336,2026-04-16
DB손해보험,005830,13,336,2026-04-16
HD현대중공업,329180,13,336,2026-04-16
대한조선,439260,13,336,2026-04-16
현대해상,001450,13,336,2026-04-16
대웅제약,069620,13,336,2026-04-16
한화시스템,272210,13,336,2026-04-16
한미약품,128940,13,336,2026-04-16
금호타이어,073240,13,336,2026-04-16
에이비엘바이오,298380,12,346,2026-04-16
제일기획,030000,12,346,2026-04-16
서부T&D,006730,12,346,2026-04-16
삼성카드,029780,12,346,2026-04-16
에스티팜,237690,12,346,2026-04-16
강원랜드,035250,12,346,2026-04-16
STX엔진,077970,12,346,2026-04-16
더존비즈온,012510,12,346,2026-04-16
한전KPS,051600,11,354,2026-04-16
기업은행,024110,10,355,2026-04-16
아모레퍼시픽,090430,10,355,2026-04-16
한국앤컴퍼니,000240,10,355,2026-04-16
파라다이스,034230,9,358,2026-04-16
CJ ENM,035760,9,358,2026-04-16
스튜디오드래곤,253450,9,358,2026-04-16
보로노이,310210,9,358,2026-04-16
한진칼,180640,9,358,2026-04-16
에코프로,086520,9,358,2026-04-16
한국가스공사,036460,9,358,2026-04-16
아모레퍼시픽홀딩스,002790,9,358,2026-04-16
삼천당제약,000250,9,358,2026-04-16
롯데리츠,330590,9,358,2026-04-16
카카오게임즈,293490,8,368,2026-04-16
맥쿼리인프라,088980,8,368,2026-04-16
SK스퀘어,402340,8,368,2026-04-16
KB발해인프라,415640,8,368,2026-04-16
LS,006260,7,372,2026-04-16
차바이오텍,085660,7,372,2026-04-16
메디포스트,078160,7,372,2026-04-16
클로봇,466100,5,375,2026-04-16
포스코인터내셔널,047050,2,376,2026-04-16
젬백스,082270,0,377,2026-04-16
하이브,352820,0,377,2026-04-16
서울보증보험,031210,0,377,2026-04-16
큐리옥스바이오시스템즈,445680,0,377,2026-04-16
인벤티지랩,389470,0,377,2026-04-16
오름테라퓨틱,475830,0,377,2026-04-16
하림지주,003380,0,377,2026-04-16
펩트론,087010,0,377,2026-04-16
한국콜마,161890,68,1,2026-04-17
엘앤에프,066970,66,2,2026-04-17
기가비스,420770,66,2,2026-04-17
후성,093370,65,4,2026-04-17
달바글로벌,483650,59,5,2026-04-17
테스,095610,58,6,2026-04-17
대덕전자,353200,58,6,2026-04-17
비츠로셀,082920,57,8,2026-04-17
산일전기,062040,57,8,2026-04-17
한온시스템,018880,56,10,2026-04-17
심텍,222800,56,10,2026-04-17
씨아이에스,222080,55,12,2026-04-17
티에스이,131290,54,13,2026-04-17
미래에셋벤처투자,100790,52,14,2026-04-17
DL이앤씨,375500,52,14,2026-04-17
STX엔진,077970,51,16,2026-04-17
HD현대마린엔진,071970,51,16,2026-04-17
대주전자재료,078600,51,16,2026-04-17
성일하이텍,365340,50,19,2026-04-17
코리아써키트,007810,50,19,2026-04-17
코오롱인더,120110,49,21,2026-04-17
고영,098460,49,21,2026-04-17
파이버프로,368770,48,23,2026-04-17
실리콘투,257720,48,23,2026-04-17
에이치브이엠,295310,48,23,2026-04-17
브이엠,089970,47,26,2026-04-17
코미코,183300,47,26,2026-04-17
티엘비,356860,47,26,2026-04-17
에코프로머티,450080,47,26,2026-04-17
한화엔진,082740,46,30,2026-04-17
현대무벡스,319400,46,30,2026-04-17
아주IB투자,027360,45,32,2026-04-17
두산테스나,131970,45,32,2026-04-17
휴젤,145020,45,32,2026-04-17
동국제약,086450,44,35,2026-04-17
NHN KCP,060250,44,35,2026-04-17
LG이노텍,011070,44,35,2026-04-17
에스앤에스텍,101490,43,38,2026-04-17
KB금융,105560,43,38,2026-04-17
RFHIC,218410,43,38,2026-04-17
HJ중공업,097230,43,38,2026-04-17
태광,023160,42,42,2026-04-17
제주반도체,080220,41,43,2026-04-17
세미파이브,490470,41,43,2026-04-17
HD현대마린솔루션,443060,41,43,2026-04-17
인텔리안테크,189300,41,43,2026-04-17
하나마이크론,067310,41,43,2026-04-17
동진쎄미켐,005290,41,43,2026-04-17
TIME 미국나스닥100액티브,426030,40,49,2026-04-17
코나아이,052400,40,49,2026-04-17
두산퓨얼셀,336260,40,49,2026-04-17
동운아나텍,094170,40,49,2026-04-17
RF머트리얼즈,327260,40,49,2026-04-17
호텔신라,008770,40,49,2026-04-17
이수스페셜티케미컬,457190,39,55,2026-04-17
대한전선,001440,39,55,2026-04-17
LS머트리얼즈,417200,38,57,2026-04-17
HD현대에너지솔루션,322000,38,57,2026-04-17
NC,036570,38,57,2026-04-17
스피어,347700,38,57,2026-04-17
에코프로비엠,247540,38,57,2026-04-17
휴림로봇,090710,38,57,2026-04-17
나노신소재,121600,37,63,2026-04-17
클로봇,466100,37,63,2026-04-17
LS에코에너지,229640,37,63,2026-04-17
삼양식품,003230,37,63,2026-04-17
쏠리드,050890,37,63,2026-04-17
하나머티리얼즈,166090,36,68,2026-04-17
F&F,383220,36,68,2026-04-17
다우기술,023590,36,68,2026-04-17
CJ제일제당,097950,36,68,2026-04-17
씨젠,096530,36,68,2026-04-17
오리온홀딩스,001800,36,68,2026-04-17
코웨이,021240,36,68,2026-04-17
TIME 글로벌AI인공지능액티브,456600,35,75,2026-04-17
코리안리,003690,35,75,2026-04-17
레이크머티리얼즈,281740,35,75,2026-04-17
LIG디펜스앤에어로스페이스,079550,35,75,2026-04-17
SK오션플랜트,100090,35,75,2026-04-17
주성엔지니어링,036930,35,75,2026-04-17
미래에셋생명,085620,34,81,2026-04-17
현대바이오,048410,34,81,2026-04-17
덕산네오룩스,213420,34,81,2026-04-17
동서,026960,34,81,2026-04-17
대한광통신,010170,33,85,2026-04-17
뉴로메카,348340,33,85,2026-04-17
OCI홀딩스,010060,33,85,2026-04-17
효성티앤씨,298020,33,85,2026-04-17
대신증권,003540,33,85,2026-04-17
대우건설,047040,33,85,2026-04-17
온코닉테라퓨틱스,476060,32,91,2026-04-17
ISC,095340,32,91,2026-04-17
두산우,000155,32,91,2026-04-17
씨엠티엑스,388210,32,91,2026-04-17
롯데에너지머티리얼즈,020150,32,91,2026-04-17
HD현대중공업,329180,31,96,2026-04-17
GS리테일,007070,31,96,2026-04-17
SNT다이내믹스,003570,31,96,2026-04-17
KIWOOM 200TR,294400,31,96,2026-04-17
성광벤드,014620,31,96,2026-04-17
성호전자,043260,31,96,2026-04-17
오리온,271560,31,96,2026-04-17
DB하이텍,000990,31,96,2026-04-17
HD한국조선해양,009540,31,96,2026-04-17
펄어비스,263750,31,96,2026-04-17
메리츠금융지주,138040,31,96,2026-04-17
금호석유화학,011780,31,96,2026-04-17
현대로템,064350,30,108,2026-04-17
KT&G,033780,30,108,2026-04-17
대웅,003090,30,108,2026-04-17
영원무역,111770,30,108,2026-04-17
교보증권,030610,30,108,2026-04-17
에스엠,041510,30,108,2026-04-17
로보티즈,108490,30,108,2026-04-17
시프트업,462870,30,108,2026-04-17
롯데쇼핑,023530,30,108,2026-04-17
씨에스윈드,112610,29,117,2026-04-17
제룡전기,033100,29,117,2026-04-17
서진시스템,178320,29,117,2026-04-17
신영증권,001720,29,117,2026-04-17
에스원,012750,28,121,2026-04-17
SK바이오팜,326030,28,121,2026-04-17
KT,030200,28,121,2026-04-17
녹십자,006280,28,121,2026-04-17
HPSP,403870,28,121,2026-04-17
넥스틴,348210,28,121,2026-04-17
POSCO홀딩스,005490,28,121,2026-04-17
JB금융지주,175330,28,121,2026-04-17
태광산업,003240,28,121,2026-04-17
우리금융지주,316140,28,121,2026-04-17
이수페타시스,007660,28,121,2026-04-17
롯데정밀화학,004000,28,121,2026-04-17
와이씨,232140,28,121,2026-04-17
한화오션,042660,28,121,2026-04-17
포스코퓨처엠,003670,28,121,2026-04-17
피에스케이,319660,28,121,2026-04-17
큐로셀,372320,28,121,2026-04-17
신한지주,055550,28,121,2026-04-17
셀트리온,068270,28,121,2026-04-17
코스메카코리아,241710,28,121,2026-04-17
아이티센글로벌,124500,28,121,2026-04-17
피에스케이홀딩스,031980,28,121,2026-04-17
비나텍,126340,28,121,2026-04-17
쎄트렉아이,099320,27,144,2026-04-17
가온전선,000500,27,144,2026-04-17
포스코DX,022100,27,144,2026-04-17
고려아연,010130,27,144,2026-04-17
삼성중공업,010140,27,144,2026-04-17
LG디스플레이,034220,27,144,2026-04-17
삼성E&A,028050,27,144,2026-04-17
동원산업,006040,27,144,2026-04-17
HMM,011200,27,144,2026-04-17
이마트,139480,27,144,2026-04-17
한화투자증권,003530,27,144,2026-04-17
한미사이언스,008930,27,144,2026-04-17
BNK금융지주,138930,26,156,2026-04-17
LG,003550,26,156,2026-04-17
알지노믹스,476830,26,156,2026-04-17
삼표시멘트,038500,26,156,2026-04-17
HLB,028300,26,156,2026-04-17
테크윙,089030,26,156,2026-04-17
코스모신소재,005070,26,156,2026-04-17
롯데관광개발,032350,26,156,2026-04-17
현대모비스,012330,26,156,2026-04-17
포스코엠텍,009520,26,156,2026-04-17
팬오션,028670,26,156,2026-04-17
오스코텍,039200,26,156,2026-04-17
하이트진로,000080,26,156,2026-04-17
GS건설,006360,26,156,2026-04-17
카카오뱅크,323410,25,170,2026-04-17
현대제철,004020,25,170,2026-04-17
NAVER,035420,25,170,2026-04-17
삼성증권,016360,25,170,2026-04-17
HD건설기계,267270,25,170,2026-04-17
우리기술,032820,25,170,2026-04-17
휴온스글로벌,084110,25,170,2026-04-17
SK리츠,395400,25,170,2026-04-17
효성,004800,25,170,2026-04-17
아모레퍼시픽홀딩스,002790,25,170,2026-04-17
와이지엔터테인먼트,122870,25,170,2026-04-17
HD현대일렉트릭,267260,24,181,2026-04-17
SKC,011790,24,181,2026-04-17
LG화학우,051915,24,181,2026-04-17
알테오젠,196170,24,181,2026-04-17
LG에너지솔루션,373220,24,181,2026-04-17
케이엠더블유,032500,23,186,2026-04-17
한화에어로스페이스,012450,23,186,2026-04-17
파두,440110,23,186,2026-04-17
디앤디파마텍,347850,23,186,2026-04-17
비에이치아이,083650,23,186,2026-04-17
더존비즈온,012510,23,186,2026-04-17
SK바이오사이언스,302440,23,186,2026-04-17
클래시스,214150,23,186,2026-04-17
필옵틱스,161580,23,186,2026-04-17
아시아나항공,020560,23,186,2026-04-17
리노공업,058470,22,196,2026-04-17
CJ,001040,22,196,2026-04-17
SK이터닉스,475150,22,196,2026-04-17
NH투자증권,005940,22,196,2026-04-17
솔브레인홀딩스,036830,22,196,2026-04-17
SK이노베이션,096770,22,196,2026-04-17
종근당,185750,22,196,2026-04-17
크래프톤,259960,22,196,2026-04-17
삼성SDI,006400,22,196,2026-04-17
기아,000270,21,205,2026-04-17
한국금융지주,071050,21,205,2026-04-17
에프에스티,036810,21,205,2026-04-17
대한항공,003490,21,205,2026-04-17
세아베스틸지주,001430,21,205,2026-04-17
미래에셋증권2우B,00680K,21,205,2026-04-17
앱클론,174900,21,205,2026-04-17
키움증권,039490,21,205,2026-04-17
다우데이타,032190,21,205,2026-04-17
SK,034730,21,205,2026-04-17
현대차,005380,21,205,2026-04-17
LG유플러스,032640,21,205,2026-04-17
KCC,002380,20,217,2026-04-17
피엔티,137400,20,217,2026-04-17
태웅,044490,20,217,2026-04-17
한국전력,015760,20,217,2026-04-17
현대엘리베이터,017800,20,217,2026-04-17
SK스퀘어,402340,20,217,2026-04-17
한솔케미칼,014680,20,217,2026-04-17
원익홀딩스,030530,20,217,2026-04-17
동성화인텍,033500,20,217,2026-04-17
일진전기,103590,20,217,2026-04-17
DN오토모티브,007340,20,217,2026-04-17
제이에스링크,127120,20,217,2026-04-17
현대차우,005385,20,217,2026-04-17
로킷헬스케어,376900,20,217,2026-04-17
롯데리츠,330590,20,217,2026-04-17
JYP Ent.,035900,20,217,2026-04-17
한미약품,128940,20,217,2026-04-17
삼성에스디에스,018260,20,217,2026-04-17
티씨케이,064760,19,235,2026-04-17
현대글로비스,086280,19,235,2026-04-17
케이뱅크,279570,19,235,2026-04-17
에스엘,005850,19,235,2026-04-17
LS,006260,19,235,2026-04-17
리가켐바이오,141080,19,235,2026-04-17
선익시스템,171090,19,235,2026-04-17
파마리서치,214450,19,235,2026-04-17
대한조선,439260,19,235,2026-04-17
삼성바이오로직스,207940,19,235,2026-04-17
삼성화재,000810,18,245,2026-04-17
한화비전,489790,18,245,2026-04-17
한국카본,017960,18,245,2026-04-17
한화솔루션,009830,18,245,2026-04-17
SK하이닉스,000660,18,245,2026-04-17
미스토홀딩스,081660,18,245,2026-04-17
코스맥스,192820,18,245,2026-04-17
한국타이어앤테크놀로지,161390,18,245,2026-04-17
SK텔레콤,017670,18,245,2026-04-17
유진테크,084370,18,245,2026-04-17
LG화학,051910,18,245,2026-04-17
파크시스템스,140860,18,245,2026-04-17
효성중공업,298040,18,245,2026-04-17
LS마린솔루션,060370,18,245,2026-04-17
아이엠바이오로직스,493280,18,245,2026-04-17
HK이노엔,195940,18,245,2026-04-17
하나금융지주,086790,18,245,2026-04-17
메디포스트,078160,18,245,2026-04-17
에이피알,278470,18,245,2026-04-17
미래에셋증권,006800,18,245,2026-04-17
보로노이,310210,17,265,2026-04-17
원익QnC,074600,17,265,2026-04-17
한국가스공사,036460,17,265,2026-04-17
솔브레인,357780,17,265,2026-04-17
신성델타테크,065350,17,265,2026-04-17
삼성전자,005930,17,265,2026-04-17
삼현,437730,17,265,2026-04-17
유한양행,000100,17,265,2026-04-17
롯데케미칼,011170,17,265,2026-04-17
셀트리온제약,068760,17,265,2026-04-17
HD현대,267250,17,265,2026-04-17
LS ELECTRIC,010120,17,265,2026-04-17
에코프로,086520,17,265,2026-04-17
GS,078930,17,265,2026-04-17
DL,000210,17,265,2026-04-17
NHN,181710,17,265,2026-04-17
S-Oil,010950,17,265,2026-04-17
LX인터내셔널,001120,17,265,2026-04-17
한화생명,088350,17,265,2026-04-17
BGF리테일,282330,17,265,2026-04-17
CJ대한통운,000120,17,265,2026-04-17
에스에프에이,056190,16,286,2026-04-17
iM금융지주,139130,16,286,2026-04-17
풍산,103140,16,286,2026-04-17
두산밥캣,241560,16,286,2026-04-17
삼성물산,028260,16,286,2026-04-17
삼성전기,009150,16,286,2026-04-17
IPARK현대산업개발,294870,16,286,2026-04-17
SK네트웍스,001740,16,286,2026-04-17
현대차2우B,005387,16,286,2026-04-17
DB손해보험,005830,16,286,2026-04-17
한화,000880,16,286,2026-04-17
현대백화점,069960,16,286,2026-04-17
씨어스,458870,16,286,2026-04-17
SK가스,018670,16,286,2026-04-17
레인보우로보틱스,277810,16,286,2026-04-17
두산로보틱스,454910,16,286,2026-04-17
두산,000150,15,302,2026-04-17
넷마블,251270,15,302,2026-04-17
에임드바이오,0009K0,15,302,2026-04-17
영원무역홀딩스,009970,15,302,2026-04-17
삼성생명,032830,15,302,2026-04-17
신세계,004170,15,302,2026-04-17
HL만도,204320,15,302,2026-04-17
에스피지,058610,15,302,2026-04-17
현대해상,001450,15,302,2026-04-17
현대위아,011210,15,302,2026-04-17
카카오,035720,15,302,2026-04-17
LG전자,066570,15,302,2026-04-17
엔켐,348370,14,314,2026-04-17
원익IPS,240810,14,314,2026-04-17
카카오페이,377300,14,314,2026-04-17
SK아이이테크놀로지,361610,14,314,2026-04-17
대웅제약,069620,14,314,2026-04-17
LG생활건강,051900,14,314,2026-04-17
SFA반도체,036540,14,314,2026-04-17
금호타이어,073240,14,314,2026-04-17
코오롱티슈진,950160,13,322,2026-04-17
네이처셀,007390,13,322,2026-04-17
메지온,140410,13,322,2026-04-17
현대지에프홀딩스,005440,13,322,2026-04-17
한미반도체,042700,13,322,2026-04-17
에이프릴바이오,397030,13,322,2026-04-17
올릭스,226950,13,322,2026-04-17
유일로보틱스,388720,13,322,2026-04-17
제이앤티씨,204270,13,322,2026-04-17
툴젠,199800,13,322,2026-04-17
영풍,000670,13,322,2026-04-17
삼성에피스홀딩스,0126Z0,13,322,2026-04-17
루닛,328130,13,322,2026-04-17
케어젠,214370,12,335,2026-04-17
한국항공우주,047810,12,335,2026-04-17
이오테크닉스,039030,12,335,2026-04-17
현대오토에버,307950,11,338,2026-04-17
농심,004370,11,338,2026-04-17
한화시스템,272210,10,340,2026-04-17
한진칼,180640,10,340,2026-04-17
삼천당제약,000250,10,340,2026-04-17
KB발해인프라,415640,10,340,2026-04-17
포스코인터내셔널,047050,10,340,2026-04-17
HDC,012630,10,340,2026-04-17
오뚜기,007310,10,340,2026-04-17
서부T&D,006730,10,340,2026-04-17
삼성카드,029780,10,340,2026-04-17
LG씨엔에스,064400,9,349,2026-04-17
제일기획,030000,8,350,2026-04-17
디어유,376300,8,350,2026-04-17
리브스메드,491000,8,350,2026-04-17
차바이오텍,085660,8,350,2026-04-17
에스티큐브,052020,8,350,2026-04-17
엘앤씨바이오,290650,8,350,2026-04-17
강원랜드,035250,8,350,2026-04-17
유진로봇,056080,8,350,2026-04-17
태성,323280,8,350,2026-04-17
한전KPS,051600,8,350,2026-04-17
한올바이오파마,009420,7,360,2026-04-17
지아이이노베이션,358570,7,360,2026-04-17
한전기술,052690,7,360,2026-04-17
지투지바이오,456160,6,363,2026-04-17
기업은행,024110,6,363,2026-04-17
한국앤컴퍼니,000240,6,363,2026-04-17
서울보증보험,031210,6,363,2026-04-17
카카오게임즈,293490,5,367,2026-04-17
현대건설,000720,5,367,2026-04-17
CJ ENM,035760,5,367,2026-04-17
한일시멘트,300720,5,367,2026-04-17
두산에너빌리티,034020,5,367,2026-04-17
스튜디오드래곤,253450,5,367,2026-04-17
파라다이스,034230,5,367,2026-04-17
삼성전자우,005935,5,367,2026-04-17
아모레퍼시픽,090430,5,367,2026-04-17
하림지주,003380,4,376,2026-04-17
맥쿼리인프라,088980,4,376,2026-04-17
롯데지주,004990,4,376,2026-04-17
에이비엘바이오,298380,3,379,2026-04-17
하이젠알앤엠,160190,3,379,2026-04-17
큐리언트,115180,3,379,2026-04-17
동양생명,082640,3,379,2026-04-17
에스티팜,237690,2,383,2026-04-17
펩트론,087010,0,384,2026-04-17
인벤티지랩,389470,0,384,2026-04-17
큐리옥스바이오시스템즈,445680,0,384,2026-04-17
젬백스,082270,0,384,2026-04-17
오름테라퓨틱,475830,0,384,2026-04-17
하이브,352820,0,384,2026-04-17
한국콜마,161890,68,1,2026-04-19
기가비스,420770,67,2,2026-04-19
엘앤에프,066970,66,3,2026-04-19
후성,093370,64,4,2026-04-19
테스,095610,59,5,2026-04-19
달바글로벌,483650,58,6,2026-04-19
대덕전자,353200,58,6,2026-04-19
비츠로셀,082920,57,8,2026-04-19
산일전기,062040,57,8,2026-04-19
심텍,222800,56,10,2026-04-19
한온시스템,018880,56,10,2026-04-19
티에스이,131290,55,12,2026-04-19
씨아이에스,222080,55,12,2026-04-19
미래에셋벤처투자,100790,52,14,2026-04-19
DL이앤씨,375500,52,14,2026-04-19
STX엔진,077970,52,14,2026-04-19
HD현대마린엔진,071970,52,14,2026-04-19
대주전자재료,078600,51,18,2026-04-19
성일하이텍,365340,50,19,2026-04-19
코오롱인더,120110,49,20,2026-04-19
코리아써키트,007810,49,20,2026-04-19
고영,098460,49,20,2026-04-19
브이엠,089970,49,20,2026-04-19
티엘비,356860,48,24,2026-04-19
실리콘투,257720,48,24,2026-04-19
코미코,183300,48,24,2026-04-19
에이치브이엠,295310,48,24,2026-04-19
파이버프로,368770,48,24,2026-04-19
한화엔진,082740,47,29,2026-04-19
에코프로머티,450080,47,29,2026-04-19
두산테스나,131970,46,31,2026-04-19
현대무벡스,319400,46,31,2026-04-19
휴젤,145020,45,33,2026-04-19
아주IB투자,027360,45,33,2026-04-19
동국제약,086450,45,33,2026-04-19
에스앤에스텍,101490,45,33,2026-04-19
LG이노텍,011070,44,37,2026-04-19
HJ중공업,097230,44,37,2026-04-19
KB금융,105560,44,37,2026-04-19
HD현대마린솔루션,443060,43,40,2026-04-19
동진쎄미켐,005290,43,40,2026-04-19
하나마이크론,067310,43,40,2026-04-19
세미파이브,490470,43,40,2026-04-19
RFHIC,218410,43,40,2026-04-19
NHN KCP,060250,43,40,2026-04-19
태광,023160,42,46,2026-04-19
제주반도체,080220,42,46,2026-04-19
동운아나텍,094170,42,46,2026-04-19
인텔리안테크,189300,41,49,2026-04-19
TIME 미국나스닥100액티브,426030,40,50,2026-04-19
호텔신라,008770,40,50,2026-04-19
두산퓨얼셀,336260,40,50,2026-04-19
코나아이,052400,40,50,2026-04-19
RF머트리얼즈,327260,40,50,2026-04-19
이수스페셜티케미컬,457190,39,55,2026-04-19
대한전선,001440,39,55,2026-04-19
에코프로비엠,247540,38,57,2026-04-19
휴림로봇,090710,38,57,2026-04-19
스피어,347700,38,57,2026-04-19
HD현대에너지솔루션,322000,38,57,2026-04-19
하나머티리얼즈,166090,38,57,2026-04-19
LS머트리얼즈,417200,38,57,2026-04-19
NC,036570,37,63,2026-04-19
주성엔지니어링,036930,37,63,2026-04-19
나노신소재,121600,37,63,2026-04-19
삼양식품,003230,37,63,2026-04-19
클로봇,466100,37,63,2026-04-19
CJ제일제당,097950,36,68,2026-04-19
LS에코에너지,229640,36,68,2026-04-19
쏠리드,050890,36,68,2026-04-19
다우기술,023590,36,68,2026-04-19
F&F,383220,36,68,2026-04-19
씨젠,096530,36,68,2026-04-19
오리온홀딩스,001800,36,68,2026-04-19
레이크머티리얼즈,281740,35,75,2026-04-19
LIG디펜스앤에어로스페이스,079550,35,75,2026-04-19
TIME 글로벌AI인공지능액티브,456600,35,75,2026-04-19
코웨이,021240,35,75,2026-04-19
대우건설,047040,35,75,2026-04-19
코리안리,003690,35,75,2026-04-19
SK오션플랜트,100090,35,75,2026-04-19
미래에셋생명,085620,34,82,2026-04-19
덕산네오룩스,213420,34,82,2026-04-19
현대바이오,048410,34,82,2026-04-19
동서,026960,34,82,2026-04-19
씨엠티엑스,388210,34,82,2026-04-19
ISC,095340,33,87,2026-04-19
대한광통신,010170,33,87,2026-04-19
대신증권,003540,33,87,2026-04-19
OCI홀딩스,010060,33,87,2026-04-19
뉴로메카,348340,33,87,2026-04-19
HD한국조선해양,009540,33,87,2026-04-19
온코닉테라퓨틱스,476060,33,87,2026-04-19
HD현대중공업,329180,33,87,2026-04-19
효성티앤씨,298020,33,87,2026-04-19
대웅,003090,32,96,2026-04-19
DB하이텍,000990,32,96,2026-04-19
롯데에너지머티리얼즈,020150,32,96,2026-04-19
두산우,000155,32,96,2026-04-19
오리온,271560,31,100,2026-04-19
성호전자,043260,31,100,2026-04-19
금호석유화학,011780,31,100,2026-04-19
SNT다이내믹스,003570,31,100,2026-04-19
메리츠금융지주,138040,31,100,2026-04-19
GS리테일,007070,31,100,2026-04-19
성광벤드,014620,31,100,2026-04-19
KIWOOM 200TR,294400,31,100,2026-04-19
펄어비스,263750,31,100,2026-04-19
셀트리온,068270,30,109,2026-04-19
교보증권,030610,30,109,2026-04-19
롯데쇼핑,023530,30,109,2026-04-19
피에스케이홀딩스,031980,30,109,2026-04-19
영원무역,111770,30,109,2026-04-19
시프트업,462870,30,109,2026-04-19
로보티즈,108490,30,109,2026-04-19
현대로템,064350,30,109,2026-04-19
에스엠,041510,30,109,2026-04-19
KT&G,033780,30,109,2026-04-19
와이씨,232140,30,109,2026-04-19
넥스틴,348210,29,120,2026-04-19
씨에스윈드,112610,29,120,2026-04-19
SK바이오팜,326030,29,120,2026-04-19
피에스케이,319660,29,120,2026-04-19
녹십자,006280,29,120,2026-04-19
서진시스템,178320,29,120,2026-04-19
제룡전기,033100,29,120,2026-04-19
한화오션,042660,29,120,2026-04-19
신영증권,001720,29,120,2026-04-19
HPSP,403870,29,120,2026-04-19
오스코텍,039200,28,130,2026-04-19
태광산업,003240,28,130,2026-04-19
롯데정밀화학,004000,28,130,2026-04-19
삼성중공업,010140,28,130,2026-04-19
포스코퓨처엠,003670,28,130,2026-04-19
아이티센글로벌,124500,28,130,2026-04-19
한미사이언스,008930,28,130,2026-04-19
POSCO홀딩스,005490,28,130,2026-04-19
테크윙,089030,28,130,2026-04-19
우리금융지주,316140,28,130,2026-04-19
GS건설,006360,28,130,2026-04-19
삼성E&A,028050,28,130,2026-04-19
KT,030200,28,130,2026-04-19
이수페타시스,007660,28,130,2026-04-19
비나텍,126340,28,130,2026-04-19
신한지주,055550,28,130,2026-04-19
에스원,012750,28,130,2026-04-19
JB금융지주,175330,28,130,2026-04-19
큐로셀,372320,28,130,2026-04-19
코스메카코리아,241710,28,130,2026-04-19
동원산업,006040,27,150,2026-04-19
HMM,011200,27,150,2026-04-19
고려아연,010130,27,150,2026-04-19
LG디스플레이,034220,27,150,2026-04-19
휴온스글로벌,084110,27,150,2026-04-19
쎄트렉아이,099320,27,150,2026-04-19
가온전선,000500,27,150,2026-04-19
이마트,139480,27,150,2026-04-19
한화투자증권,003530,27,150,2026-04-19
팬오션,028670,26,159,2026-04-19
코스모신소재,005070,26,159,2026-04-19
삼표시멘트,038500,26,159,2026-04-19
HLB,028300,26,159,2026-04-19
포스코엠텍,009520,26,159,2026-04-19
롯데관광개발,032350,26,159,2026-04-19
하이트진로,000080,26,159,2026-04-19
현대모비스,012330,26,159,2026-04-19
포스코DX,022100,26,159,2026-04-19
알지노믹스,476830,26,159,2026-04-19
LG,003550,26,159,2026-04-19
BNK금융지주,138930,26,159,2026-04-19
카카오뱅크,323410,25,171,2026-04-19
우리기술,032820,25,171,2026-04-19
SK바이오사이언스,302440,25,171,2026-04-19
NAVER,035420,25,171,2026-04-19
현대제철,004020,25,171,2026-04-19
삼성증권,016360,25,171,2026-04-19
SK리츠,395400,25,171,2026-04-19
와이지엔터테인먼트,122870,25,171,2026-04-19
HD건설기계,267270,25,171,2026-04-19
파두,440110,25,171,2026-04-19
아모레퍼시픽홀딩스,002790,25,171,2026-04-19
LG화학우,051915,24,182,2026-04-19
알테오젠,196170,24,182,2026-04-19
효성,004800,24,182,2026-04-19
HD현대일렉트릭,267260,24,182,2026-04-19
SKC,011790,24,182,2026-04-19
리노공업,058470,24,182,2026-04-19
LG에너지솔루션,373220,24,182,2026-04-19
종근당,185750,23,189,2026-04-19
케이엠더블유,032500,23,189,2026-04-19
디앤디파마텍,347850,23,189,2026-04-19
에프에스티,036810,23,189,2026-04-19
더존비즈온,012510,23,189,2026-04-19
아시아나항공,020560,23,189,2026-04-19
클래시스,214150,23,189,2026-04-19
한화에어로스페이스,012450,23,189,2026-04-19
필옵틱스,161580,23,189,2026-04-19
비에이치아이,083650,23,189,2026-04-19
SK이터닉스,475150,22,199,2026-04-19
SK이노베이션,096770,22,199,2026-04-19
한미약품,128940,22,199,2026-04-19
삼성SDI,006400,22,199,2026-04-19
솔브레인홀딩스,036830,22,199,2026-04-19
크래프톤,259960,22,199,2026-04-19
NH투자증권,005940,22,199,2026-04-19
CJ,001040,22,199,2026-04-19
원익홀딩스,030530,21,207,2026-04-19
미래에셋증권2우B,00680K,21,207,2026-04-19
앱클론,174900,21,207,2026-04-19
삼성바이오로직스,207940,21,207,2026-04-19
SK,034730,21,207,2026-04-19
대한조선,439260,21,207,2026-04-19
세아베스틸지주,001430,21,207,2026-04-19
키움증권,039490,21,207,2026-04-19
리가켐바이오,141080,21,207,2026-04-19
기아,000270,21,207,2026-04-19
LG유플러스,032640,21,207,2026-04-19
현대차,005380,21,207,2026-04-19
한국금융지주,071050,21,207,2026-04-19
대한항공,003490,21,207,2026-04-19
DN오토모티브,007340,20,221,2026-04-19
일진전기,103590,20,221,2026-04-19
한솔케미칼,014680,20,221,2026-04-19
HK이노엔,195940,20,221,2026-04-19
현대차우,005385,20,221,2026-04-19
한국전력,015760,20,221,2026-04-19
JYP Ent.,035900,20,221,2026-04-19
피엔티,137400,20,221,2026-04-19
태웅,044490,20,221,2026-04-19
롯데리츠,330590,20,221,2026-04-19
동성화인텍,033500,20,221,2026-04-19
다우데이타,032190,20,221,2026-04-19
LS마린솔루션,060370,20,221,2026-04-19
KCC,002380,20,221,2026-04-19
현대엘리베이터,017800,20,221,2026-04-19
아이엠바이오로직스,493280,20,221,2026-04-19
제이에스링크,127120,20,221,2026-04-19
SK스퀘어,402340,20,221,2026-04-19
삼성에스디에스,018260,20,221,2026-04-19
유진테크,084370,20,221,2026-04-19
티씨케이,064760,20,221,2026-04-19
솔브레인,357780,19,242,2026-04-19
현대글로비스,086280,19,242,2026-04-19
선익시스템,171090,19,242,2026-04-19
SK하이닉스,000660,19,242,2026-04-19
파마리서치,214450,19,242,2026-04-19
로킷헬스케어,376900,19,242,2026-04-19
한국카본,017960,19,242,2026-04-19
원익QnC,074600,19,242,2026-04-19
에스엘,005850,19,242,2026-04-19
삼성전자,005930,18,251,2026-04-19
코스맥스,192820,18,251,2026-04-19
한화비전,489790,18,251,2026-04-19
케이뱅크,279570,18,251,2026-04-19
미스토홀딩스,081660,18,251,2026-04-19
유한양행,000100,18,251,2026-04-19
한국타이어앤테크놀로지,161390,18,251,2026-04-19
한화솔루션,009830,18,251,2026-04-19
파크시스템스,140860,18,251,2026-04-19
셀트리온제약,068760,18,251,2026-04-19
보로노이,310210,18,251,2026-04-19
삼성화재,000810,18,251,2026-04-19
효성중공업,298040,18,251,2026-04-19
에이피알,278470,18,251,2026-04-19
LS,006260,18,251,2026-04-19
하나금융지주,086790,18,251,2026-04-19
메디포스트,078160,18,251,2026-04-19
IPARK현대산업개발,294870,18,251,2026-04-19
미래에셋증권,006800,18,251,2026-04-19
HD현대,267250,18,251,2026-04-19
SK텔레콤,017670,18,251,2026-04-19
DL,000210,17,272,2026-04-19
한국가스공사,036460,17,272,2026-04-19
롯데케미칼,011170,17,272,2026-04-19
GS,078930,17,272,2026-04-19
S-Oil,010950,17,272,2026-04-19
한화생명,088350,17,272,2026-04-19
NHN,181710,17,272,2026-04-19
CJ대한통운,000120,17,272,2026-04-19
에코프로,086520,17,272,2026-04-19
LX인터내셔널,001120,17,272,2026-04-19
BGF리테일,282330,17,272,2026-04-19
LG화학,051910,17,272,2026-04-19
레인보우로보틱스,277810,16,284,2026-04-19
iM금융지주,139130,16,284,2026-04-19
DB손해보험,005830,16,284,2026-04-19
삼성전기,009150,16,284,2026-04-19
씨어스,458870,16,284,2026-04-19
현대백화점,069960,16,284,2026-04-19
현대차2우B,005387,16,284,2026-04-19
대웅제약,069620,16,284,2026-04-19
풍산,103140,16,284,2026-04-19
신성델타테크,065350,16,284,2026-04-19
한화,000880,16,284,2026-04-19
삼현,437730,16,284,2026-04-19
두산로보틱스,454910,16,284,2026-04-19
삼성물산,028260,16,284,2026-04-19
에스에프에이,056190,16,284,2026-04-19
SK가스,018670,16,284,2026-04-19
LS ELECTRIC,010120,16,284,2026-04-19
원익IPS,240810,16,284,2026-04-19
SK네트웍스,001740,16,284,2026-04-19
SFA반도체,036540,16,284,2026-04-19
두산밥캣,241560,16,284,2026-04-19
영원무역홀딩스,009970,15,305,2026-04-19
카카오,035720,15,305,2026-04-19
삼성에피스홀딩스,0126Z0,15,305,2026-04-19
넷마블,251270,15,305,2026-04-19
현대위아,011210,15,305,2026-04-19
에스피지,058610,15,305,2026-04-19
HL만도,204320,15,305,2026-04-19
신세계,004170,15,305,2026-04-19
LG전자,066570,15,305,2026-04-19
삼성생명,032830,15,305,2026-04-19
에이프릴바이오,397030,15,305,2026-04-19
에임드바이오,0009K0,15,305,2026-04-19
두산,000150,15,305,2026-04-19
현대해상,001450,15,305,2026-04-19
금호타이어,073240,14,319,2026-04-19
카카오페이,377300,14,319,2026-04-19
SK아이이테크놀로지,361610,14,319,2026-04-19
엔켐,348370,14,319,2026-04-19
LG생활건강,051900,14,319,2026-04-19
한미반도체,042700,14,319,2026-04-19
메지온,140410,13,325,2026-04-19
네이처셀,007390,13,325,2026-04-19
올릭스,226950,13,325,2026-04-19
코오롱티슈진,950160,13,325,2026-04-19
제이앤티씨,204270,13,325,2026-04-19
툴젠,199800,13,325,2026-04-19
이오테크닉스,039030,13,325,2026-04-19
유일로보틱스,388720,13,325,2026-04-19
현대지에프홀딩스,005440,13,325,2026-04-19
루닛,328130,13,325,2026-04-19
영풍,000670,13,325,2026-04-19
HDC,012630,12,336,2026-04-19
삼천당제약,000250,12,336,2026-04-19
케어젠,214370,12,336,2026-04-19
농심,004370,11,339,2026-04-19
한국항공우주,047810,11,339,2026-04-19
현대오토에버,307950,11,339,2026-04-19
한화시스템,272210,10,342,2026-04-19
KB발해인프라,415640,10,342,2026-04-19
삼성카드,029780,10,342,2026-04-19
오뚜기,007310,10,342,2026-04-19
서부T&D,006730,10,342,2026-04-19
한진칼,180640,10,342,2026-04-19
포스코인터내셔널,047050,10,342,2026-04-19
한올바이오파마,009420,9,349,2026-04-19
LG씨엔에스,064400,9,349,2026-04-19
태성,323280,8,351,2026-04-19
유진로봇,056080,8,351,2026-04-19
엘앤씨바이오,290650,8,351,2026-04-19
리브스메드,491000,8,351,2026-04-19
한전KPS,051600,8,351,2026-04-19
디어유,376300,8,351,2026-04-19
에스티큐브,052020,8,351,2026-04-19
강원랜드,035250,8,351,2026-04-19
차바이오텍,085660,8,351,2026-04-19
제일기획,030000,8,351,2026-04-19
지아이이노베이션,358570,7,361,2026-04-19
현대건설,000720,7,361,2026-04-19
지투지바이오,456160,7,361,2026-04-19
삼성전자우,005935,7,361,2026-04-19
한전기술,052690,6,365,2026-04-19
기업은행,024110,6,365,2026-04-19
서울보증보험,031210,6,365,2026-04-19
한국앤컴퍼니,000240,6,365,2026-04-19
한일시멘트,300720,5,369,2026-04-19
두산에너빌리티,034020,5,369,2026-04-19
파라다이스,034230,5,369,2026-04-19
스튜디오드래곤,253450,5,369,2026-04-19
큐리언트,115180,5,369,2026-04-19
CJ ENM,035760,5,369,2026-04-19
카카오게임즈,293490,5,369,2026-04-19
아모레퍼시픽,090430,5,369,2026-04-19
맥쿼리인프라,088980,4,377,2026-04-19
롯데지주,004990,4,377,2026-04-19
에이비엘바이오,298380,3,379,2026-04-19
하림지주,003380,3,379,2026-04-19
에스티팜,237690,3,379,2026-04-19
하이젠알앤엠,160190,3,379,2026-04-19
동양생명,082640,3,379,2026-04-19
오름테라퓨틱,475830,0,384,2026-04-19
큐리옥스바이오시스템즈,445680,0,384,2026-04-19
인벤티지랩,389470,0,384,2026-04-19
하이브,352820,0,384,2026-04-19
젬백스,082270,0,384,2026-04-19
펩트론,087010,0,384,2026-04-19
엘앤에프,066970,68,1,2026-04-21
나노신소재,121600,68,1,2026-04-21
대주전자재료,078600,66,3,2026-04-21
한화엔진,082740,62,4,2026-04-21
코오롱인더,120110,59,5,2026-04-21
심텍,222800,59,5,2026-04-21
STX엔진,077970,59,5,2026-04-21
달바글로벌,483650,58,8,2026-04-21
선익시스템,171090,58,8,2026-04-21
기가비스,420770,57,10,2026-04-21
비츠로셀,082920,57,10,2026-04-21
DL이앤씨,375500,55,12,2026-04-21
GS건설,006360,54,13,2026-04-21
이수스페셜티케미컬,457190,53,14,2026-04-21
주성엔지니어링,036930,52,15,2026-04-21
ISC,095340,52,15,2026-04-21
HD현대에너지솔루션,322000,51,17,2026-04-21
에코프로머티,450080,51,17,2026-04-21
대덕전자,353200,51,17,2026-04-21
후성,093370,50,20,2026-04-21
테스,095610,50,20,2026-04-21
코미코,183300,48,22,2026-04-21
씨아이에스,222080,47,23,2026-04-21
레이크머티리얼즈,281740,47,23,2026-04-21
실리콘투,257720,46,25,2026-04-21
한국콜마,161890,45,26,2026-04-21
엔켐,348370,45,26,2026-04-21
피엔티,137400,45,26,2026-04-21
한온시스템,018880,45,26,2026-04-21
성일하이텍,365340,44,30,2026-04-21
NHN KCP,060250,44,30,2026-04-21
HD현대마린엔진,071970,44,30,2026-04-21
코웨이,021240,44,30,2026-04-21
대한전선,001440,43,34,2026-04-21
제주반도체,080220,43,34,2026-04-21
대우건설,047040,43,34,2026-04-21
LG이노텍,011070,43,34,2026-04-21
산일전기,062040,42,38,2026-04-21
코스모신소재,005070,42,38,2026-04-21
천보,278280,41,40,2026-04-21
필옵틱스,161580,41,40,2026-04-21
하나금융지주,086790,41,40,2026-04-21
티에스이,131290,41,40,2026-04-21
태광,023160,40,44,2026-04-21
앱클론,174900,40,44,2026-04-21
미래에셋벤처투자,100790,39,46,2026-04-21
에코프로,086520,39,46,2026-04-21
TIME 미국나스닥100액티브,426030,39,46,2026-04-21
CJ제일제당,097950,38,49,2026-04-21
브이엠,089970,38,49,2026-04-21
온코닉테라퓨틱스,476060,38,49,2026-04-21
HD건설기계,267270,38,49,2026-04-21
호텔신라,008770,37,53,2026-04-21
휴림로봇,090710,37,53,2026-04-21
LS에코에너지,229640,36,55,2026-04-21
삼성SDI,006400,36,55,2026-04-21
가온전선,000500,36,55,2026-04-21
SK이노베이션,096770,36,55,2026-04-21
RF머트리얼즈,327260,36,55,2026-04-21
쏠리드,050890,36,55,2026-04-21
NC,036570,36,55,2026-04-21
피에스케이홀딩스,031980,35,62,2026-04-21
프로텍,053610,35,62,2026-04-21
HD현대중공업,329180,35,62,2026-04-21
포스코엠텍,009520,35,62,2026-04-21
현대무벡스,319400,35,62,2026-04-21
제이에스링크,127120,35,62,2026-04-21
코나아이,052400,35,62,2026-04-21
LIG디펜스앤에어로스페이스,079550,34,69,2026-04-21
DN오토모티브,007340,34,69,2026-04-21
삼표시멘트,038500,34,69,2026-04-21
아주IB투자,027360,34,69,2026-04-21
OCI홀딩스,010060,34,69,2026-04-21
HPSP,403870,34,69,2026-04-21
코스메카코리아,241710,34,69,2026-04-21
효성티앤씨,298020,34,69,2026-04-21
세미파이브,490470,34,69,2026-04-21
덕산네오룩스,213420,33,78,2026-04-21
서진시스템,178320,33,78,2026-04-21
대한광통신,010170,33,78,2026-04-21
코리아써키트,007810,33,78,2026-04-21
동원산업,006040,33,78,2026-04-21
SFA반도체,036540,33,78,2026-04-21
동운아나텍,094170,32,84,2026-04-21
LG화학,051910,32,84,2026-04-21
솔브레인홀딩스,036830,32,84,2026-04-21
DB하이텍,000990,32,84,2026-04-21
에코프로비엠,247540,32,84,2026-04-21
알지노믹스,476830,32,84,2026-04-21
휴젤,145020,31,90,2026-04-21
대신증권,003540,31,90,2026-04-21
롯데케미칼,011170,31,90,2026-04-21
성호전자,043260,31,90,2026-04-21
HD한국조선해양,009540,31,90,2026-04-21
지아이이노베이션,358570,31,90,2026-04-21
LG에너지솔루션,373220,30,96,2026-04-21
롯데리츠,330590,30,96,2026-04-21
KT&G,033780,30,96,2026-04-21
LG디스플레이,034220,30,96,2026-04-21
KIWOOM 200TR,294400,30,96,2026-04-21
포스코DX,022100,30,96,2026-04-21
삼성중공업,010140,30,96,2026-04-21
한화오션,042660,30,96,2026-04-21
LS마린솔루션,060370,30,96,2026-04-21
HD현대마린솔루션,443060,30,96,2026-04-21
삼성E&A,028050,30,96,2026-04-21
우리기술,032820,30,96,2026-04-21
삼양식품,003230,30,96,2026-04-21
HJ중공업,097230,30,96,2026-04-21
시프트업,462870,29,110,2026-04-21
파이버프로,368770,29,110,2026-04-21
한국카본,017960,29,110,2026-04-21
제룡전기,033100,29,110,2026-04-21
오리온홀딩스,001800,29,110,2026-04-21
다우기술,023590,29,110,2026-04-21
케이엠더블유,032500,28,116,2026-04-21
LS머트리얼즈,417200,28,116,2026-04-21
롯데에너지머티리얼즈,020150,28,116,2026-04-21
POSCO홀딩스,005490,28,116,2026-04-21
포스코퓨처엠,003670,27,120,2026-04-21
고려아연,010130,27,120,2026-04-21
태광산업,003240,27,120,2026-04-21
HMM,011200,27,120,2026-04-21
동국제약,086450,27,120,2026-04-21
미래에셋생명,085620,27,120,2026-04-21
현대모비스,012330,26,126,2026-04-21
GS리테일,007070,26,126,2026-04-21
신세계,004170,26,126,2026-04-21
하나마이크론,067310,26,126,2026-04-21
신한지주,055550,26,126,2026-04-21
에스에프에이,056190,26,126,2026-04-21
롯데렌탈,089860,26,126,2026-04-21
에이치브이엠,295310,26,126,2026-04-21
KB금융,105560,26,126,2026-04-21
우리금융지주,316140,26,126,2026-04-21
LG유플러스,032640,26,126,2026-04-21
롯데쇼핑,023530,25,137,2026-04-21
테크윙,089030,25,137,2026-04-21
씨엠티엑스,388210,25,137,2026-04-21
두산테스나,131970,25,137,2026-04-21
SK아이이테크놀로지,361610,25,137,2026-04-21
현대건설,000720,25,137,2026-04-21
현대제철,004020,25,137,2026-04-21
디앤디파마텍,347850,25,137,2026-04-21
에스피지,058610,25,137,2026-04-21
하나머티리얼즈,166090,24,146,2026-04-21
삼성전기,009150,24,146,2026-04-21
인텔리안테크,189300,24,146,2026-04-21
고영,098460,24,146,2026-04-21
씨젠,096530,24,146,2026-04-21
대한항공,003490,24,146,2026-04-21
RFHIC,218410,23,152,2026-04-21
펄어비스,263750,23,152,2026-04-21
KT,030200,23,152,2026-04-21
현대엘리베이터,017800,23,152,2026-04-21
롯데정밀화학,004000,23,152,2026-04-21
로보티즈,108490,23,152,2026-04-21
LG화학우,051915,23,152,2026-04-21
SKC,011790,23,152,2026-04-21
LS,006260,23,152,2026-04-21
태성,323280,22,161,2026-04-21
SK,034730,22,161,2026-04-21
현대바이오,048410,22,161,2026-04-21
뉴로메카,348340,22,161,2026-04-21
한국금융지주,071050,22,161,2026-04-21
TIME 글로벌AI인공지능액티브,456600,22,161,2026-04-21
에스앤에스텍,101490,22,161,2026-04-21
보로노이,310210,22,161,2026-04-21
케이뱅크,279570,22,161,2026-04-21
현대로템,064350,22,161,2026-04-21
클로봇,466100,22,161,2026-04-21
이마트,139480,21,172,2026-04-21
지투지바이오,456160,21,172,2026-04-21
오리온,271560,21,172,2026-04-21
DL,000210,21,172,2026-04-21
SNT다이내믹스,003570,21,172,2026-04-21
비나텍,126340,21,172,2026-04-21
SK스퀘어,402340,21,172,2026-04-21
코리안리,003690,21,172,2026-04-21
아이티센글로벌,124500,21,172,2026-04-21
비에이치아이,083650,21,172,2026-04-21
F&F,383220,21,172,2026-04-21
NHN,181710,20,183,2026-04-21
KCC,002380,20,183,2026-04-21
티씨케이,064760,20,183,2026-04-21
이수페타시스,007660,20,183,2026-04-21
대웅,003090,20,183,2026-04-21
원익홀딩스,030530,20,183,2026-04-21
SK이터닉스,475150,20,183,2026-04-21
삼성전자우,005935,20,183,2026-04-21
태웅,044490,19,191,2026-04-21
삼성증권,016360,19,191,2026-04-21
원익QnC,074600,19,191,2026-04-21
기아,000270,19,191,2026-04-21
두산퓨얼셀,336260,19,191,2026-04-21
SK하이닉스,000660,19,191,2026-04-21
쎄트렉아이,099320,19,191,2026-04-21
피에스케이,319660,19,191,2026-04-21
한화투자증권,003530,19,191,2026-04-21
스피어,347700,19,191,2026-04-21
키움증권,039490,19,191,2026-04-21
SK오션플랜트,100090,19,191,2026-04-21
에프에스티,036810,18,203,2026-04-21
리브스메드,491000,18,203,2026-04-21
현대글로비스,086280,18,203,2026-04-21
에이피알,278470,18,203,2026-04-21
SK텔레콤,017670,18,203,2026-04-21
씨에스윈드,112610,18,203,2026-04-21
성광벤드,014620,18,203,2026-04-21
효성중공업,298040,18,203,2026-04-21
영원무역홀딩스,009970,18,203,2026-04-21
로킷헬스케어,376900,18,203,2026-04-21
클래시스,214150,18,203,2026-04-21
두산에너빌리티,034020,18,203,2026-04-21
포스코인터내셔널,047050,18,203,2026-04-21
교보증권,030610,18,203,2026-04-21
동진쎄미켐,005290,18,203,2026-04-21
코스맥스,192820,17,218,2026-04-21
삼성전자,005930,17,218,2026-04-21
현대차우,005385,17,218,2026-04-21
동서,026960,17,218,2026-04-21
서부T&D,006730,17,218,2026-04-21
신영증권,001720,17,218,2026-04-21
HLB,028300,16,224,2026-04-21
LG,003550,16,224,2026-04-21
CJ,001040,16,224,2026-04-21
IPARK현대산업개발,294870,16,224,2026-04-21
두산로보틱스,454910,16,224,2026-04-21
알테오젠,196170,16,224,2026-04-21
LG전자,066570,16,224,2026-04-21
동성화인텍,033500,16,224,2026-04-21
미래에셋증권,006800,16,224,2026-04-21
SK바이오팜,326030,16,224,2026-04-21
크래프톤,259960,16,224,2026-04-21
삼현,437730,16,224,2026-04-21
현대지에프홀딩스,005440,16,224,2026-04-21
파두,440110,16,224,2026-04-21
BGF리테일,282330,16,224,2026-04-21
영원무역,111770,16,224,2026-04-21
미스토홀딩스,081660,16,224,2026-04-21
한국타이어앤테크놀로지,161390,16,224,2026-04-21
한전기술,052690,16,224,2026-04-21
JB금융지주,175330,16,224,2026-04-21
큐로셀,372320,16,224,2026-04-21
신성델타테크,065350,15,245,2026-04-21
LX인터내셔널,001120,15,245,2026-04-21
NH투자증권,005940,15,245,2026-04-21
한솔케미칼,014680,15,245,2026-04-21
일진전기,103590,15,245,2026-04-21
케어젠,214370,15,245,2026-04-21
위메이드,112040,15,245,2026-04-21
삼성생명,032830,15,245,2026-04-21
현대차2우B,005387,15,245,2026-04-21
iM금융지주,139130,15,245,2026-04-21
팬오션,028670,15,245,2026-04-21
한화솔루션,009830,15,245,2026-04-21
두산밥캣,241560,15,245,2026-04-21
BNK금융지주,138930,15,245,2026-04-21
금호석유화학,011780,15,245,2026-04-21
한국앤컴퍼니,000240,15,245,2026-04-21
에스엠,041510,15,245,2026-04-21
한미사이언스,008930,15,245,2026-04-21
한미반도체,042700,15,245,2026-04-21
한국가스공사,036460,14,264,2026-04-21
SK리츠,395400,14,264,2026-04-21
미래에셋증권2우B,00680K,14,264,2026-04-21
효성,004800,14,264,2026-04-21
메리츠금융지주,138040,14,264,2026-04-21
한일시멘트,300720,14,264,2026-04-21
HL만도,204320,14,264,2026-04-21
한화,000880,14,264,2026-04-21
삼성에스디에스,018260,14,264,2026-04-21
한화비전,489790,14,264,2026-04-21
넥스틴,348210,14,264,2026-04-21
대한조선,439260,14,264,2026-04-21
삼성물산,028260,14,264,2026-04-21
현대위아,011210,14,264,2026-04-21
한국전력,015760,14,264,2026-04-21
GS,078930,14,264,2026-04-21
리노공업,058470,13,280,2026-04-21
네이처셀,007390,13,280,2026-04-21
이오테크닉스,039030,13,280,2026-04-21
다우데이타,032190,13,280,2026-04-21
루닛,328130,13,280,2026-04-21
툴젠,199800,13,280,2026-04-21
녹십자,006280,12,286,2026-04-21
SK바이오사이언스,302440,12,286,2026-04-21
유진테크,084370,12,286,2026-04-21
아시아나항공,020560,12,286,2026-04-21
삼성에피스홀딩스,0126Z0,12,286,2026-04-21
삼성바이오로직스,207940,11,291,2026-04-21
에스티팜,237690,11,291,2026-04-21
동양생명,082640,11,291,2026-04-21
HD현대,267250,11,291,2026-04-21
한전KPS,051600,11,291,2026-04-21
씨어스,458870,11,291,2026-04-21
카카오뱅크,323410,11,291,2026-04-21
아이엠바이오로직스,493280,11,291,2026-04-21
카카오페이,377300,11,291,2026-04-21
원익IPS,240810,11,291,2026-04-21
더존비즈온,012510,11,291,2026-04-21
한진칼,180640,10,302,2026-04-21
한미약품,128940,10,302,2026-04-21
에스원,012750,10,302,2026-04-21
세아베스틸지주,001430,10,302,2026-04-21
DB손해보험,005830,10,302,2026-04-21
한화생명,088350,10,302,2026-04-21
한국항공우주,047810,10,302,2026-04-21
농심,004370,10,302,2026-04-21
이엔에프테크놀로지,102710,9,310,2026-04-21
풍산,103140,9,310,2026-04-21
NAVER,035420,9,310,2026-04-21
삼천당제약,000250,9,310,2026-04-21
레인보우로보틱스,277810,9,310,2026-04-21
JYP Ent.,035900,9,310,2026-04-21
HK이노엔,195940,9,310,2026-04-21
카카오,035720,9,310,2026-04-21
LG씨엔에스,064400,9,310,2026-04-21
솔브레인,357780,8,319,2026-04-21
셀트리온,068270,8,319,2026-04-21
삼성카드,029780,8,319,2026-04-21
현대오토에버,307950,8,319,2026-04-21
금호타이어,073240,8,319,2026-04-21
HD현대일렉트릭,267260,8,319,2026-04-21
파크시스템스,140860,8,319,2026-04-21
현대해상,001450,8,319,2026-04-21
에이프릴바이오,397030,7,327,2026-04-21
LG생활건강,051900,7,327,2026-04-21
한올바이오파마,009420,7,327,2026-04-21
인벤티지랩,389470,7,327,2026-04-21
올릭스,226950,7,327,2026-04-21
KB발해인프라,415640,7,327,2026-04-21
두산우,000155,7,327,2026-04-21
큐리언트,115180,7,327,2026-04-21
LS ELECTRIC,010120,6,335,2026-04-21
에스엘,005850,6,335,2026-04-21
삼성화재,000810,6,335,2026-04-21
오스코텍,039200,6,335,2026-04-21
롯데관광개발,032350,6,335,2026-04-21
강원랜드,035250,6,335,2026-04-21
파마리서치,214450,6,335,2026-04-21
제일기획,030000,6,335,2026-04-21
메디포스트,078160,6,335,2026-04-21
S-Oil,010950,6,335,2026-04-21
서울보증보험,031210,6,335,2026-04-21
SK가스,018670,6,335,2026-04-21
HDC,012630,6,335,2026-04-21
와이씨,232140,5,348,2026-04-21
현대차,005380,5,348,2026-04-21
영풍,000670,5,348,2026-04-21
기업은행,024110,5,348,2026-04-21
하림지주,003380,5,348,2026-04-21
한화시스템,272210,5,348,2026-04-21
현대백화점,069960,5,348,2026-04-21
CJ대한통운,000120,5,348,2026-04-21
유한양행,000100,5,348,2026-04-21
셀트리온제약,068760,5,348,2026-04-21
와이지엔터테인먼트,122870,4,358,2026-04-21
오뚜기,007310,4,358,2026-04-21
에임드바이오,0009K0,4,358,2026-04-21
넷마블,251270,4,358,2026-04-21
아모레퍼시픽홀딩스,002790,4,358,2026-04-21
스튜디오드래곤,253450,4,358,2026-04-21
두산,000150,4,358,2026-04-21
CJ ENM,035760,4,358,2026-04-21
맥쿼리인프라,088980,4,358,2026-04-21
대웅제약,069620,3,367,2026-04-21
엘앤씨바이오,290650,3,367,2026-04-21
리가켐바이오,141080,3,367,2026-04-21
메지온,140410,2,370,2026-04-21
롯데지주,004990,2,370,2026-04-21
유진로봇,056080,2,370,2026-04-21
에스티큐브,052020,2,370,2026-04-21
유일로보틱스,388720,2,370,2026-04-21
제이앤티씨,204270,2,370,2026-04-21
카카오게임즈,293490,2,370,2026-04-21
하이젠알앤엠,160190,2,370,2026-04-21
한화에어로스페이스,012450,1,378,2026-04-21
큐리옥스바이오시스템즈,445680,0,379,2026-04-21
오름테라퓨틱,475830,0,379,2026-04-21
하이브,352820,0,379,2026-04-21
젬백스,082270,0,379,2026-04-21
에이비엘바이오,298380,0,379,2026-04-21
코오롱티슈진,950160,0,379,2026-04-21
아모레퍼시픽,090430,0,379,2026-04-21
차바이오텍,085660,0,379,2026-04-21
파라다이스,034230,0,379,2026-04-21
펩트론,087010,0,379,2026-04-21
달바글로벌,483650,68,1,2026-04-22
한화엔진,082740,65,2,2026-04-22
LG이노텍,011070,61,3,2026-04-22
심텍,222800,59,4,2026-04-22
비츠로셀,082920,58,5,2026-04-22
주성엔지니어링,036930,57,6,2026-04-22
HD현대에너지솔루션,322000,56,7,2026-04-22
HJ중공업,097230,55,8,2026-04-22
LS머트리얼즈,417200,55,8,2026-04-22
천보,278280,54,10,2026-04-22
샘씨엔에스,252990,54,10,2026-04-22
나노신소재,121600,53,12,2026-04-22
엘앤에프,066970,53,12,2026-04-22
이수페타시스,007660,52,14,2026-04-22
코오롱인더,120110,51,15,2026-04-22
선익시스템,171090,51,15,2026-04-22
코미코,183300,50,17,2026-04-22
DL이앤씨,375500,50,17,2026-04-22
ISC,095340,49,19,2026-04-22
테스,095610,49,19,2026-04-22
기가비스,420770,48,21,2026-04-22
티엘비,356860,48,21,2026-04-22
동진쎄미켐,005290,48,21,2026-04-22
엔켐,348370,47,24,2026-04-22
후성,093370,47,24,2026-04-22
아주IB투자,027360,46,26,2026-04-22
GST,083450,46,26,2026-04-22
실리콘투,257720,46,26,2026-04-22
한국콜마,161890,45,29,2026-04-22
씨아이에스,222080,45,29,2026-04-22
이수스페셜티케미컬,457190,45,29,2026-04-22
SFA반도체,036540,45,29,2026-04-22
NHN KCP,060250,45,29,2026-04-22
두산테스나,131970,45,29,2026-04-22
LG디스플레이,034220,44,35,2026-04-22
LIG디펜스앤에어로스페이스,079550,44,35,2026-04-22
HD현대마린엔진,071970,44,35,2026-04-22
산일전기,062040,44,35,2026-04-22
레이크머티리얼즈,281740,44,35,2026-04-22
미래에셋생명,085620,44,35,2026-04-22
호텔신라,008770,43,41,2026-04-22
에코프로머티,450080,43,41,2026-04-22
씨에스윈드,112610,43,41,2026-04-22
두산퓨얼셀,336260,43,41,2026-04-22
티에스이,131290,43,41,2026-04-22
대덕전자,353200,43,41,2026-04-22
STX엔진,077970,43,41,2026-04-22
롯데에너지머티리얼즈,020150,42,48,2026-04-22
제주반도체,080220,42,48,2026-04-22
KT&G,033780,41,50,2026-04-22
HD한국조선해양,009540,40,51,2026-04-22
LS에코에너지,229640,40,51,2026-04-22
TIME 미국나스닥100액티브,426030,40,51,2026-04-22
쏠리드,050890,39,54,2026-04-22
미래에셋벤처투자,100790,39,54,2026-04-22
코스메카코리아,241710,39,54,2026-04-22
대한전선,001440,39,54,2026-04-22
아이쓰리시스템,214430,39,54,2026-04-22
코리아써키트,007810,39,54,2026-04-22
HD현대중공업,329180,39,54,2026-04-22
LX인터내셔널,001120,39,54,2026-04-22
브이엠,089970,38,62,2026-04-22
NC,036570,38,62,2026-04-22
대신증권,003540,37,64,2026-04-22
하나마이크론,067310,37,64,2026-04-22
RF머트리얼즈,327260,37,64,2026-04-22
휴림로봇,090710,37,64,2026-04-22
GS건설,006360,37,64,2026-04-22
태광,023160,37,64,2026-04-22
SK이터닉스,475150,37,64,2026-04-22
필옵틱스,161580,37,64,2026-04-22
DB하이텍,000990,36,72,2026-04-22
SKC,011790,36,72,2026-04-22
덕산네오룩스,213420,36,72,2026-04-22
OCI홀딩스,010060,36,72,2026-04-22
고영,098460,36,72,2026-04-22
비나텍,126340,36,72,2026-04-22
현대무벡스,319400,36,72,2026-04-22
서진시스템,178320,35,79,2026-04-22
대주전자재료,078600,35,79,2026-04-22
코웨이,021240,35,79,2026-04-22
현대로템,064350,35,79,2026-04-22
동원산업,006040,34,83,2026-04-22
SNT다이내믹스,003570,34,83,2026-04-22
삼성중공업,010140,33,85,2026-04-22
대우건설,047040,33,85,2026-04-22
동양생명,082640,33,85,2026-04-22
피엔티,137400,33,85,2026-04-22
한화오션,042660,33,85,2026-04-22
앱클론,174900,33,85,2026-04-22
RFHIC,218410,33,85,2026-04-22
HD현대마린솔루션,443060,33,85,2026-04-22
대한조선,439260,32,93,2026-04-22
세미파이브,490470,32,93,2026-04-22
펄어비스,263750,32,93,2026-04-22
태성,323280,32,93,2026-04-22
롯데케미칼,011170,32,93,2026-04-22
코나아이,052400,32,93,2026-04-22
삼성E&A,028050,32,93,2026-04-22
에이치브이엠,295310,32,93,2026-04-22
대한광통신,010170,32,93,2026-04-22
성일하이텍,365340,32,93,2026-04-22
포스코DX,022100,31,103,2026-04-22
성광벤드,014620,31,103,2026-04-22
코스맥스,192820,31,103,2026-04-22
에코프로,086520,31,103,2026-04-22
시프트업,462870,31,103,2026-04-22
파두,440110,30,108,2026-04-22
HD건설기계,267270,30,108,2026-04-22
한화솔루션,009830,30,108,2026-04-22
코스모신소재,005070,30,108,2026-04-22
롯데렌탈,089860,30,108,2026-04-22
LG에너지솔루션,373220,30,108,2026-04-22
LG전자,066570,29,114,2026-04-22
피에스케이,319660,29,114,2026-04-22
삼양식품,003230,29,114,2026-04-22
KIWOOM 200TR,294400,29,114,2026-04-22
삼천당제약,000250,29,114,2026-04-22
크래프톤,259960,29,114,2026-04-22
파이버프로,368770,29,114,2026-04-22
CJ제일제당,097950,29,114,2026-04-22
LG,003550,29,114,2026-04-22
두산밥캣,241560,28,123,2026-04-22
동운아나텍,094170,28,123,2026-04-22
현대엘리베이터,017800,28,123,2026-04-22
로보티즈,108490,28,123,2026-04-22
HPSP,403870,28,123,2026-04-22
다우기술,023590,28,123,2026-04-22
지아이이노베이션,358570,28,123,2026-04-22
금호석유화학,011780,28,123,2026-04-22
원익QnC,074600,28,123,2026-04-22
고려아연,010130,28,123,2026-04-22
우리기술,032820,28,123,2026-04-22
삼성증권,016360,27,134,2026-04-22
솔브레인,357780,27,134,2026-04-22
LS ELECTRIC,010120,27,134,2026-04-22
하나금융지주,086790,27,134,2026-04-22
오리온홀딩스,001800,27,134,2026-04-22
에코프로비엠,247540,27,134,2026-04-22
원익IPS,240810,27,134,2026-04-22
SK아이이테크놀로지,361610,27,134,2026-04-22
큐로셀,372320,27,134,2026-04-22
효성티앤씨,298020,26,143,2026-04-22
프로텍,053610,26,143,2026-04-22
HLB,028300,26,143,2026-04-22
GS리테일,007070,26,143,2026-04-22
태광산업,003240,26,143,2026-04-22
iM금융지주,139130,26,143,2026-04-22
신영증권,001720,26,143,2026-04-22
BNK금융지주,138930,25,150,2026-04-22
롯데정밀화학,004000,25,150,2026-04-22
두산로보틱스,454910,25,150,2026-04-22
효성,004800,25,150,2026-04-22
케이뱅크,279570,25,150,2026-04-22
SK리츠,395400,25,150,2026-04-22
에스피지,058610,25,150,2026-04-22
테크윙,089030,25,150,2026-04-22
롯데쇼핑,023530,25,150,2026-04-22
스피어,347700,25,150,2026-04-22
LG화학,051910,25,150,2026-04-22
피에스케이홀딩스,031980,25,150,2026-04-22
서부T&D,006730,25,150,2026-04-22
한화시스템,272210,24,163,2026-04-22
한화,000880,24,163,2026-04-22
삼성SDI,006400,24,163,2026-04-22
포스코엠텍,009520,24,163,2026-04-22
씨엠티엑스,388210,24,163,2026-04-22
현대위아,011210,24,163,2026-04-22
솔브레인홀딩스,036830,24,163,2026-04-22
이오테크닉스,039030,24,163,2026-04-22
씨젠,096530,24,163,2026-04-22
이마트,139480,24,163,2026-04-22
리노공업,058470,24,163,2026-04-22
삼표시멘트,038500,24,163,2026-04-22
LS,006260,24,163,2026-04-22
에스앤에스텍,101490,24,163,2026-04-22
휴젤,145020,23,177,2026-04-22
삼성전자우,005935,23,177,2026-04-22
현대제철,004020,23,177,2026-04-22
클로봇,466100,23,177,2026-04-22
한국카본,017960,23,177,2026-04-22
지투지바이오,456160,23,177,2026-04-22
뉴로메카,348340,22,183,2026-04-22
TIME 글로벌AI인공지능액티브,456600,22,183,2026-04-22
LG씨엔에스,064400,22,183,2026-04-22
비에이치아이,083650,22,183,2026-04-22
F&F,383220,22,183,2026-04-22
디앤디파마텍,347850,22,183,2026-04-22
현대바이오,048410,22,183,2026-04-22
한온시스템,018880,22,183,2026-04-22
NHN,181710,22,183,2026-04-22
한미반도체,042700,22,183,2026-04-22
DL,000210,22,183,2026-04-22
동국제약,086450,22,183,2026-04-22
한국전력,015760,21,195,2026-04-22
SK,034730,21,195,2026-04-22
포스코인터내셔널,047050,21,195,2026-04-22
태웅,044490,21,195,2026-04-22
알지노믹스,476830,21,195,2026-04-22
에이피알,278470,20,200,2026-04-22
두산에너빌리티,034020,20,200,2026-04-22
온코닉테라퓨틱스,476060,20,200,2026-04-22
SK텔레콤,017670,20,200,2026-04-22
대웅,003090,20,200,2026-04-22
원익홀딩스,030530,20,200,2026-04-22
HMM,011200,20,200,2026-04-22
이엔에프테크놀로지,102710,20,200,2026-04-22
롯데리츠,330590,20,200,2026-04-22
현대건설,000720,20,200,2026-04-22
KCC,002380,20,200,2026-04-22
SK이노베이션,096770,20,200,2026-04-22
쎄트렉아이,099320,19,212,2026-04-22
SK오션플랜트,100090,19,212,2026-04-22
영원무역홀딩스,009970,19,212,2026-04-22
로킷헬스케어,376900,19,212,2026-04-22
현대차우,005385,19,212,2026-04-22
에프에스티,036810,19,212,2026-04-22
에스티팜,237690,19,212,2026-04-22
에스엠,041510,19,212,2026-04-22
한화비전,489790,19,212,2026-04-22
넥스틴,348210,19,212,2026-04-22
IPARK현대산업개발,294870,19,212,2026-04-22
티씨케이,064760,19,212,2026-04-22
한화투자증권,003530,19,212,2026-04-22
제룡전기,033100,19,212,2026-04-22
LS마린솔루션,060370,19,212,2026-04-22
GS,078930,19,212,2026-04-22
성호전자,043260,19,212,2026-04-22
현대지에프홀딩스,005440,18,229,2026-04-22
기아,000270,18,229,2026-04-22
클래시스,214150,18,229,2026-04-22
미래에셋증권2우B,00680K,18,229,2026-04-22
한국금융지주,071050,18,229,2026-04-22
동서,026960,18,229,2026-04-22
일진전기,103590,18,229,2026-04-22
유진테크,084370,18,229,2026-04-22
신세계,004170,18,229,2026-04-22
세아베스틸지주,001430,18,229,2026-04-22
한전기술,052690,18,229,2026-04-22
팬오션,028670,18,229,2026-04-22
영원무역,111770,18,229,2026-04-22
한국타이어앤테크놀로지,161390,18,229,2026-04-22
SK스퀘어,402340,18,229,2026-04-22
SK하이닉스,000660,18,229,2026-04-22
영풍,000670,18,229,2026-04-22
리브스메드,491000,18,229,2026-04-22
오리온,271560,18,229,2026-04-22
현대글로비스,086280,18,229,2026-04-22
삼성전자,005930,18,229,2026-04-22
HD현대일렉트릭,267260,18,229,2026-04-22
가온전선,000500,18,229,2026-04-22
HD현대,267250,17,252,2026-04-22
SK바이오팜,326030,17,252,2026-04-22
하이젠알앤엠,160190,17,252,2026-04-22
SK가스,018670,17,252,2026-04-22
한전KPS,051600,17,252,2026-04-22
두산우,000155,17,252,2026-04-22
KB금융,105560,17,252,2026-04-22
현대오토에버,307950,17,252,2026-04-22
교보증권,030610,17,252,2026-04-22
한국가스공사,036460,17,252,2026-04-22
신한지주,055550,17,252,2026-04-22
우리금융지주,316140,17,252,2026-04-22
NH투자증권,005940,17,252,2026-04-22
신성델타테크,065350,17,252,2026-04-22
한솔케미칼,014680,17,252,2026-04-22
동성화인텍,033500,17,252,2026-04-22
미래에셋증권,006800,17,252,2026-04-22
포스코퓨처엠,003670,16,269,2026-04-22
삼성생명,032830,16,269,2026-04-22
LG화학우,051915,16,269,2026-04-22
현대모비스,012330,16,269,2026-04-22
POSCO홀딩스,005490,16,269,2026-04-22
한화생명,088350,16,269,2026-04-22
에스에프에이,056190,16,269,2026-04-22
두산,000150,15,276,2026-04-22
현대차2우B,005387,15,276,2026-04-22
현대백화점,069960,15,276,2026-04-22
풍산,103140,15,276,2026-04-22
DB손해보험,005830,15,276,2026-04-22
CJ대한통운,000120,15,276,2026-04-22
인텔리안테크,189300,15,276,2026-04-22
대한항공,003490,15,276,2026-04-22
CJ,001040,15,276,2026-04-22
HDC,012630,14,285,2026-04-22
셀트리온,068270,14,285,2026-04-22
HL만도,204320,14,285,2026-04-22
BGF리테일,282330,14,285,2026-04-22
삼성물산,028260,14,285,2026-04-22
레인보우로보틱스,277810,14,285,2026-04-22
NAVER,035420,14,285,2026-04-22
카카오페이,377300,14,285,2026-04-22
삼성에스디에스,018260,14,285,2026-04-22
한화에어로스페이스,012450,14,285,2026-04-22
KT,030200,13,295,2026-04-22
케이엠더블유,032500,13,295,2026-04-22
메리츠금융지주,138040,13,295,2026-04-22
루닛,328130,13,295,2026-04-22
JYP Ent.,035900,13,295,2026-04-22
키움증권,039490,13,295,2026-04-22
네이처셀,007390,13,295,2026-04-22
툴젠,199800,12,302,2026-04-22
알테오젠,196170,12,302,2026-04-22
SK바이오사이언스,302440,12,302,2026-04-22
큐리옥스바이오시스템즈,445680,12,302,2026-04-22
하나머티리얼즈,166090,12,302,2026-04-22
위메이드,112040,12,302,2026-04-22
제이앤티씨,204270,12,302,2026-04-22
삼성에피스홀딩스,0126Z0,12,302,2026-04-22
DN오토모티브,007340,12,302,2026-04-22
미스토홀딩스,081660,12,302,2026-04-22
다우데이타,032190,12,302,2026-04-22
삼성화재,000810,12,302,2026-04-22
아이티센글로벌,124500,12,302,2026-04-22
제이에스링크,127120,11,315,2026-04-22
한미사이언스,008930,11,315,2026-04-22
와이씨,232140,11,315,2026-04-22
농심,004370,10,318,2026-04-22
한진칼,180640,10,318,2026-04-22
LG유플러스,032640,10,318,2026-04-22
와이지엔터테인먼트,122870,10,318,2026-04-22
S-Oil,010950,10,318,2026-04-22
한일시멘트,300720,10,318,2026-04-22
하림지주,003380,10,318,2026-04-22
파크시스템스,140860,9,325,2026-04-22
카카오뱅크,323410,9,325,2026-04-22
아모레퍼시픽홀딩스,002790,9,325,2026-04-22
오뚜기,007310,9,325,2026-04-22
금호타이어,073240,9,325,2026-04-22
삼성카드,029780,9,325,2026-04-22
롯데관광개발,032350,9,325,2026-04-22
파라다이스,034230,8,332,2026-04-22
젬백스,082270,8,332,2026-04-22
에스엘,005850,8,332,2026-04-22
LG생활건강,051900,8,332,2026-04-22
효성중공업,298040,8,332,2026-04-22
에스원,012750,8,332,2026-04-22
아시아나항공,020560,8,332,2026-04-22
한국항공우주,047810,8,332,2026-04-22
현대해상,001450,8,332,2026-04-22
제일기획,030000,7,341,2026-04-22
에이비엘바이오,298380,7,341,2026-04-22
케어젠,214370,7,341,2026-04-22
강원랜드,035250,7,341,2026-04-22
코리안리,003690,7,341,2026-04-22
씨어스,458870,7,341,2026-04-22
에이프릴바이오,397030,7,341,2026-04-22
올릭스,226950,7,341,2026-04-22
삼성바이오로직스,207940,7,341,2026-04-22
파마리서치,214450,7,341,2026-04-22
JB금융지주,175330,7,341,2026-04-22
한국앤컴퍼니,000240,7,341,2026-04-22
카카오게임즈,293490,7,341,2026-04-22
더존비즈온,012510,7,341,2026-04-22
맥쿼리인프라,088980,6,355,2026-04-22
셀트리온제약,068760,6,355,2026-04-22
유한양행,000100,6,355,2026-04-22
삼현,437730,6,355,2026-04-22
현대차,005380,6,355,2026-04-22
넷마블,251270,6,355,2026-04-22
메디포스트,078160,6,355,2026-04-22
한올바이오파마,009420,6,355,2026-04-22
기업은행,024110,5,363,2026-04-22
서울보증보험,031210,5,363,2026-04-22
아모레퍼시픽,090430,5,363,2026-04-22
대웅제약,069620,5,363,2026-04-22
스튜디오드래곤,253450,4,367,2026-04-22
카카오,035720,4,367,2026-04-22
CJ ENM,035760,4,367,2026-04-22
HK이노엔,195940,4,367,2026-04-22
큐리언트,115180,3,371,2026-04-22
리가켐바이오,141080,3,371,2026-04-22
유진로봇,056080,2,373,2026-04-22
롯데지주,004990,2,373,2026-04-22
에스티큐브,052020,2,373,2026-04-22
메지온,140410,2,373,2026-04-22
보로노이,310210,2,373,2026-04-22
유일로보틱스,388720,2,373,2026-04-22
녹십자,006280,2,373,2026-04-22
KB발해인프라,415640,2,373,2026-04-22
오스코텍,039200,2,373,2026-04-22
한미약품,128940,1,382,2026-04-22
삼성전기,009150,0,383,2026-04-22
에임드바이오,0009K0,0,383,2026-04-22
하이브,352820,0,383,2026-04-22
펩트론,087010,0,383,2026-04-22
코오롱티슈진,950160,0,383,2026-04-22
차바이오텍,085660,0,383,2026-04-22
오름테라퓨틱,475830,0,383,2026-04-22
엘앤씨바이오,290650,0,383,2026-04-22
달바글로벌,483650,68,1,2026-04-23
LG이노텍,011070,60,2,2026-04-23
LS머트리얼즈,417200,58,3,2026-04-23
해성디에스,195870,57,4,2026-04-23
HJ중공업,097230,55,5,2026-04-23
샘씨엔에스,252990,55,5,2026-04-23
나노신소재,121600,54,7,2026-04-23
코미코,183300,52,8,2026-04-23
코오롱인더,120110,51,9,2026-04-23
엘앤에프,066970,51,9,2026-04-23
테스,095610,51,9,2026-04-23
DL이앤씨,375500,50,12,2026-04-23
HPSP,403870,50,12,2026-04-23
우리기술,032820,50,12,2026-04-23
대한전선,001440,49,15,2026-04-23
기가비스,420770,49,15,2026-04-23
휴림로봇,090710,49,15,2026-04-23
실리콘투,257720,48,18,2026-04-23
성일하이텍,365340,48,18,2026-04-23
비츠로셀,082920,48,18,2026-04-23
심텍,222800,47,21,2026-04-23
후성,093370,47,21,2026-04-23
HD현대에너지솔루션,322000,46,23,2026-04-23
레이크머티리얼즈,281740,46,23,2026-04-23
한국콜마,161890,46,23,2026-04-23
고려아연,010130,45,26,2026-04-23
LG디스플레이,034220,45,26,2026-04-23
천보,278280,45,26,2026-04-23
지투지바이오,456160,45,26,2026-04-23
롯데케미칼,011170,45,26,2026-04-23
이수스페셜티케미컬,457190,45,26,2026-04-23
삼성중공업,010140,44,32,2026-04-23
주성엔지니어링,036930,44,32,2026-04-23
티에스이,131290,44,32,2026-04-23
산일전기,062040,44,32,2026-04-23
한화엔진,082740,44,32,2026-04-23
에코프로머티,450080,43,37,2026-04-23
선익시스템,171090,42,38,2026-04-23
ISC,095340,42,38,2026-04-23
제주반도체,080220,41,40,2026-04-23
LIG디펜스앤에어로스페이스,079550,41,40,2026-04-23
KT&G,033780,41,40,2026-04-23
쏠리드,050890,41,40,2026-04-23
STX엔진,077970,41,40,2026-04-23
TIME 미국나스닥100액티브,426030,40,45,2026-04-23
일진전기,103590,40,45,2026-04-23
대덕전자,353200,40,45,2026-04-23
브이엠,089970,40,45,2026-04-23
제룡전기,033100,40,45,2026-04-23
성호전자,043260,39,50,2026-04-23
고영,098460,39,50,2026-04-23
LS에코에너지,229640,39,50,2026-04-23
삼양식품,003230,39,50,2026-04-23
대한조선,439260,39,50,2026-04-23
한전KPS,051600,38,55,2026-04-23
미래에셋벤처투자,100790,38,55,2026-04-23
필옵틱스,161580,38,55,2026-04-23
한국가스공사,036460,38,55,2026-04-23
대신증권,003540,38,55,2026-04-23
S-Oil,010950,37,60,2026-04-23
동진쎄미켐,005290,37,60,2026-04-23
리노공업,058470,37,60,2026-04-23
GS건설,006360,36,63,2026-04-23
한올바이오파마,009420,36,63,2026-04-23
이수페타시스,007660,36,63,2026-04-23
삼성생명,032830,36,63,2026-04-23
하나마이크론,067310,36,63,2026-04-23
서진시스템,178320,36,63,2026-04-23
NC,036570,36,63,2026-04-23
호텔신라,008770,36,63,2026-04-23
롯데정밀화학,004000,36,63,2026-04-23
LS마린솔루션,060370,36,63,2026-04-23
두산테스나,131970,35,73,2026-04-23
세미파이브,490470,35,73,2026-04-23
SFA반도체,036540,35,73,2026-04-23
롯데에너지머티리얼즈,020150,35,73,2026-04-23
현대무벡스,319400,35,73,2026-04-23
효성,004800,35,73,2026-04-23
지아이이노베이션,358570,35,73,2026-04-23
NHN KCP,060250,35,73,2026-04-23
테크윙,089030,35,73,2026-04-23
현대건설,000720,35,73,2026-04-23
씨아이에스,222080,35,73,2026-04-23
에스앤에스텍,101490,35,73,2026-04-23
HD현대마린솔루션,443060,35,73,2026-04-23
아주IB투자,027360,35,73,2026-04-23
DB하이텍,000990,34,87,2026-04-23
CJ제일제당,097950,34,87,2026-04-23
씨에스윈드,112610,34,87,2026-04-23
대우건설,047040,33,90,2026-04-23
HD현대마린엔진,071970,33,90,2026-04-23
한미반도체,042700,33,90,2026-04-23
피노,033790,33,90,2026-04-23
현대바이오,048410,33,90,2026-04-23
두산에너빌리티,034020,32,95,2026-04-23
대한광통신,010170,32,95,2026-04-23
OCI홀딩스,010060,32,95,2026-04-23
포스코DX,022100,32,95,2026-04-23
파두,440110,32,95,2026-04-23
와이씨,232140,32,95,2026-04-23
뉴로메카,348340,32,95,2026-04-23
GS,078930,31,102,2026-04-23
HD한국조선해양,009540,31,102,2026-04-23
SK,034730,31,102,2026-04-23
두산퓨얼셀,336260,31,102,2026-04-23
삼성전자,005930,30,106,2026-04-23
대주전자재료,078600,30,106,2026-04-23
피에스케이,319660,30,106,2026-04-23
코나아이,052400,30,106,2026-04-23
이엔에프테크놀로지,102710,30,106,2026-04-23
한국카본,017960,30,106,2026-04-23
한전기술,052690,30,106,2026-04-23
HD현대중공업,329180,30,106,2026-04-23
효성중공업,298040,30,106,2026-04-23
SNT다이내믹스,003570,29,115,2026-04-23
RFHIC,218410,29,115,2026-04-23
삼성SDI,006400,29,115,2026-04-23
성광벤드,014620,29,115,2026-04-23
DL,000210,29,115,2026-04-23
태웅,044490,29,115,2026-04-23
삼성증권,016360,29,115,2026-04-23
오리온,271560,29,115,2026-04-23
시프트업,462870,29,115,2026-04-23
에프에스티,036810,29,115,2026-04-23
유진테크,084370,28,125,2026-04-23
한화솔루션,009830,28,125,2026-04-23
신한지주,055550,28,125,2026-04-23
미래에셋생명,085620,28,125,2026-04-23
원익QnC,074600,28,125,2026-04-23
팬오션,028670,28,125,2026-04-23
동운아나텍,094170,28,125,2026-04-23
SK하이닉스,000660,28,125,2026-04-23
비에이치아이,083650,28,125,2026-04-23
프로텍,053610,28,125,2026-04-23
삼성전자우,005935,27,135,2026-04-23
피에스케이홀딩스,031980,27,135,2026-04-23
교보증권,030610,27,135,2026-04-23
LG,003550,27,135,2026-04-23
효성티앤씨,298020,27,135,2026-04-23
이오테크닉스,039030,27,135,2026-04-23
제이에스링크,127120,27,135,2026-04-23
GS리테일,007070,27,135,2026-04-23
비나텍,126340,27,135,2026-04-23
코리아써키트,007810,27,135,2026-04-23
NH투자증권,005940,26,145,2026-04-23
하나금융지주,086790,26,145,2026-04-23
LS ELECTRIC,010120,26,145,2026-04-23
LG화학,051910,26,145,2026-04-23
씨젠,096530,26,145,2026-04-23
삼성E&A,028050,26,145,2026-04-23
현대로템,064350,26,145,2026-04-23
솔브레인홀딩스,036830,26,145,2026-04-23
삼성물산,028260,26,145,2026-04-23
큐로셀,372320,26,145,2026-04-23
우리금융지주,316140,26,145,2026-04-23
태광,023160,26,145,2026-04-23
에이치브이엠,295310,26,145,2026-04-23
태광산업,003240,26,145,2026-04-23
코웨이,021240,26,145,2026-04-23
현대제철,004020,25,160,2026-04-23
SK이터닉스,475150,25,160,2026-04-23
iM금융지주,139130,25,160,2026-04-23
에스피지,058610,25,160,2026-04-23
삼표시멘트,038500,25,160,2026-04-23
BNK금융지주,138930,25,160,2026-04-23
한화,000880,25,160,2026-04-23
현대모비스,012330,25,160,2026-04-23
GST,083450,25,160,2026-04-23
LS,006260,25,160,2026-04-23
F&F,383220,24,170,2026-04-23
LG전자,066570,24,170,2026-04-23
로보티즈,108490,24,170,2026-04-23
네이처셀,007390,24,170,2026-04-23
엔켐,348370,24,170,2026-04-23
한온시스템,018880,24,170,2026-04-23
케이뱅크,279570,24,170,2026-04-23
한화투자증권,003530,24,170,2026-04-23
코스모신소재,005070,24,170,2026-04-23
한화오션,042660,24,170,2026-04-23
HL만도,204320,24,170,2026-04-23
포스코엠텍,009520,24,170,2026-04-23
삼성전기,009150,24,170,2026-04-23
다우기술,023590,24,170,2026-04-23
알지노믹스,476830,23,184,2026-04-23
SKC,011790,23,184,2026-04-23
현대글로비스,086280,23,184,2026-04-23
동국제약,086450,23,184,2026-04-23
TIME 글로벌AI인공지능액티브,456600,23,184,2026-04-23
코스맥스,192820,23,184,2026-04-23
SK이노베이션,096770,22,190,2026-04-23
미래에셋증권2우B,00680K,22,190,2026-04-23
디앤디파마텍,347850,22,190,2026-04-23
LG에너지솔루션,373220,22,190,2026-04-23
태성,323280,22,190,2026-04-23
이마트,139480,22,190,2026-04-23
에이피알,278470,22,190,2026-04-23
한국전력,015760,22,190,2026-04-23
HD건설기계,267270,22,190,2026-04-23
티씨케이,064760,22,190,2026-04-23
케이엠더블유,032500,22,190,2026-04-23
에코프로,086520,22,190,2026-04-23
삼천당제약,000250,21,202,2026-04-23
대웅,003090,21,202,2026-04-23
동원산업,006040,21,202,2026-04-23
원익IPS,240810,21,202,2026-04-23
KIWOOM 200TR,294400,21,202,2026-04-23
LG씨엔에스,064400,21,202,2026-04-23
신세계,004170,21,202,2026-04-23
리가켐바이오,141080,21,202,2026-04-23
덕산네오룩스,213420,20,210,2026-04-23
에스엘,005850,20,210,2026-04-23
넥스틴,348210,20,210,2026-04-23
현대지에프홀딩스,005440,20,210,2026-04-23
SK스퀘어,402340,20,210,2026-04-23
HD현대일렉트릭,267260,20,210,2026-04-23
기아,000270,20,210,2026-04-23
한국타이어앤테크놀로지,161390,20,210,2026-04-23
HMM,011200,20,210,2026-04-23
크래프톤,259960,20,210,2026-04-23
원익홀딩스,030530,20,210,2026-04-23
스피어,347700,20,210,2026-04-23
클래시스,214150,19,222,2026-04-23
한화비전,489790,19,222,2026-04-23
코스메카코리아,241710,19,222,2026-04-23
DB손해보험,005830,19,222,2026-04-23
포스코인터내셔널,047050,19,222,2026-04-23
쎄트렉아이,099320,19,222,2026-04-23
롯데리츠,330590,19,222,2026-04-23
HD현대,267250,19,222,2026-04-23
현대오토에버,307950,19,222,2026-04-23
에스엠,041510,19,222,2026-04-23
NHN,181710,19,222,2026-04-23
온코닉테라퓨틱스,476060,19,222,2026-04-23
케어젠,214370,19,222,2026-04-23
파크시스템스,140860,19,222,2026-04-23
DN오토모티브,007340,18,236,2026-04-23
앱클론,174900,18,236,2026-04-23
SK바이오팜,326030,18,236,2026-04-23
LX인터내셔널,001120,18,236,2026-04-23
SK가스,018670,18,236,2026-04-23
피엔티,137400,18,236,2026-04-23
금호타이어,073240,18,236,2026-04-23
LG화학우,051915,18,236,2026-04-23
POSCO홀딩스,005490,18,236,2026-04-23
현대엘리베이터,017800,18,236,2026-04-23
SK아이이테크놀로지,361610,18,236,2026-04-23
영원무역홀딩스,009970,18,236,2026-04-23
한국금융지주,071050,18,236,2026-04-23
현대백화점,069960,17,249,2026-04-23
휴젤,145020,17,249,2026-04-23
메디포스트,078160,17,249,2026-04-23
포스코퓨처엠,003670,17,249,2026-04-23
에스티팜,237690,17,249,2026-04-23
두산우,000155,17,249,2026-04-23
HLB,028300,17,249,2026-04-23
두산,000150,17,249,2026-04-23
하이젠알앤엠,160190,17,249,2026-04-23
에스에프에이,056190,17,249,2026-04-23
동성화인텍,033500,16,259,2026-04-23
클로봇,466100,16,259,2026-04-23
CJ,001040,16,259,2026-04-23
한솔케미칼,014680,16,259,2026-04-23
셀트리온,068270,16,259,2026-04-23
신성델타테크,065350,16,259,2026-04-23
금호석유화학,011780,16,259,2026-04-23
SK텔레콤,017670,16,259,2026-04-23
한화생명,088350,16,259,2026-04-23
제일기획,030000,16,259,2026-04-23
신영증권,001720,16,259,2026-04-23
KB금융,105560,16,259,2026-04-23
미래에셋증권,006800,15,271,2026-04-23
삼현,437730,15,271,2026-04-23
삼성에피스홀딩스,0126Z0,15,271,2026-04-23
현대차,005380,15,271,2026-04-23
SK리츠,395400,15,271,2026-04-23
솔브레인,357780,15,271,2026-04-23
레인보우로보틱스,277810,15,271,2026-04-23
두산밥캣,241560,15,271,2026-04-23
인텔리안테크,189300,15,271,2026-04-23
롯데쇼핑,023530,14,280,2026-04-23
올릭스,226950,14,280,2026-04-23
보로노이,310210,14,280,2026-04-23
씨엠티엑스,388210,14,280,2026-04-23
현대위아,011210,14,280,2026-04-23
NAVER,035420,14,280,2026-04-23
삼성에스디에스,018260,14,280,2026-04-23
두산로보틱스,454910,14,280,2026-04-23
카카오페이,377300,14,280,2026-04-23
JYP Ent.,035900,14,280,2026-04-23
BGF리테일,282330,14,280,2026-04-23
아모레퍼시픽,090430,14,280,2026-04-23
한진칼,180640,14,280,2026-04-23
넷마블,251270,14,280,2026-04-23
영원무역,111770,13,294,2026-04-23
삼성바이오로직스,207940,13,294,2026-04-23
씨어스,458870,13,294,2026-04-23
한화에어로스페이스,012450,13,294,2026-04-23
아이티센글로벌,124500,13,294,2026-04-23
SK바이오사이언스,302440,13,294,2026-04-23
미스토홀딩스,081660,13,294,2026-04-23
영풍,000670,13,294,2026-04-23
키움증권,039490,13,294,2026-04-23
메리츠금융지주,138040,13,294,2026-04-23
HDC,012630,12,304,2026-04-23
동서,026960,12,304,2026-04-23
툴젠,199800,12,304,2026-04-23
엘앤씨바이오,290650,12,304,2026-04-23
제이앤티씨,204270,12,304,2026-04-23
유일로보틱스,388720,12,304,2026-04-23
펄어비스,263750,12,304,2026-04-23
삼성화재,000810,11,311,2026-04-23
KT,030200,11,311,2026-04-23
현대차2우B,005387,11,311,2026-04-23
파마리서치,214450,11,311,2026-04-23
한미사이언스,008930,11,311,2026-04-23
LG유플러스,032640,11,311,2026-04-23
가온전선,000500,11,311,2026-04-23
더존비즈온,012510,11,311,2026-04-23
KCC,002380,11,311,2026-04-23
알테오젠,196170,11,311,2026-04-23
HK이노엔,195940,11,311,2026-04-23
오리온홀딩스,001800,11,311,2026-04-23
카카오뱅크,323410,11,311,2026-04-23
한국앤컴퍼니,000240,10,324,2026-04-23
동양생명,082640,10,324,2026-04-23
서울보증보험,031210,10,324,2026-04-23
세아베스틸지주,001430,10,324,2026-04-23
현대차우,005385,10,324,2026-04-23
삼성카드,029780,9,329,2026-04-23
로킷헬스케어,376900,9,329,2026-04-23
오뚜기,007310,9,329,2026-04-23
현대해상,001450,9,329,2026-04-23
한일시멘트,300720,9,329,2026-04-23
와이지엔터테인먼트,122870,9,329,2026-04-23
SK오션플랜트,100090,9,329,2026-04-23
한화시스템,272210,9,329,2026-04-23
에이프릴바이오,397030,9,329,2026-04-23
풍산,103140,9,329,2026-04-23
루닛,328130,9,329,2026-04-23
다우데이타,032190,8,340,2026-04-23
코리안리,003690,8,340,2026-04-23
메지온,140410,8,340,2026-04-23
큐리언트,115180,8,340,2026-04-23
리브스메드,491000,7,344,2026-04-23
에스티큐브,052020,7,344,2026-04-23
큐리옥스바이오시스템즈,445680,7,344,2026-04-23
JB금융지주,175330,6,347,2026-04-23
유한양행,000100,6,347,2026-04-23
하나머티리얼즈,166090,6,347,2026-04-23
강원랜드,035250,6,347,2026-04-23
파라다이스,034230,6,347,2026-04-23
서부T&D,006730,6,347,2026-04-23
농심,004370,6,347,2026-04-23
IPARK현대산업개발,294870,6,347,2026-04-23
셀트리온제약,068760,6,347,2026-04-23
에코프로비엠,247540,6,347,2026-04-23
에스원,012750,5,357,2026-04-23
대한항공,003490,5,357,2026-04-23
기업은행,024110,5,357,2026-04-23
카카오,035720,4,360,2026-04-23
CJ ENM,035760,4,360,2026-04-23
대웅제약,069620,4,360,2026-04-23
스튜디오드래곤,253450,4,360,2026-04-23
아모레퍼시픽홀딩스,002790,4,360,2026-04-23
카카오게임즈,293490,3,365,2026-04-23
차바이오텍,085660,3,365,2026-04-23
맥쿼리인프라,088980,3,365,2026-04-23
오스코텍,039200,3,365,2026-04-23
녹십자,006280,3,365,2026-04-23
LG생활건강,051900,2,370,2026-04-23
아시아나항공,020560,2,370,2026-04-23
유진로봇,056080,2,370,2026-04-23
한미약품,128940,2,370,2026-04-23
롯데지주,004990,2,370,2026-04-23
펩트론,087010,0,375,2026-04-23
코오롱티슈진,950160,0,375,2026-04-23
에이비엘바이오,298380,0,375,2026-04-23
하림지주,003380,0,375,2026-04-23
휴온스글로벌,084110,0,375,2026-04-23
에임드바이오,0009K0,0,375,2026-04-23
CJ대한통운,000120,0,375,2026-04-23
롯데관광개발,032350,0,375,2026-04-23
한국항공우주,047810,0,375,2026-04-23
오름테라퓨틱,475830,0,375,2026-04-23
하이브,352820,0,375,2026-04-23
젬백스,082270,0,375,2026-04-23
인벤티지랩,389470,0,375,2026-04-23
