날짜,종목명,종목코드,테마,매수후보,진입유형,스윙우선순위,전략슬리브,기관동행점수,수급품질점수,주도주점수,수급흡수율,종목체급,20일평균거래대금(억),연기금5일강도(%),연기금10일강도(%),진입코멘트,매도점검,현재가,AI수급점수,신호등급
2026-09-29,고영,98460,반도체장비;자동화,신규후보,돌파,49.93,수급스윙,17.01,51.05,60.47,0.386,중형,296.7,0.062,0.0596,연기금 10일 순매수 · 거래대금 대비 수급 양호 · 대형 주도주 조건 · 기관 동행 · 거래량 동반 돌파,보유/관찰,30600.0,35.51,High
2026-09-29,SK이노베이션,96770,분류안됨,신규후보,주도눌림,48.98,주도대형,13.98,44.22,96.58,0.4681,대형,1613.6,0.022,0.0189,연기금 10일 순매수 · 거래대금 대비 수급 양호 · 대형 주도주 조건 · 기관 동행 · 대형 주도주 눌림,보유/관찰,146300.0,24.05,Medium
2026-09-29,HPSP,403870,반도체장비;고압어닐링,관찰,과열주의,71.04,관찰,25.93,56.22,76.76,0.4681,대형,1105.5,0.0457,-0.0079,거래대금 대비 수급 양호 · 대형 주도주 조건 · 기관 동행 · 이격/RSI 과열,익절/추격주의,61100.0,75.03,High
2026-09-29,이오테크닉스,39030,분류안됨,관찰,관찰,65.85,관찰,31.38,47.22,85.6,0.4528,중형,546.4,0.1715,0.2674,연기금 10일 순매수 · 거래대금 대비 수급 양호 · 대형 주도주 조건 · 기관 동행,보유/관찰,500000.0,43.59,High
2026-09-29,ISC,95340,반도체소켓;반도체,관찰,관찰,63.9,관찰,30.13,55.8,83.08,0.8012,중형,301.0,0.1984,0.1835,연기금 10일 순매수 · 거래대금 대비 수급 양호 · 대형 주도주 조건 · 기관 동행,보유/관찰,209500.0,42.76,High
2026-09-29,디아이,3160,분류안됨,관찰,과열주의,59.42,관찰,35.0,60.45,44.44,1.1195,중형,219.3,0.9848,1.1341,연기금 10일 순매수 · 거래대금 대비 수급 양호 · 기관 동행 · 이격/RSI 과열,익절/추격주의,37050.0,50.62,High
2026-09-29,원익IPS,240810,분류안됨,관찰,주도돌파,58.53,주도대형,12.16,16.0,84.05,-0.0294,대형,1197.3,0.1334,0.2238,연기금 10일 순매수 · 대형 주도주 조건 · 기관 동행 · 대형 주도주 돌파,보유/관찰,130400.0,49.21,High
2026-09-29,리노공업,58470,분류안됨,관찰,관찰,58.13,관찰,17.61,12.0,79.95,-0.4509,중형,503.8,0.2199,0.2949,연기금 10일 순매수 · 대형 주도주 조건 · 기관 동행,보유/관찰,73800.0,52.02,High
2026-09-29,대한항공,3490,분류안됨,관찰,주도눌림,56.96,주도대형,19.02,52.17,94.51,0.8702,대형,856.2,0.2313,0.3347,연기금 10일 순매수 · 거래대금 대비 수급 양호 · 대형 주도주 조건 · 기관 동행 · 대형 주도주 눌림,보유/관찰,31350.0,30.99,Medium
2026-09-29,한미반도체,42700,분류안됨,관찰,주도눌림,55.14,주도대형,12.75,34.69,89.99,0.3209,대형,1543.8,0.0129,-0.0212,거래대금 대비 수급 양호 · 대형 주도주 조건 · 기관 동행 · 대형 주도주 눌림,보유/관찰,251000.0,38.28,High
2026-09-29,파두,440110,분류안됨,관찰,과열주의,54.66,관찰,28.62,64.54,68.68,1.13,중형,385.5,0.0751,0.0751,연기금 10일 순매수 · 거래대금 대비 수급 양호 · 대형 주도주 조건 · 기관 동행 · 이격/RSI 과열,익절/추격주의,83800.0,45.07,High
2026-09-29,테스,95610,반도체장비;반도체,관찰,과열주의,54.53,관찰,21.67,54.23,77.89,0.5121,중형,576.6,-0.0672,-0.1308,거래대금 대비 수급 양호 · 대형 주도주 조건 · 기관 동행 · 이격/RSI 과열,수급훼손,170400.0,52.49,High
