종목명,종목코드,소속,섹터,테마,AI수급점수,Quant점수,정성점수,정성보정치,점수모드,현재가,등락률,외인강도(%),연기금강도(%),투신강도(%),사모강도(%),외인연속,연기금연속,이격도(%),손바뀜(%),RSI,거래급증(%),추세상승,음봉매집률,시가총액,PER,ROE,뉴스테마가점,뉴스톤계수,뉴스부정키워드수,테마가점완화,눌림목가감,눌림목신호,점수변화(안정화),신호신뢰도,신호등급,신호레짐
지투지바이오,456160,KOSDAQ,제약,바이오;약물전달,67.6,68,50.0,0.0,상승장 (보수적 반영),85600,0.82,-0.42763940549318646,0.8620947751182659,1.2602157028878063,1.1295798700840216,0,2,115.2,11.0,76.5,204.0,1,0.1189,14163,-100.12,39.5,0.0,0.35,2,0.0,-0.4,대기,8.0,53.43,High,RiskOn
ISC,095340,KOSDAQ,반도체와반도체장비,반도체소켓;반도체,63.66,61,52.39,0.96,상승장 (보수적 반영),242500,-0.61,-1.95478014901854,-0.8855594420559112,3.742146693772737,0.564625206699998,2,0,102.1,5.5,52.4,75.5,1,1.0,51403,91.58,10.6,1.12,0.35,2,0.0,1.7,관심,-0.64,61.26,High,RiskOn
코오롱인더,120110,KOSPI,화학,화학소재;산업재,61.83,60,53.08,1.23,상승장 (보수적 반영),94100,-6.74,0.26028905213101955,1.5548860782852478,0.6576340537279535,0.5132251250931544,0,10,106.3,9.7,60.2,90.2,1,0.069,28179,74.45,1.01,0.0,0.35,2,0.0,0.6,대기,6.06,55.25,High,RiskOn
한국콜마,161890,KOSPI,화장품,화장품,60.53,58,54.82,1.93,상승장 (보수적 반영),88700,-0.89,-0.7341953863788327,2.09475868755373,0.5316352373674659,0.2580889817556596,1,30,105.9,5.6,71.8,137.1,1,0.5055,20938,16.74,14.69,0.0,0.35,2,0.0,0.6,대기,-0.2,56.26,High,RiskOn
호텔신라,008770,KOSPI,백화점과일반상점,면세;소비,58.7,60,47.76,-0.9,상승장 (보수적 반영),65500,-3.25,5.260889810564804,1.0542700676832115,1.793320462501945,0.22024404076552045,8,1,120.9,15.9,79.4,71.2,1,0.0633,25708,-15.16,-14.46,0.0,0.35,2,0.0,-0.4,대기,8.0,47.51,High,RiskOn
에코프로머티,450080,KOSPI,전기제품,2차전지;전구체,58.51,56,52.03,0.81,상승장 (보수적 반영),80300,-4.06,-2.5357977161615985,0.7904295910623202,0.0316342399265783,0.02267221271113151,0,10,104.8,13.5,60.3,58.8,1,0.3724,56659,245.57,2.56,0.0,0.35,2,0.0,1.7,관심,8.0,51.25,High,RiskOn
달바글로벌,483650,KOSPI,화장품,화장품,57.62,55,57.56,3.02,상승장 (보수적 반영),226000,-5.24,3.5103391372493147,1.4625956755601468,1.691132280126812,1.360867459836854,11,3,114.4,6.8,76.4,85.9,1,0.0999,28073,34.25,52.59,0.0,0.35,2,0.0,-0.4,대기,8.0,48.07,High,RiskOn
테스,095610,KOSDAQ,반도체와반도체장비,반도체장비;반도체,56.92,55,53.3,1.32,상승장 (보수적 반영),84000,-3.0,1.3259188476202188,0.4079965563891281,2.5534573914647645,-0.009821430328372894,1,0,102.3,6.3,71.3,93.7,1,0.0,16262,29.12,15.76,1.12,0.35,2,0.0,0.6,대기,0.21,54.1,High,RiskOn
파두,440110,KOSDAQ,반도체와반도체장비,반도체와반도체장비,56.73,59,45.31,-1.87,상승장 (보수적 반영),78200,-4.05,1.6865307898567379,0.09236729998212416,1.0233775198549504,0.2054627518578105,5,0,125.1,14.8,74.3,163.9,1,0.0,39159,-51.11,-131.08,1.12,0.35,2,0.0,-0.4,대기,4.07,52.33,High,RiskOn
한화솔루션,009830,KOSPI,에너지장비및서비스,에너지장비및서비스,56.35,59,45.87,-1.65,상승장 (보수적 반영),50700,5.74,0.7593964452094091,0.475616380952381,0.5998780522088353,0.6207969500860585,2,1,115.4,24.1,71.0,179.5,1,0.1681,87150,-13.6,-7.01,0.0,0.35,2,0.0,-1.0,대기,4.57,51.6,High,RiskOn
나노신소재,121600,KOSDAQ,화학,2차전지;소재,55.7,56,47.76,-0.9,상승장 (보수적 반영),82800,-6.33,-1.7520878080031541,1.3201720973782771,2.5622304060713583,0.5784840134042972,2,0,108.2,10.1,67.4,62.8,1,0.0122,10146,617.91,0.67,0.0,0.35,2,0.0,0.6,대기,8.0,50.83,High,RiskOn
한일시멘트,300720,KOSPI,건축자재,건축자재,55.59,56,49.72,-0.11,상승장 (보수적 반영),17450,-0.46,-0.2976344670406732,0.17157821411874707,-0.1493755337385071,-0.0768271482000935,0,4,102.3,1.0,67.6,178.0,1,1.0,12834,16.45,4.14,0.0,0.35,2,0.0,-0.3,회피,8.0,37.22,High,RiskOn
리노공업,058470,KOSDAQ,반도체와반도체장비,반도체와반도체장비,55.13,52,53.58,1.43,상승장 (보수적 반영),119300,6.42,-0.3351325425369277,-0.38404564182092144,0.8217475962648892,0.16462141859416415,3,0,104.1,11.1,57.8,176.7,1,0.0,90921,59.83,22.45,1.12,0.35,2,0.0,1.7,관심,8.0,37.39,High,RiskOn
두산퓨얼셀,336260,KOSPI,전기제품,전기제품,55.05,55,51.13,0.45,상승장 (보수적 반영),60800,3.75,2.407691867152185,0.4406582433450527,0.8933727988448017,0.015099477649422401,3,5,136.7,10.3,80.3,109.9,1,0.0,39820,-37.46,-30.66,1.12,0.35,2,0.0,-0.4,대기,1.77,52.45,High,RiskOn
티엘비,356860,KOSDAQ,반도체와반도체장비,PCB;반도체,55.03,53,53.58,1.43,상승장 (보수적 반영),87500,3.06,-0.5697440376569038,0.40489730357973036,1.769778661087866,0.2049878777312878,3,0,111.3,12.5,70.8,109.3,1,0.0,8604,45.17,15.99,1.12,0.35,2,0.0,0.6,대기,0.22,52.47,High,RiskOn
DL이앤씨,375500,KOSPI,건설,건설;플랜트,54.53,53,52.31,0.93,상승장 (보수적 반영),99000,-2.08,-3.6410781188816665,3.7090421672279215,-0.037438549090244605,-0.3098048189625917,0,0,104.6,16.3,71.1,90.0,1,0.3334,38307,11.48,7.34,1.12,0.35,2,0.0,0.6,대기,2.65,51.24,High,RiskOn
포스코엠텍,009520,KOSDAQ,철강,철강,54.39,53,49.23,-0.31,상승장 (보수적 반영),19920,-5.82,0.7873061796262808,0.011550355635925257,0.00021596624472573837,0.003695932489451477,5,0,103.8,12.0,57.8,52.4,1,0.9112,8295,585.88,1.25,0.0,0.35,2,0.0,1.7,관심,8.0,45.9,High,RiskOn
비나텍,126340,KOSDAQ,전기장비,전기장비,53.13,56,45.32,-1.87,상승장 (보수적 반영),175600,-4.25,0.38308480548469387,-0.5991061623086735,1.7995063456632654,1.0576099968112245,0,1,136.3,20.1,69.6,116.8,1,0.0,12544,-197.75,-7.14,1.12,0.35,2,0.0,-1.0,대기,-7.25,53.08,High,RiskOn
코미코,183300,KOSDAQ,반도체와반도체장비,반도체와반도체장비,52.98,51,53.44,1.38,상승장 (보수적 반영),141600,-0.56,-0.05118535646772887,0.6342900958682149,1.2549885228193356,0.3572010396975425,2,0,102.8,5.1,68.2,83.7,1,0.2893,14812,29.71,18.52,1.12,0.35,2,0.0,0.6,대기,-1.26,50.41,High,RiskOn
세미파이브,490470,KOSDAQ,반도체와반도체장비,반도체;ASIC,50.91,54,44.76,-2.09,상승장 (보수적 반영),42450,7.74,-0.20354709524803452,0.605101749808669,2.0023079767619842,0.18513402212481736,0,0,124.9,49.6,75.8,100.9,1,0.0162,14373,-21.46,-31.2,1.12,0.35,2,0.0,-1.0,대기,0.18,50.4,High,RiskOn
효성티앤씨,298020,KOSPI,"섬유,의류,신발,호화품","섬유,의류,신발,호화품",50.89,49,53.22,1.29,상승장 (보수적 반영),518000,-2.81,0.34219295623856893,0.8629679038229915,0.021538051478788418,0.08962528438238837,1,9,106.5,5.8,73.7,64.3,1,0.2833,22417,207.28,0.72,0.0,0.35,2,0.0,0.6,대기,7.17,47.16,High,RiskOn
쏠리드,050890,KOSDAQ,통신장비,통신장비,50.77,49,51.68,0.67,상승장 (보수적 반영),17110,6.47,-3.1325275132275134,-0.1839349013949014,-0.5544835401635402,-0.2423057267917268,2,2,104.4,55.4,54.1,662.4,1,0.0,10395,28.66,10.8,0.0,0.35,2,0.0,1.1,대기,8.0,42.06,High,RiskOn
한국가스공사,036460,KOSPI,가스유틸리티,가스유틸리티,50.45,50,51.12,0.45,상승장 (보수적 반영),39100,-0.26,0.4954992339446999,0.16113650329694684,-0.1643047085388153,-0.022212425887959217,1,7,106.1,1.8,76.9,121.5,1,1.0,36094,27.13,1.23,0.0,0.35,2,0.0,0.0,대기,8.0,42.93,High,RiskOn
한화엔진,082740,KOSPI,조선,조선,50.43,49,54.56,1.83,상승장 (보수적 반영),88000,0.34,-0.23075550433728706,0.9391260427873027,0.5146625903885175,0.35973560320291964,2,2,147.5,14.0,80.8,39.7,1,0.0,73433,42.27,36.6,1.12,0.35,2,0.0,-0.4,대기,1.99,49.73,High,RiskOn
서울반도체,046890,KOSDAQ,디스플레이장비및부품,디스플레이장비및부품,50.38,53,45.94,-1.62,상승장 (보수적 반영),16510,15.29,0.1994836546852275,0.503931623727405,0.08449251194681072,-0.019529736131311034,2,3,144.1,54.8,83.8,333.9,1,0.2808,9626,-18.72,-7.95,0.0,0.35,2,0.0,-1.0,대기,8.0,44.39,High,RiskOn
LS머트리얼즈,417200,KOSDAQ,전기제품,2차전지;소재,49.99,52,47.48,-1.01,상승장 (보수적 반영),30050,-3.84,-1.337856830300049,1.0621561136251845,1.3950159434333498,0.398179209050664,0,0,128.8,55.7,72.1,47.3,1,0.1407,20330,5008.33,0.24,0.0,0.35,2,0.0,-1.0,대기,-8.0,57.21,High,RiskOn
엘앤에프,066970,KOSPI,전기제품,2차전지;양극재,49.53,48,49.58,-0.17,상승장 (보수적 반영),195100,-6.65,-0.2236688295197704,1.2227187673007085,0.10262440891891207,-0.25226440688726925,0,10,104.5,8.5,60.5,109.4,1,0.0,78754,-13.56,-76.95,0.0,0.35,2,0.0,1.7,관심,6.17,47.38,High,RiskOn
후성,093370,KOSPI,화학,2차전지;전해질,49.26,49,49.16,-0.34,상승장 (보수적 반영),13240,-5.5,-2.449839721850574,0.8495415505950284,0.5373950137314274,0.6426790599253573,0,3,110.5,12.8,66.6,47.9,1,0.0,14201,264.8,1.61,0.0,0.35,2,0.0,0.6,대기,0.5,49.18,High,RiskOn
HD건설기계,267270,KOSPI,기계,기계,49.19,48,51.47,0.59,상승장 (보수적 반영),183900,-6.17,-1.4627972603826624,0.8253122120964816,0.3630508795792528,0.09658654561117157,1,5,108.0,5.7,67.9,104.8,1,0.0706,88224,32.76,5.74,0.0,0.35,2,0.0,0.6,대기,8.0,47.39,High,RiskOn
한화비전,489790,KOSPI,통신장비,통신장비,48.94,48,50.84,0.34,상승장 (보수적 반영),86200,5.51,0.37166388180418647,0.25224349394545165,-0.06826105788010386,-0.04352848280140622,1,2,108.7,13.5,62.7,202.1,1,0.0,43521,95.46,5.4,0.0,0.35,2,0.0,0.6,대기,8.0,46.11,High,RiskOn
SK네트웍스,001740,KOSPI,복합기업,복합기업,48.55,47,52.38,0.95,상승장 (보수적 반영),5870,-1.18,0.13982636384633151,0.10869962275771806,-0.020219204711679113,-0.0024142574486103628,0,5,107.4,4.4,64.6,119.3,1,0.6526,12989,26.09,2.44,0.0,0.35,2,0.0,0.6,대기,8.0,30.63,High,RiskOn
심텍,222800,KOSDAQ,전자장비와기기,PCB;반도체,46.64,49,45.1,-1.96,상승장 (보수적 반영),87000,-2.58,1.2091534535828614,1.6184123460970206,1.582225233932529,0.33671496706476234,3,2,116.8,8.7,81.8,78.5,1,0.1139,32488,-17.56,-32.1,1.12,0.35,2,0.0,-0.4,대기,8.0,38.56,High,RiskOn
HJ중공업,097230,KOSPI,건설,조선;방산,46.39,44,51.72,0.69,상승장 (보수적 반영),29000,-4.76,3.6346720671351105,0.08693008095929122,0.3061703372030856,0.3215111624532193,1,0,104.1,12.5,59.1,56.8,1,0.0,26186,47.93,10.15,1.12,0.35,2,0.0,1.7,관심,2.32,47.61,High,RiskOn
덕산하이메탈,077360,KOSDAQ,반도체와반도체장비,반도체와반도체장비,46.13,49,45.32,-1.87,상승장 (보수적 반영),18360,4.14,-0.5332631419323903,1.4893141680652122,0.5454098825221769,0.4514182881802925,0,1,124.7,25.4,78.0,61.7,1,0.0,8342,-7.87,-40.79,1.12,0.35,2,0.0,-1.0,대기,7.8,42.54,High,RiskOn
해성디에스,195870,KOSPI,반도체와반도체장비,리드프레임;반도체,45.55,46,49.87,-0.05,상승장 (보수적 반영),80200,6.65,2.156960877218718,0.3626051488924747,0.3377753850667449,0.4540588015255978,0,1,125.7,12.9,77.3,123.0,1,0.0,13634,57.24,4.25,1.12,0.35,2,0.0,-0.4,대기,1.95,45.85,High,RiskOn
OCI,456040,KOSPI,화학,태양광;신재생,45.51,47,47.27,-1.09,상승장 (보수적 반영),150000,6.01,0.3300716955841835,0.9933676669893514,0.09359600119145134,0.13100000744657087,4,3,135.7,16.6,81.8,56.5,1,0.0,13429,-21.45,-5.37,0.0,0.35,2,0.0,-0.4,대기,0.0,43.53,High,RiskOn
현대무벡스,319400,KOSDAQ,기계,기계,45.26,45,46.4,-1.44,상승장 (보수적 반영),31350,-1.42,0.16693800836292816,-8.978691717264292e-07,-0.040176868770764124,-0.003198453431091763,0,0,104.4,10.0,63.7,94.7,1,0.0,34916,316.67,6.79,0.0,0.35,2,0.0,1.7,관심,-2.2,36.73,High,RiskOn
삼표시멘트,038500,KOSDAQ,건축자재,건축자재,45.26,45,46.4,-1.44,상승장 (보수적 반영),16930,0.18,-0.4724118456486043,0.013621215106732348,0.0004835062944718117,0.006083496442255063,0,0,104.4,13.7,65.1,84.9,1,0.026,18270,44.79,5.29,0.0,0.35,2,0.0,1.7,관심,-8.0,49.86,High,RiskOn
원익홀딩스,030530,KOSDAQ,반도체와반도체장비,반도체와반도체장비,45.25,46,48.11,-0.75,상승장 (보수적 반영),32800,-4.93,-0.9784921706007736,0.014842667956106418,0.20753268532407043,0.08800962343096234,0,0,108.0,22.2,61.5,55.9,1,0.0,25334,92.39,2.78,1.12,0.35,2,0.0,0.0,대기,7.94,41.5,High,RiskOn
테크윙,089030,KOSDAQ,반도체와반도체장비,반도체장비;테스트,45.11,45,47.52,-0.99,상승장 (보수적 반영),57300,-3.54,-0.38552349990580254,0.028903056706857576,0.23915308967596083,-0.49334747079879426,0,0,104.1,28.4,64.9,49.2,1,0.0,21232,227.38,4.63,1.12,0.35,2,0.0,1.1,대기,8.0,42.72,High,RiskOn
NC,036570,KOSPI,게임엔터테인먼트,게임엔터테인먼트,45.07,45,50.18,0.07,상승장 (보수적 반영),270500,-2.52,-0.18333748305506462,1.3686333115980576,0.42599440602639116,0.20443319834583112,0,16,108.0,3.3,70.8,60.8,1,0.2888,58277,16.88,10.79,0.0,0.35,2,0.0,0.0,대기,0.38,45.62,High,RiskOn
한미반도체,042700,KOSPI,반도체와반도체장비,반도체와반도체장비,45.01,43,56.03,2.41,상승장 (보수적 반영),368000,2.94,0.8853006580204078,0.05307919053226096,0.360017744883093,-0.027712516642955508,1,3,123.0,11.6,77.7,134.6,1,0.0,350749,164.8,34.76,1.12,0.35,2,0.0,-0.4,대기,2.15,43.38,High,RiskOn
HPSP,403870,KOSDAQ,반도체와반도체장비,반도체장비;고압어닐링,44.99,44,54.98,1.99,상승장 (보수적 반영),52600,-1.5,2.1327232732732733,-0.094642458997459,0.2775694536844537,0.1060903823053823,1,3,112.4,20.3,68.4,34.0,1,0.0,43290,60.46,24.79,1.12,0.35,2,0.0,-1.0,대기,2.47,44.26,High,RiskOn
제주반도체,080220,KOSDAQ,반도체와반도체장비,반도체;팹리스,44.27,44,53.16,1.27,상승장 (보수적 반영),52400,-2.24,5.155869581117021,0.13289924922429078,0.520753125,-0.1006560782358156,0,0,115.3,134.0,67.4,32.4,1,0.0056,18048,45.68,19.21,1.12,0.35,2,0.0,-1.0,대기,-0.52,46.12,High,RiskOn
현대로템,064350,KOSPI,우주항공과국방,우주항공과국방,44.2,41,59.0,3.6,상승장 (보수적 반영),268500,1.7,1.3250764536064181,0.1967628912768259,0.4596920220988442,0.03597546298034104,3,7,120.3,5.8,82.1,119.8,1,0.15,293047,38.06,30.05,0.0,0.35,2,0.0,-0.4,대기,-0.06,42.37,High,RiskOn
한온시스템,018880,KOSPI,자동차부품,자동차부품,44.18,44,46.2,-1.52,상승장 (보수적 반영),4230,-2.87,-0.77897187959273,0.23936933841653038,-0.11911620211467139,-0.05995036891571261,0,6,103.8,6.3,64.8,102.9,1,0.0,43411,-16.46,-6.0,0.0,0.35,2,0.0,1.7,관심,2.06,43.06,Medium,RiskOn
에스엠,041510,KOSDAQ,방송과엔터테인먼트,방송과엔터테인먼트,43.6,40,59.0,3.6,상승장 (보수적 반영),96600,-0.92,1.1141122535720744,-0.30778878639898716,-0.5173651202749141,-0.00415014017001266,1,3,106.5,2.4,68.2,151.0,1,0.0,22116,6.39,41.65,0.0,0.35,2,0.0,0.0,대기,8.0,31.62,Medium,RiskOn
HD현대마린엔진,071970,KOSPI,조선,조선,43.49,42,54.72,1.89,상승장 (보수적 반영),105800,-3.56,0.5631239488422636,1.2338610939285017,0.1317160801359748,0.1062574549304801,1,0,115.8,13.0,69.9,39.9,1,0.0343,35889,21.74,41.36,1.12,0.35,2,0.0,-0.4,대기,0.71,42.37,High,RiskOn
HD현대마린솔루션,443060,KOSPI,조선,조선,43.41,40,59.52,3.81,상승장 (보수적 반영),265500,-1.12,-1.3816386338242337,0.6518054766325305,0.15535652214091888,0.3575002982366235,0,8,125.6,5.3,77.4,30.4,1,0.161,119033,44.15,33.73,1.12,0.35,2,0.0,-0.4,대기,1.26,43.16,High,RiskOn
지아이이노베이션,358570,KOSDAQ,생물공학,생물공학,43.4,45,47.0,-1.2,상승장 (보수적 반영),16250,-1.81,0.5910832570169556,1.0392267199923364,0.34477835329054507,0.3444452984002299,3,9,112.2,6.3,67.8,66.3,1,0.1267,10439,-27.97,-48.28,0.0,0.35,2,0.0,-0.4,대기,0.59,43.31,Medium,RiskOn
선익시스템,171090,KOSDAQ,디스플레이장비및부품,OLED;디스플레이,43.26,39,56.4,2.56,상승장 (보수적 반영),102500,-2.75,-6.493557402221149,0.5038633027522936,2.5335332110091744,-0.11871355866731048,0,0,105.3,9.0,57.7,51.1,1,0.1465,10355,10.14,101.48,0.0,0.35,2,0.0,1.7,관심,-5.59,47.67,Medium,RiskOn
HD현대에너지솔루션,322000,KOSPI,에너지장비및서비스,태양광;신재생,43.04,43,52.6,1.04,상승장 (보수적 반영),231000,7.19,0.5668498106060605,0.11168600803957947,0.1381767316017316,0.2182371482683983,3,2,129.6,62.2,68.4,100.1,1,0.0,25872,62.08,10.59,0.0,0.35,2,0.0,-1.0,대기,-0.11,43.54,Medium,RiskOn
CJ제일제당,097950,KOSPI,식품,식품,42.3,44,43.0,-2.8,상승장 (보수적 반영),246500,1.23,1.6996930124767575,0.8047085612654612,0.1918188579589857,0.03270996254277938,0,2,104.5,2.4,65.9,150.6,1,0.0,37109,-7.07,-7.67,0.0,0.35,2,0.0,1.1,대기,-5.15,43.62,Medium,RiskOn
레이크머티리얼즈,281740,KOSDAQ,화학,반도체소재;2차전지소재,42.27,41,48.92,-0.43,상승장 (보수적 반영),23000,-6.5,0.010363421087445429,0.09992259227411032,0.3812343444900119,0.013820158751157562,3,1,104.2,9.7,62.6,92.1,1,0.0,15118,196.58,5.8,1.12,0.35,2,0.0,1.7,관심,2.7,42.07,Medium,RiskOn
삼양식품,003230,KOSPI,식품,식품,42.1,39,55.0,2.0,상승장 (보수적 반영),1341000,2.05,0.010629511572195055,0.03437881367677048,-0.6591841552990556,0.783108218337326,0,2,104.0,3.0,60.2,155.5,1,0.0,101018,25.94,37.59,0.0,0.35,2,0.0,1.1,대기,8.0,29.6,Medium,RiskOn
피노,033790,KOSDAQ,전기제품,전기제품,41.61,45,42.52,-2.99,상승장 (보수적 반영),13580,-5.69,-7.029597697880333,0.0,-0.04390483409355156,0.23954925140863967,0,0,121.5,13.9,65.6,194.1,1,0.0,11181,-100.59,-7.58,1.12,0.35,2,0.0,-0.4,대기,7.19,39.6,Medium,RiskOn
코웨이,021240,KOSPI,가정용기기와용품,가정용기기와용품,41.56,39,56.4,2.56,상승장 (보수적 반영),86100,-1.49,-2.308378693932481,0.4397661305411039,0.07640656480280975,1.7787815020268831,0,0,106.5,2.8,71.3,59.8,1,0.0,60931,10.06,18.14,0.0,0.35,2,0.0,0.0,대기,5.85,38.75,Medium,RiskOn
태광,023160,KOSDAQ,기계,기계,41.5,39,52.0,0.8,상승장 (보수적 반영),46050,-3.05,1.2823699378777702,0.4192274848891874,-1.8551292688045669,-0.38421749916051046,8,0,102.9,10.1,58.5,49.0,1,0.0,11912,19.11,10.73,0.0,0.35,2,0.0,1.7,관심,-0.75,41.84,Medium,RiskOn
TIME 미국나스닥100액티브,426030,KOSPI,분류안됨,분류안됨,41.16,45,41.4,-3.44,상승장 (보수적 반영),46500,1.51,0.004852913391072618,0.4129372348434377,-1.128487736508994,-0.030931567954696867,0,0,107.7,16.7,84.1,147.1,1,0.0,15010,0.0,0.0,0.0,0.35,2,0.0,-0.4,대기,-1.74,42.1,Medium,RiskOn
DL,000210,KOSPI,화학,화학,41.16,42,46.4,-1.44,상승장 (보수적 반영),71500,-6.9,0.5736161249416004,0.3270266168324101,0.6498309484081959,0.05001697256891143,0,10,108.2,5.2,63.6,83.8,1,0.0,14983,-18.39,-2.17,0.0,0.35,2,0.0,0.6,대기,0.95,40.28,Medium,RiskOn
주성엔지니어링,036930,KOSDAQ,반도체와반도체장비,반도체와반도체장비,41.09,43,47.72,-0.91,상승장 (보수적 반영),126000,0.08,3.0116563671754943,0.10601962572140831,0.400066485674282,0.12987228084554178,1,0,140.1,19.6,81.6,39.2,1,0.0,58566,166.89,6.17,1.12,0.35,2,0.0,-1.0,대기,1.0,41.93,Medium,RiskOn
STX엔진,077970,KOSPI,조선,조선,40.81,39,55.52,2.21,상승장 (보수적 반영),61600,-7.37,-0.28359585136064047,0.22612451983340748,0.01257845618858922,0.2320265496744976,1,1,138.4,17.0,76.7,58.4,1,0.0,24731,33.3,22.26,1.12,0.35,2,0.0,-0.4,대기,5.04,39.94,Medium,RiskOn
한화,000880,KOSPI,복합기업,복합기업,40.76,41,49.4,-0.24,상승장 (보수적 반영),133400,0.68,1.2163611558825405,-0.18967196623360055,-0.2564509472878437,0.09716581364689872,7,2,105.6,1.7,70.3,214.7,1,0.0,94058,33.87,3.3,0.0,0.35,2,0.0,0.0,대기,8.0,37.05,Medium,RiskOn
이수스페셜티케미컬,457190,KOSPI,화학,전고체;2차전지,40.32,39,51.8,0.72,상승장 (보수적 반영),121500,-3.49,0.2225568335330646,0.8371627519337619,0.22601957184878527,-0.06545901786687003,2,10,110.9,6.4,68.9,72.3,1,0.1347,36716,4860.0,0.61,0.0,0.35,2,0.0,0.6,대기,0.42,40.32,Medium,RiskOn
GS건설,006360,KOSPI,건설,건설,40.11,40,47.52,-0.99,상승장 (보수적 반영),38050,-8.75,-3.3095854041272568,1.2652081393563446,-0.5431028267411866,-0.6042481298366295,0,0,100.7,19.4,61.9,136.9,1,0.0,32564,34.81,2.03,1.12,0.35,2,0.0,1.1,대기,5.11,38.62,Medium,RiskOn
코리아써키트,007810,KOSPI,전자장비와기기,전자장비와기기,40.0,39,51.0,0.4,상승장 (보수적 반영),92700,-2.83,-0.9667432034904642,1.343184373875495,0.1604092929111191,-0.29843543540842027,3,0,107.2,5.2,68.3,70.4,1,0.0,22232,53.71,11.54,0.0,0.35,2,0.0,0.6,대기,3.7,38.96,Medium,RiskOn
삼성E&A,028050,KOSPI,건설,건설,39.93,38,53.32,1.33,상승장 (보수적 반영),53100,-2.21,-4.219469471347861,0.36469690322456666,-0.3819151898612552,0.2149892813905223,1,2,104.8,9.2,68.3,44.3,1,0.0,104076,16.86,13.76,1.12,0.35,2,0.0,0.6,대기,2.24,39.59,Medium,RiskOn
피에스케이,319660,KOSDAQ,반도체와반도체장비,반도체와반도체장비,39.75,36,55.12,2.05,상승장 (보수적 반영),88700,-4.93,1.7211991787646441,-0.8287834118242323,-1.2742424240065389,-0.29768033316467524,3,0,103.9,5.3,60.7,89.2,1,0.0,25693,32.71,15.54,1.12,0.35,2,0.0,1.7,관심,8.0,37.75,Medium,RiskOn
브이엠,089970,KOSDAQ,반도체와반도체장비,반도체와반도체장비,39.73,37,55.32,2.13,상승장 (보수적 반영),53400,-6.97,4.390827654188401,-1.1093743594660939,-1.241385405799325,-0.6293861460570727,4,0,106.6,6.8,67.0,101.5,1,0.0,13036,52.46,17.34,1.12,0.35,2,0.0,0.6,대기,8.0,36.37,Medium,RiskOn
와이씨,232140,KOSDAQ,반도체와반도체장비,반도체와반도체장비,39.69,40,47.72,-0.91,상승장 (보수적 반영),21850,-3.96,1.6871261549617895,-0.036640741339878394,0.47250814804484853,0.018065685279187817,1,0,108.2,11.1,69.5,43.8,1,0.0,17927,92.98,5.56,1.12,0.35,2,0.0,0.6,대기,1.0,39.48,Medium,RiskOn
비츠로셀,082920,KOSDAQ,전기제품,리튬전지;방산,39.6,38,55.0,2.0,상승장 (보수적 반영),57000,3.83,0.44908356872001237,-0.5454507448537378,-0.2374560130010834,1.6779138736263737,8,0,114.7,6.9,68.5,77.1,1,0.0,25844,45.38,18.56,0.0,0.35,2,0.0,-0.4,대기,-0.98,39.94,Medium,RiskOn
피에스케이홀딩스,031980,KOSDAQ,반도체와반도체장비,반도체와반도체장비,39.45,36,57.12,2.85,상승장 (보수적 반영),124300,-4.68,0.7471231363331094,-0.12057089769420193,0.48351430117155436,0.2576428736661443,1,3,111.2,5.8,65.7,52.3,1,0.0,26802,29.23,19.55,1.12,0.35,2,0.0,0.6,대기,3.33,38.14,Medium,RiskOn
성광벤드,014620,KOSDAQ,기계,조선;플랜트,39.25,40,49.12,-0.35,상승장 (보수적 반영),46400,-2.83,1.4063353444778057,0.5617098920717357,-0.1402510184208391,-0.09290559928588818,8,0,112.5,13.1,64.7,42.8,1,0.0,12323,36.54,6.45,1.12,0.35,2,0.0,-0.4,대기,-0.08,40.38,Medium,RiskOn
실리콘투,257720,KOSDAQ,인터넷과카탈로그소매,K뷰티;유통,39.02,35,55.8,2.32,상승장 (보수적 반영),44000,-2.22,0.36851968903254567,0.07545523294694605,1.158448887278942,0.13930450475553574,0,3,98.1,6.5,58.1,63.2,1,0.0,26916,16.86,46.89,0.0,0.35,2,0.0,1.7,관심,-5.97,40.97,Medium,RiskOn
고영,098460,KOSDAQ,전자장비와기기,반도체장비;자동화,39.01,41,47.52,-0.99,상승장 (보수적 반영),40250,-4.05,3.080045129188681,-0.20735130636172833,0.4368627650720127,0.14955101686328437,0,0,124.6,109.4,70.1,23.2,1,0.0,27634,187.21,4.48,1.12,0.35,2,0.0,-1.0,대기,-2.16,40.03,Medium,RiskOn
LG,003550,KOSPI,복합기업,복합기업,38.96,41,48.4,-0.64,상승장 (보수적 반영),99100,0.81,0.2829812535168876,-0.13480294633393095,-0.010931847625528351,0.003476024968266223,12,0,105.9,0.7,73.9,177.7,1,0.0,152834,21.41,2.64,0.0,0.35,2,0.0,-1.4,회피,7.36,35.61,Medium,RiskOn
티에프이,425420,KOSDAQ,반도체와반도체장비,반도체와반도체장비,38.65,36,55.12,2.05,상승장 (보수적 반영),67000,0.9,2.457718856521214,-0.48694146017164264,-1.9898730206696482,-0.9575556750876344,3,0,110.4,8.7,60.9,171.7,1,0.0,8273,42.57,19.3,1.12,0.35,2,0.0,0.6,대기,4.75,37.57,Medium,RiskOn
동진쎄미켐,005290,KOSDAQ,반도체와반도체장비,반도체와반도체장비,38.47,36,51.92,0.77,상승장 (보수적 반영),56600,-3.08,4.60007428782516,-0.11925100512009895,-4.906099297275008,-0.9374515497749218,2,0,105.0,8.8,61.2,46.7,1,0.0,29101,29.37,9.52,1.12,0.35,2,0.0,1.7,관심,1.77,38.44,Medium,RiskOn
크래프톤,259960,KOSPI,게임엔터테인먼트,게임엔터테인먼트,38.26,35,55.4,2.16,상승장 (보수적 반영),265000,-4.5,-0.3568276036360163,0.1958657507641365,-0.04029525518976057,-0.02983870351502802,0,7,104.2,2.1,57.4,245.9,1,0.0,125632,17.17,10.6,0.0,0.35,2,0.0,1.1,대기,8.0,35.09,Medium,RiskOn
NHN,181710,KOSPI,IT서비스,IT서비스,38.26,38,51.4,0.56,상승장 (보수적 반영),41000,-2.61,0.024234931863876683,0.6014422741827389,0.1318555849281406,-0.02978271278576216,0,9,103.0,0.7,60.7,109.2,1,0.2086,13429,42.98,2.2,0.0,0.35,2,0.0,-0.3,회피,-6.27,40.2,Medium,RiskOn
제일기획,030000,KOSPI,광고,광고,37.68,36,54.2,1.68,상승장 (보수적 반영),20050,1.26,-0.7012533724963149,-0.28091894173242,0.03269765325587445,-0.11100619526575914,0,1,102.2,1.6,70.9,188.0,1,0.0,23066,11.11,13.7,0.0,0.35,2,0.0,0.0,대기,8.0,31.87,Medium,RiskOn
SKC,011790,KOSPI,화학,화학,37.56,40,42.4,-3.04,상승장 (보수적 반영),118000,-4.07,1.5429555040841445,0.2557498131363992,0.007975900190220432,0.036935316101600085,5,0,110.4,10.0,66.8,46.6,1,0.2835,44685,-6.48,-73.28,0.0,0.35,2,0.0,0.6,대기,1.12,27.9,Medium,RiskOn
에이피알,278470,KOSPI,화장품,화장품,37.54,35,53.6,1.44,상승장 (보수적 반영),424500,-5.88,2.0989348686487337,-0.031702756016989145,-0.45196911121598243,-0.7622101557338368,1,0,105.7,3.1,66.0,176.8,1,0.0,158925,55.1,75.3,0.0,0.35,2,0.0,1.1,대기,8.0,29.49,Medium,RiskOn
이엔에프테크놀로지,102710,KOSDAQ,반도체와반도체장비,반도체와반도체장비,37.45,36,52.12,0.85,상승장 (보수적 반영),57900,-3.98,3.5452563399008827,-0.3278327873806358,-0.7345198960473831,-0.7033057113501753,3,0,107.0,5.1,68.6,63.9,1,0.0,8273,15.93,12.29,1.12,0.35,2,0.0,0.6,대기,8.0,35.67,Medium,RiskOn
미래에셋벤처투자,100790,KOSDAQ,창업투자,창업투자,37.4,38,51.0,0.4,상승장 (보수적 반영),52400,-8.07,0.2331686514351403,-0.16278376441426878,0.2567117164205913,0.0073536103028343566,3,0,121.3,35.5,68.8,33.7,1,0.0,27837,90.03,8.47,0.0,0.35,2,0.0,-1.0,대기,0.42,38.61,Medium,RiskOn
아이티센글로벌,124500,KOSDAQ,IT서비스,IT서비스,36.96,35,53.4,1.36,상승장 (보수적 반영),54100,-1.28,0.7778766289628803,0.05919927114863789,-1.2376132109287876,-0.045043101800223036,0,0,107.7,6.6,60.8,71.5,1,0.0,12554,26.92,45.89,0.0,0.35,2,0.0,0.6,대기,4.23,35.65,Medium,RiskOn
동성화인텍,033500,KOSDAQ,화학,화학,36.84,35,54.6,1.84,상승장 (보수적 반영),29000,-0.85,0.38255315051167066,-0.23154913763366677,0.45896913303437964,0.5683574680924457,6,0,106.1,3.8,64.7,55.5,1,0.0,8697,15.57,24.23,0.0,0.35,2,0.0,0.0,대기,8.0,33.54,Medium,RiskOn
RFHIC,218410,KOSDAQ,통신장비,통신장비,36.66,34,52.4,0.96,상승장 (보수적 반영),94300,2.95,1.4631497124600639,0.013983765974440895,-0.4929427436102236,-0.27897491214057507,2,2,101.1,10.3,54.0,75.1,1,0.0,25040,87.15,8.84,0.0,0.35,2,0.0,1.7,관심,1.34,36.56,Medium,RiskOn
가온칩스,399720,KOSDAQ,반도체와반도체장비,반도체와반도체장비,36.61,39,42.52,-2.99,상승장 (보수적 반영),70400,-1.81,0.7473058895555283,0.6460444349210236,0.14789671850128566,0.027185502632545613,0,0,107.0,17.6,57.9,48.9,1,0.0,8167,-56.82,-23.17,1.12,0.35,2,0.0,0.6,대기,-0.45,38.43,Medium,RiskOn
하나마이크론,067310,KOSDAQ,반도체와반도체장비,반도체와반도체장비,36.45,36,52.12,0.85,상승장 (보수적 반영),39700,-1.12,4.333831855908437,-0.06598434586523155,-0.3994152959902979,-0.07282666376108543,3,0,113.0,16.3,74.3,52.5,1,0.0,26386,69.04,9.89,1.12,0.35,2,0.0,-0.4,대기,0.3,38.77,Medium,RiskOn
F&F,383220,KOSPI,"섬유,의류,신발,호화품","섬유,의류,신발,호화품",36.38,33,59.2,3.68,상승장 (보수적 반영),66900,-1.04,0.6071259452920748,-0.10946638311156202,-0.2513041713817458,-0.41332012720958367,13,1,102.3,0.9,65.6,82.7,1,0.0,25627,6.43,23.16,0.0,0.35,2,0.0,-0.3,회피,2.06,35.99,Medium,RiskOn
iM금융지주,139130,KOSPI,은행,은행,36.0,36,50.0,0.0,상승장 (보수적 반영),19100,0.53,0.14295616969262362,-0.2029505547768832,-0.1367747977443854,0.24479822517031194,3,0,104.4,1.9,75.9,183.1,1,0.0,30679,7.08,7.27,0.0,0.35,2,0.0,0.0,대기,6.72,33.78,Medium,RiskOn
현대엘리베이터,017800,KOSPI,기계,기계,35.94,31,59.6,3.84,상승장 (보수적 반영),98700,-0.3,0.35320081640058054,0.07408573242794941,-0.155472164627825,-0.16844167271407837,0,4,103.3,2.1,67.9,82.4,1,0.0,38584,14.72,20.11,0.0,0.35,2,0.0,1.1,대기,1.74,35.62,Medium,RiskOn
서진시스템,178320,KOSDAQ,전기장비,전기장비,35.81,39,44.52,-2.19,상승장 (보수적 반영),59500,4.94,2.2079693919033367,-0.5419711379933374,-0.6605172802213314,-1.048771596747784,2,2,119.1,27.8,70.5,97.0,1,0.0,35422,-33.06,-12.63,1.12,0.35,2,0.0,-1.0,대기,-5.81,38.54,Medium,RiskOn
교보증권,030610,KOSPI,증권,증권,35.81,35,55.52,2.21,상승장 (보수적 반영),13630,-3.06,0.015997737719693556,0.20671908774866415,-0.003922703276894354,-0.011743377325693685,0,30,103.5,0.7,69.9,64.7,1,0.3024,15533,10.87,6.96,1.12,0.35,2,0.0,-1.4,회피,0.02,37.77,Medium,RiskOn
에스앤에스텍,101490,KOSDAQ,반도체와반도체장비,반도체와반도체장비,35.65,33,55.12,2.05,상승장 (보수적 반영),100700,-0.89,1.4963868599888288,0.8224724492645689,0.10338678551480172,0.17176966579780303,3,0,103.0,4.9,68.3,91.8,1,0.0,21484,37.05,21.24,1.12,0.35,2,0.0,0.6,대기,-5.64,38.74,Medium,RiskOn
대덕전자,353200,KOSPI,전자장비와기기,PCB;반도체,35.61,37,47.52,-0.99,상승장 (보수적 반영),112800,-2.25,0.8969401546410247,0.05819746510710057,-0.3588949840335833,0.564384987980338,0,0,117.8,12.5,71.6,70.3,1,0.0,55742,122.08,5.37,1.12,0.35,2,0.0,-0.4,대기,1.64,36.38,Medium,RiskOn
LG전자,066570,KOSPI,전자제품,전자제품,35.56,37,47.4,-1.04,상승장 (보수적 반영),140900,3.76,0.5530491557991696,-0.17364200874047414,0.04273817007760112,-0.1577959757218734,1,1,114.0,6.6,74.8,303.6,1,0.0,229507,26.48,4.28,0.0,0.35,2,0.0,-0.4,대기,8.0,24.4,Medium,RiskOn
DB하이텍,000990,KOSPI,반도체와반도체장비,반도체와반도체장비,35.53,35,52.32,0.93,상승장 (보수적 반영),158500,3.87,-3.4915900108766587,0.0977729794793706,1.398040611993329,0.12029901094916975,0,1,135.2,7.7,82.9,74.5,1,0.0533,68955,27.41,12.52,1.12,0.35,2,0.0,-0.4,대기,1.87,35.45,Medium,RiskOn
HD현대,267250,KOSPI,조선,조선,35.53,34,56.32,2.53,상승장 (보수적 반영),310500,3.16,-0.11669669227068503,0.09056571222388024,-0.1373323813367907,0.047879654998083776,0,6,117.8,1.3,76.9,152.2,1,0.0,245274,25.48,10.25,1.12,0.35,2,0.0,-1.0,대기,2.18,36.39,Medium,RiskOn
KT&G,033780,KOSPI,담배,담배,35.52,35,54.8,1.92,상승장 (보수적 반영),178300,1.02,0.4873441868654264,-0.15357359195570944,-0.07024085235831523,-0.031382188410900486,16,3,105.7,0.9,81.7,81.5,1,0.0,204468,19.87,11.77,0.0,0.35,2,0.0,-1.4,회피,-0.11,35.8,Medium,RiskOn
산일전기,062040,KOSPI,전기장비,전기장비,35.49,34,54.72,1.89,상승장 (보수적 반영),266000,20.36,0.5665138129620079,0.5089012586261942,0.09149459834475307,0.05366938775510204,1,0,140.8,13.5,86.9,517.1,1,0.0,81438,54.39,29.21,1.12,0.35,2,0.0,-0.4,대기,4.5,35.72,Medium,RiskOn
한전KPS,051600,KOSPI,전기유틸리티,전기유틸리티,35.31,32,55.52,2.21,상승장 (보수적 반영),62200,-1.89,-0.05726957484816006,-0.01637161128974634,-0.24284225794926761,-0.08526965702036442,0,5,103.9,2.1,64.5,99.9,1,0.0,27990,22.53,9.29,1.12,0.35,2,0.0,1.1,대기,-0.5,36.63,Medium,RiskOn
네오셈,253590,KOSDAQ,반도체와반도체장비,반도체장비;테스트,35.17,36,47.92,-0.83,상승장 (보수적 반영),18670,-2.4,0.906831166056166,0.038740498168498165,-0.6803654029304029,-0.258472326007326,2,0,108.8,23.7,70.6,62.0,1,0.0,8190,153.03,4.55,1.12,0.35,2,0.0,0.0,대기,1.7,35.35,Medium,RiskOn
대한전선,001440,KOSPI,전기장비,전력망;전선,35.12,37,47.8,-0.88,상승장 (보수적 반영),56300,9.96,2.878445378679623,0.19498520386777174,0.15635654472706487,0.005866441364199295,3,1,146.2,54.0,87.1,168.1,1,0.0,104970,124.56,5.48,0.0,0.35,2,0.0,-1.0,대기,1.34,35.5,Medium,RiskOn
SK이터닉스,475150,KOSPI,에너지장비및서비스,에너지장비및서비스,35.08,36,51.2,0.48,상승장 (보수적 반영),58000,-1.69,0.4723686471987449,-0.9886156283212714,-1.3323791082544663,-0.14287721038514095,0,1,101.6,24.8,35.5,242.1,0,0.0,19759,63.74,11.93,0.0,0.35,2,0.0,-1.4,회피,-8.0,39.02,Medium,RiskOn
에스피지,058610,KOSDAQ,전기제품,전기제품,34.61,35,47.52,-0.99,상승장 (보수적 반영),127600,-1.92,-1.74416639691851,-0.05824305251254506,-1.109548229556859,-0.09170432539402078,0,0,110.6,13.2,65.4,91.0,1,0.0,28298,309.71,3.57,1.12,0.35,2,0.0,0.6,대기,0.94,36.0,Medium,RiskOn
대주전자재료,078600,KOSDAQ,전자장비와기기,2차전지;소재,34.24,35,50.6,0.24,상승장 (보수적 반영),158500,-4.86,0.08283671379814725,-0.2527004103689257,-0.5053029700958882,0.08301834064683894,1,0,115.0,23.9,60.8,37.7,1,0.0,24612,118.73,8.6,0.0,0.35,2,0.0,-1.0,대기,-0.28,34.85,Medium,RiskOn
SFA반도체,036540,KOSDAQ,반도체와반도체장비,반도체와반도체장비,34.01,37,42.52,-2.99,상승장 (보수적 반영),8300,-3.71,1.51031133992674,0.0382467956043956,0.10633027765567765,-0.0031898087912087913,0,0,109.9,65.1,62.1,27.1,1,0.0,13650,-71.55,-3.93,1.12,0.35,2,0.0,0.0,대기,1.65,34.29,Medium,RiskOn
기가비스,420770,KOSDAQ,반도체와반도체장비,반도체와반도체장비,33.93,35,48.32,-0.67,상승장 (보수적 반영),103900,-4.77,-1.4746944419134398,0.8707811009870919,0.7558711617312073,0.07747918754745635,0,1,114.5,5.5,68.6,57.8,1,0.4901,13170,85.23,7.42,1.12,0.35,2,0.0,-0.4,대기,0.47,34.86,Medium,RiskOn
로보티즈,108490,KOSDAQ,기계,로봇;자동화,33.88,36,47.2,-1.12,상승장 (보수적 반영),316500,-3.65,0.7081523313716613,0.21442631873935633,-0.16546941085171055,-0.014655597232102437,0,1,115.3,21.1,63.5,54.1,1,0.0,46389,839.52,2.49,0.0,0.35,2,0.0,-1.0,대기,-0.81,34.06,Medium,RiskOn
LIG디펜스앤에어로스페이스,079550,KOSPI,우주항공과국방,우주항공과국방,33.86,30,55.4,2.16,상승장 (보수적 반영),941000,-2.79,-0.18921709979712106,0.1486119601970824,0.09552399768138345,0.02811294560911989,2,2,103.1,6.4,55.6,82.1,1,0.0,207020,81.71,19.2,0.0,0.35,2,0.0,1.7,관심,-6.29,37.23,Medium,RiskOn
두산테스나,131970,KOSDAQ,반도체와반도체장비,반도체와반도체장비,33.69,35,47.72,-0.91,상승장 (보수적 반영),130700,-0.91,-0.10569765646648985,-0.632198685721072,-0.726215046910257,0.5368888246704405,1,0,121.7,10.6,75.0,72.1,1,0.0,25261,1675.64,0.35,1.12,0.35,2,0.0,-0.4,대기,0.3,34.37,Medium,RiskOn
에스에프에이,056190,KOSDAQ,기계,기계,33.56,35,46.4,-1.44,상승장 (보수적 반영),31400,-1.72,0.44611623946784923,-0.2017189933481153,-0.044526780487804875,0.020673729490022174,0,0,105.9,1.7,69.2,189.3,1,0.0,11275,20.47,6.11,0.0,0.35,2,0.0,0.0,대기,8.0,29.05,Medium,RiskOn
유진로봇,056080,KOSDAQ,기계,기계,33.26,35,41.4,-3.44,상승장 (보수적 반영),26650,-1.11,-2.3319710163048915,-0.061960008002400715,-1.1575356406922077,-0.0043873311993598086,0,0,105.5,16.1,56.9,80.6,1,0.0,9997,-143.28,-21.68,0.0,0.35,2,0.0,1.7,관심,-6.88,36.61,Medium,RiskOn
두산로보틱스,454910,KOSPI,기계,기계,33.16,37,41.4,-3.44,상승장 (보수적 반영),110200,7.83,-0.25323298381677684,-0.020448202486280657,0.27380480176951505,0.05690920735804681,0,0,118.9,5.5,83.3,436.5,1,0.0,71432,-128.74,-14.78,0.0,0.35,2,0.0,-0.4,대기,4.44,32.11,Medium,RiskOn
태성,323280,KOSDAQ,전자장비와기기,전자장비와기기,33.16,37,41.4,-3.44,상승장 (보수적 반영),79500,-7.23,-0.8271626575500454,0.0012445011944970756,0.46580964247466844,0.0039146016970096386,0,0,123.1,13.0,68.1,45.0,1,0.0,24278,-935.29,-3.0,0.0,0.35,2,0.0,-0.4,대기,-1.96,34.5,Medium,RiskOn
큐로셀,372320,KOSDAQ,생물공학,생물공학,33.06,32,48.4,-0.64,상승장 (보수적 반영),58100,-10.62,-0.40092881019830023,-0.0037821189801699718,0.7009153767705383,-0.32949631728045325,0,0,99.7,9.7,58.0,385.6,1,0.3013,8825,-17.98,55.22,0.0,0.35,2,0.0,1.7,관심,1.83,33.81,Medium,RiskOn
씨아이에스,222080,KOSDAQ,전기제품,전기제품,33.01,35,47.52,-0.99,상승장 (보수적 반영),17170,-7.94,-2.529025666042681,-0.04737408461250468,0.03547833470610258,0.02222954249344815,0,0,121.4,94.9,70.4,46.4,1,0.0,13355,46.28,5.83,1.12,0.35,2,0.0,-1.0,대기,0.25,33.43,Medium,RiskOn
DN오토모티브,007340,KOSPI,자동차부품,자동차부품,32.88,31,57.2,2.88,상승장 (보수적 반영),48050,12.27,-0.34238810557017857,0.003416650067581988,0.33803813402575233,0.32379768087074057,0,1,123.7,2.6,70.1,247.9,1,0.0,28114,9.99,15.02,0.0,0.35,2,0.0,-1.0,대기,7.53,32.1,Medium,RiskOn
뉴로메카,348340,KOSDAQ,기계,기계,32.66,35,41.4,-3.44,상승장 (보수적 반영),64800,-1.37,-2.689999363375359,0.0,-2.015408862813631,-0.010669342154537511,0,0,102.0,25.7,57.5,73.8,1,0.0,8011,-33.13,-177.53,0.0,0.35,2,0.0,1.1,대기,-4.15,32.11,Medium,RiskOn
아주IB투자,027360,KOSDAQ,창업투자,벤처투자;AI,32.56,35,46.4,-1.44,상승장 (보수적 반영),15000,-9.53,-0.31835441063174114,1.0290556900726392e-06,0.002536302553378825,0.02401970559101915,0,0,121.1,115.8,62.0,47.1,1,0.0387,18172,217.39,3.15,0.0,0.35,2,0.0,-1.0,대기,-7.54,35.87,Medium,RiskOn
오리온,271560,KOSPI,식품,식품,32.42,29,55.8,2.32,상승장 (보수적 반영),143600,-1.64,0.6079964983971536,-0.13174322577236058,-0.0926534681368232,-0.1289454539049565,0,3,105.3,1.2,67.2,61.5,1,0.0,56774,14.83,10.51,0.0,0.35,2,0.0,1.1,대기,2.2,32.56,Medium,RiskOn
유진테크,084370,KOSDAQ,반도체와반도체장비,반도체와반도체장비,32.31,30,51.52,0.61,상승장 (보수적 반영),130000,-7.14,0.1675416065254607,-0.431483870967742,0.025520838508274312,-0.03337610352119767,0,0,99.9,5.6,54.3,206.7,1,0.0,29791,70.16,9.81,1.12,0.35,2,0.0,1.7,관심,4.52,32.29,Medium,RiskOn
현대제철,004020,KOSPI,철강,철강,32.16,35,41.4,-3.44,상승장 (보수적 반영),42550,-6.99,-0.40698352441837937,0.18115949613427026,0.15811793469646537,-0.19077333791232984,0,0,106.9,8.2,65.9,78.7,1,0.0,56781,-818.27,-0.04,0.0,0.35,2,0.0,0.6,대기,-8.0,36.42,Medium,RiskOn
롯데케미칼,011170,KOSPI,화학,화학,32.12,35,43.8,-2.48,상승장 (보수적 반영),113900,-3.47,-0.14144850269904147,0.5278076660988075,0.17171393239055027,0.353046222368178,0,3,122.7,6.5,74.9,96.5,1,0.0,48721,-2.39,-15.13,0.0,0.35,2,0.0,-0.4,대기,-6.41,36.14,Medium,RiskOn
이마트,139480,KOSPI,백화점과일반상점,백화점과일반상점,32.08,32,50.2,0.08,상승장 (보수적 반영),106700,-1.3,2.6042088436067243,-0.04008653761249788,-0.9824186245542537,-0.3335429139072848,3,4,107.1,3.4,78.1,132.2,1,0.0,29445,21.68,1.27,0.0,0.35,2,0.0,0.0,대기,8.0,28.87,Medium,RiskOn
한화투자증권,003530,KOSPI,증권,증권,31.87,31,47.92,-0.83,상승장 (보수적 반영),7510,-4.09,0.02260575932476882,0.20555951778067397,-0.1064165816421523,-0.01319847142059207,2,0,101.5,10.5,59.2,60.4,1,0.0,16113,16.15,5.41,1.12,0.35,2,0.0,1.7,관심,-8.0,40.28,Medium,RiskOn
휴림로봇,090710,KOSDAQ,기계,기계,31.56,35,41.4,-3.44,상승장 (보수적 반영),12620,-2.25,-1.7897552922056383,0.0,0.003396486898839138,-0.006551938308457712,0,0,109.0,92.7,61.7,48.5,1,0.4473,15075,-85.27,-13.42,0.0,0.35,2,0.0,0.0,대기,0.05,33.43,Medium,RiskOn
롯데에너지머티리얼즈,020150,KOSPI,전자장비와기기,전자장비와기기,31.56,35,42.4,-3.04,상승장 (보수적 반영),66700,-2.34,0.29954708972743926,0.9174094107879066,0.19479326471598718,0.3308102639715987,1,1,123.1,5.1,81.1,81.0,1,0.0,34928,-21.76,-10.54,0.0,0.35,2,0.0,-0.4,대기,8.0,22.16,Medium,RiskOn
클로봇,466100,KOSDAQ,기계,기계,31.56,35,41.4,-3.44,상승장 (보수적 반영),49950,-3.01,1.4235932727844618,-0.32134265550051117,0.7048697491546748,-0.04534589132657073,0,0,105.4,19.1,47.7,49.7,0,0.0,12717,-574.14,-3.58,0.0,0.35,2,0.0,0.0,대기,2.43,31.69,Medium,RiskOn
레인보우로보틱스,277810,KOSDAQ,기계,기계,31.44,31,49.6,-0.16,상승장 (보수적 반영),664000,0.0,-1.6836226992198116,0.0500385669370803,0.057439979816015216,-0.02618906959593215,0,4,109.6,5.6,76.9,98.2,1,0.0,128815,9095.89,1.07,0.0,0.35,2,0.0,0.6,대기,0.97,32.67,Medium,RiskOn
서부T&D,006730,KOSDAQ,"호텔,레스토랑,레저","호텔,레스토랑,레저",31.32,30,51.8,0.72,상승장 (보수적 반영),14970,-5.55,-0.8485250432098767,0.17377150823045268,0.18708117283950618,-0.08754253497942387,0,3,108.5,8.6,63.0,129.1,1,0.0219,9720,12.41,7.68,0.0,0.35,2,0.0,0.6,대기,-5.01,34.09,Medium,RiskOn
휴젤,145020,KOSDAQ,생물공학,생물공학,31.26,28,55.4,2.16,상승장 (보수적 반영),252500,-3.99,1.2579033249645937,-0.2812972994721257,-0.44218456289429636,-0.01383978691901635,16,0,98.0,1.5,52.1,158.3,1,0.0,31068,22.25,16.06,0.0,0.35,2,0.0,1.1,대기,-3.14,33.54,Medium,RiskOn
LG이노텍,011070,KOSPI,전자장비와기기,카메라모듈;IT부품,31.24,33,46.6,-1.36,상승장 (보수적 반영),573000,-3.21,-2.196935478162123,0.8422598386585357,0.6887113882887334,0.11990636959583521,1,0,133.3,7.6,81.8,69.3,1,0.0452,135613,39.74,6.14,0.0,0.35,2,0.0,-0.4,대기,7.67,28.94,Medium,RiskOn
포스코DX,022100,KOSPI,IT서비스,IT서비스,31.22,29,52.8,1.12,상승장 (보수적 반영),34900,-3.99,-0.4907111741424802,0.010182587636637768,-0.015024339427063702,-0.001261600075386355,0,3,104.4,2.1,64.0,95.6,1,0.0,53060,101.75,9.53,0.0,0.35,2,0.0,1.1,대기,8.0,28.66,Medium,RiskOn
OCI홀딩스,010060,KOSPI,화학,태양광;신재생,31.16,35,41.4,-3.44,상승장 (보수적 반영),368000,-0.94,-1.4246345515675487,-0.34370979535993945,0.05704365994236311,0.226430448577999,0,0,133.8,15.3,70.3,64.5,1,0.0,68706,-77.12,-2.27,0.0,0.35,2,0.0,-0.4,대기,-4.51,32.67,Medium,RiskOn
대우건설,047040,KOSPI,건설,건설,31.01,35,42.52,-2.99,상승장 (보수적 반영),35000,-5.15,1.3490872142569081,-0.32882135254279715,-0.27936307089515916,-0.07902421734414329,0,0,125.8,36.4,81.7,33.8,1,0.0,143818,-15.95,-23.89,1.12,0.35,2,0.0,-1.0,대기,8.0,24.75,Medium,RiskOn
제룡전기,033100,KOSDAQ,전기장비,전기장비,30.81,30,54.52,1.81,상승장 (보수적 반영),70400,6.51,-0.42619434471170853,-0.09248352493809693,-0.1292653784931022,-0.06550721170852494,0,0,133.6,29.5,90.0,163.7,1,0.0,11308,19.26,26.93,1.12,0.35,2,0.0,-1.0,대기,0.19,32.46,Medium,RiskOn
필옵틱스,161580,KOSDAQ,전자장비와기기,전자장비와기기,30.16,33,41.4,-3.44,상승장 (보수적 반영),47800,-3.14,-0.4972277376171352,-0.04520800535475235,1.2024482864792503,-0.029503873270861222,0,0,108.3,7.9,63.7,59.3,1,0.1344,11205,-64.95,-14.67,0.0,0.35,2,0.0,0.6,대기,1.01,31.82,Medium,RiskOn
KCC,002380,KOSPI,건축자재,건축자재,29.98,26,57.2,2.88,상승장 (보수적 반영),555000,-3.65,1.223516200324412,-0.7668938564476886,-0.813429703974047,-0.4431212287104623,0,1,104.2,1.6,66.2,91.6,1,0.0,49320,3.21,23.51,0.0,0.35,2,0.0,1.1,대기,4.3,29.99,Medium,RiskOn
성일하이텍,365340,KOSDAQ,전기제품,전기제품,29.97,33,44.92,-2.03,상승장 (보수적 반영),82200,-2.72,-0.35294715503568597,0.8666693398096748,1.2948948453608249,0.12170809873116575,0,3,112.8,3.7,77.2,133.4,1,0.2533,10088,-12.92,-46.96,1.12,0.35,2,0.0,-1.0,대기,1.7,32.08,Medium,RiskOn
KB금융,105560,KOSPI,은행,은행,29.92,28,54.8,1.92,상승장 (보수적 반영),160500,-0.06,-0.15148367982621047,-0.060759152943142415,-0.024154354346827087,-0.00605776095584242,3,1,102.4,1.5,70.9,129.9,1,0.0,598425,10.62,9.98,0.0,0.35,2,0.0,0.0,대기,1.34,30.69,Medium,RiskOn
더블유게임즈,192080,KOSPI,게임엔터테인먼트,게임엔터테인먼트,29.64,27,57.6,3.04,상승장 (보수적 반영),61100,-1.13,0.26120672876246426,0.555318512792765,-0.052008514338718406,0.2604645435572389,1,5,115.9,4.9,78.6,87.3,1,0.0,12937,10.01,11.33,0.0,0.35,2,0.0,-0.4,대기,0.64,32.19,Medium,RiskOn
카카오페이,377300,KOSPI,IT서비스,IT서비스,29.44,31,49.6,-0.16,상승장 (보수적 반영),55700,-1.59,0.02206744145914087,0.058939988982105875,-0.008832604338129877,0.0018905936388254657,0,4,103.1,0.8,69.2,73.0,1,0.0,75332,166.27,2.41,0.0,0.35,2,0.0,-1.4,회피,-0.34,31.94,Medium,RiskOn
에스티팜,237690,KOSDAQ,제약,제약,29.18,27,51.2,0.48,상승장 (보수적 반영),152500,-6.67,1.3912452512033222,-0.22439460471261838,-0.7351598263441029,0.09712507628904898,4,0,104.2,6.1,56.5,101.6,1,0.0,31787,56.36,10.03,0.0,0.35,2,0.0,1.7,관심,0.88,31.03,Low,RiskOn
SNT다이내믹스,003570,KOSPI,자동차부품,자동차부품,28.72,30,46.8,-1.28,상승장 (보수적 반영),59800,2.75,3.1727884385214984,-0.01746427960774453,0.025122107115916517,0.16771640432486798,2,0,108.7,2.5,62.8,162.7,1,0.0,19885,32.29,7.43,0.0,0.35,2,0.0,0.0,대기,-8.0,32.65,Low,RiskOn
LG에너지솔루션,373220,KOSPI,전기제품,전기제품,28.67,31,44.92,-2.03,상승장 (보수적 반영),460500,-2.64,0.10180798880815169,0.1023436514565179,0.15637138979370252,0.014129110869827481,0,3,105.7,0.9,62.8,114.8,1,0.0,1077570,-100.44,-5.19,1.12,0.35,2,0.0,-0.3,회피,8.0,25.91,Medium,RiskOn
피엔티,137400,KOSDAQ,전기제품,전기제품,28.47,26,51.92,0.77,상승장 (보수적 반영),56000,-2.78,1.1924787630964047,0.14845647094294112,-0.009312380342202458,-0.1578042360744705,2,0,104.8,4.6,66.5,78.5,1,0.0,13267,19.38,11.37,1.12,0.35,2,0.0,1.7,관심,1.77,31.17,Low,RiskOn
동원산업,006040,KOSPI,식품,식품,28.46,27,54.4,1.76,상승장 (보수적 반영),38550,0.39,-0.23645282625301134,0.20197544802867382,-0.09256211880839063,-0.055662409659792,1,1,100.0,0.8,55.5,90.1,1,0.8691,17019,4.38,11.61,0.0,0.35,2,0.0,-0.3,회피,1.34,29.07,Medium,RiskOn
이수페타시스,007660,KOSPI,전자장비와기기,전자장비와기기,28.36,27,54.4,1.76,상승장 (보수적 반영),150300,2.95,1.7237245935069878,0.21767485090724525,-0.4319847753185781,0.03278402396360143,1,1,115.1,8.4,70.9,106.8,1,0.0,110334,66.59,29.64,0.0,0.35,2,0.0,-0.4,대기,1.34,29.46,Medium,RiskOn
영원무역,111770,KOSPI,"섬유,의류,신발,호화품","섬유,의류,신발,호화품",28.34,26,56.6,2.64,상승장 (보수적 반영),82900,-1.54,0.13518938313279252,-0.07898824250013611,-0.0730929574780857,-0.040362067839059185,0,4,99.6,0.8,57.1,155.6,1,0.0,36734,7.46,12.66,0.0,0.35,2,0.0,-0.3,회피,6.66,27.14,Low,RiskOn
한국카본,017960,KOSPI,조선,조선,28.23,24,56.32,2.53,상승장 (보수적 반영),49550,-1.69,1.427928827594194,-0.061832062615812235,-1.332700135114268,-0.28248111102532425,9,0,100.8,6.8,57.7,54.6,1,0.0,25904,25.28,19.3,1.12,0.35,2,0.0,1.7,관심,-8.0,35.58,Low,RiskOn
오리온홀딩스,001800,KOSPI,식품,식품,28.16,29,51.4,0.56,상승장 (보수적 반영),25850,2.17,0.33650816969247865,-0.19950196369025566,0.048246998888477215,0.029421007780659505,2,2,106.6,1.0,69.9,122.8,1,0.0,16194,13.39,5.01,0.0,0.35,2,0.0,-1.4,회피,0.57,30.19,Medium,RiskOn
LX인터내셔널,001120,KOSPI,무역회사와판매업체,무역회사와판매업체,28.14,26,52.6,1.04,상승장 (보수적 반영),53400,-5.82,1.3934313049570006,-0.0515782466905015,-0.31856830853222534,-0.04644428688762199,0,4,104.2,2.4,49.1,167.0,1,0.0,20698,14.59,5.22,0.0,0.35,2,0.0,1.1,대기,5.59,26.34,Low,RiskOn
GS리테일,007070,KOSPI,백화점과일반상점,백화점과일반상점,28.06,29,48.4,-0.64,상승장 (보수적 반영),23500,-0.21,0.632069001934039,-0.11167613243078175,-0.046343716917752444,0.12040968546416937,2,2,102.6,0.8,62.1,92.5,1,0.0,19648,45.28,1.34,0.0,0.35,2,0.0,-0.3,회피,0.64,28.73,Low,RiskOn
비에이치아이,083650,KOSDAQ,에너지장비및서비스,에너지장비및서비스,28.06,25,53.4,1.36,상승장 (보수적 반영),97500,-2.4,-0.5966217593052932,-0.5451301415266315,-1.6097445759172717,-0.05710751052335024,0,0,102.0,7.0,56.1,65.0,1,0.0,30171,46.27,44.36,0.0,0.35,2,0.0,1.7,관심,-8.0,33.9,Low,RiskOn
삼성중공업,010140,KOSPI,조선,조선,28.01,27,52.52,1.01,상승장 (보수적 반영),32350,-1.97,-0.3831765257482085,0.21374296227342984,-0.06369492992131516,-0.11113057643670086,1,1,108.0,3.9,63.4,41.7,1,0.0,284680,52.18,13.74,1.12,0.35,2,0.0,0.0,대기,1.82,29.94,Low,RiskOn
HLB,028300,KOSDAQ,건강관리장비와용품,건강관리장비와용품,27.98,30,42.2,-3.12,상승장 (보수적 반영),60800,-3.49,1.431703518934809,0.010419121316173018,0.23190174402806255,0.0155170870284825,4,0,102.0,1.6,64.0,95.1,1,0.0,80962,-36.26,-44.32,0.0,0.35,2,0.0,1.1,대기,-2.31,24.46,Low,RiskOn
티씨케이,064760,KOSDAQ,반도체와반도체장비,반도체와반도체장비,27.93,27,52.32,0.93,상승장 (보수적 반영),294000,-6.96,2.1926672498250523,-0.12690621291873308,-0.1631312258496364,-0.047637052362552106,4,0,108.0,3.5,67.2,78.5,1,0.0,32867,49.03,13.5,1.12,0.35,2,0.0,0.0,대기,1.7,20.25,Low,RiskOn
세아베스틸지주,001430,KOSPI,철강,철강,27.88,28,48.2,-0.72,상승장 (보수적 반영),75500,3.28,-0.007015452799527256,0.08906518688137095,-0.5750049120992761,0.0011660695819175654,1,2,108.4,4.3,62.6,219.4,1,0.0,27076,48.18,2.89,0.0,0.35,2,0.0,0.6,대기,-6.01,32.08,Low,RiskOn
이오테크닉스,039030,KOSDAQ,반도체와반도체장비,반도체와반도체장비,27.71,26,51.52,0.61,상승장 (보수적 반영),468000,-9.3,0.43472341514179164,0.025899713814933653,0.7155284537334143,0.037170687711386693,0,0,100.3,3.8,60.2,129.1,1,0.0,57655,100.78,8.9,1.12,0.35,2,0.0,1.1,대기,4.51,27.52,Low,RiskOn
솔브레인홀딩스,036830,KOSDAQ,전기제품,전기제품,27.69,25,57.72,3.09,상승장 (보수적 반영),73000,-8.29,-0.08446994922501336,-0.04196161811865313,-0.2864808257616248,0.3316350146980224,1,0,122.6,5.1,70.0,60.9,1,0.0,14968,3.14,32.06,1.12,0.35,2,0.0,-0.4,대기,7.3,26.64,Low,RiskOn
에스엘,005850,KOSPI,자동차부품,자동차부품,27.46,25,53.4,1.36,상승장 (보수적 반영),62900,-5.41,-0.37842246714129246,-0.16589367127601315,0.037053888280394305,0.0582650088992333,0,0,104.6,2.2,60.1,76.3,1,0.0,29216,9.4,12.81,0.0,0.35,2,0.0,1.1,대기,7.38,25.05,Low,RiskOn
하나머티리얼즈,166090,KOSDAQ,반도체와반도체장비,반도체와반도체장비,27.37,26,51.92,0.77,상승장 (보수적 반영),75500,-5.15,1.8041457875703188,-1.1064892043932495,0.37228733592285024,-0.11891150549156175,2,0,112.0,6.8,73.1,70.2,1,0.0,14932,38.92,9.39,1.12,0.35,2,0.0,0.6,대기,-6.92,32.75,Low,RiskOn
일진전기,103590,KOSPI,전기장비,전력망;전선,27.28,26,54.2,1.68,상승장 (보수적 반영),122500,2.42,-0.3217940323547034,0.11047352905931694,0.4045466763673714,0.21773292647436446,0,1,136.4,11.2,90.6,109.0,1,0.0266,58415,56.22,19.08,0.0,0.35,2,0.0,-0.4,대기,0.53,28.43,Low,RiskOn
POSCO홀딩스,005490,KOSPI,철강,철강,27.08,27,51.2,0.48,상승장 (보수적 반영),462000,-1.49,0.6313161438529785,0.15226784504610813,0.28705284952580745,0.02884454487347581,0,6,117.6,4.7,82.5,76.4,1,0.1521,366096,57.14,1.18,0.0,0.35,2,0.0,-0.4,대기,8.0,22.03,Low,RiskOn
삼성전자,005930,KOSPI,반도체와반도체장비,반도체와반도체장비,26.71,25,51.52,0.61,상승장 (보수적 반영),220500,-2.43,0.12367298953443956,-0.016298340956713824,-0.0034881023755717533,0.0015618804497137702,0,0,104.1,1.8,66.8,88.6,1,0.0,12891044,33.59,10.85,1.12,0.35,2,0.0,1.1,대기,-6.69,32.28,Low,RiskOn
한전기술,052690,KOSPI,전기유틸리티,전기유틸리티,26.71,25,51.52,0.61,상승장 (보수적 반영),188600,-2.43,0.6541316218803324,0.33586315497412705,-0.2748084014261338,0.04374942635572881,0,0,105.7,2.7,63.7,61.4,1,0.0,72083,84.42,14.2,1.12,0.35,2,0.0,1.1,대기,-0.44,28.7,Low,RiskOn
GS,078930,KOSPI,석유와가스,석유와가스,26.68,26,54.2,1.68,상승장 (보수적 반영),81900,-0.24,0.35493161449709587,0.07541523693132539,0.046023217430155854,0.13787510315645615,0,6,113.1,1.7,82.4,110.5,1,0.0,76098,9.71,5.55,0.0,0.35,2,0.0,-1.0,대기,-5.01,31.32,Low,RiskOn
HDC,012630,KOSPI,건설,건설,26.51,25,54.52,1.81,상승장 (보수적 반영),28100,-2.43,0.6081402186215523,-0.23175769643176267,-0.15742568952165364,-0.07516902067075713,0,0,103.0,0.8,60.6,78.1,1,0.0,16787,5.58,10.82,1.12,0.35,2,0.0,-0.3,회피,-1.18,29.55,Low,RiskOn
하나금융지주,086790,KOSPI,은행,은행,26.36,25,53.4,1.36,상승장 (보수적 반영),127900,0.63,-0.024735715099909947,-0.09818404176498079,-0.051923927663600405,-0.07224267061063047,0,0,106.1,1.8,82.0,101.4,1,0.0,350916,9.06,9.17,0.0,0.35,2,0.0,0.0,대기,-1.96,29.09,Low,RiskOn
현대차,005380,KOSPI,자동차,자동차,26.26,25,50.4,0.16,상승장 (보수적 반영),531000,-4.5,-0.4921899170762575,-0.09148185491288224,0.0025376389726874064,-0.033741458836124436,0,0,103.4,3.4,60.1,84.5,1,0.0,1087264,15.03,8.41,0.0,0.35,2,0.0,1.1,대기,4.89,26.02,Low,RiskOn
솔브레인,357780,KOSDAQ,반도체와반도체장비,반도체와반도체장비,26.19,26,47.72,-0.91,상승장 (보수적 반영),458000,-4.38,0.06132222253410431,-0.17808711334418684,0.1521282209622186,0.0475666507606804,1,0,105.8,2.2,65.7,86.6,1,0.0,35626,45.06,7.66,1.12,0.35,2,0.0,1.1,대기,8.0,25.01,Low,RiskOn
KIWOOM 200TR,294400,KOSPI,분류안됨,분류안됨,26.16,29,41.4,-3.44,상승장 (보수적 반영),131065,-0.92,0.006027375257405354,0.5753048408046887,0.303999801731876,-0.07070903162785785,0,0,108.2,8.8,83.3,74.7,1,0.0,18939,0.0,0.0,0.0,0.35,2,0.0,0.6,대기,8.0,11.97,Low,RiskOn
원익QnC,074600,KOSDAQ,반도체와반도체장비,반도체와반도체장비,25.85,26,48.12,-0.75,상승장 (보수적 반영),37850,-2.2,2.480095688442211,-0.27014126130653265,-0.4799350552763819,-0.22771624623115577,3,0,108.6,9.0,74.9,50.0,1,0.0,9950,44.22,4.73,1.12,0.35,2,0.0,0.6,대기,-2.47,29.0,Low,RiskOn
HK이노엔,195940,KOSDAQ,제약,제약,25.82,26,46.8,-1.28,상승장 (보수적 반영),52400,-3.5,0.6430615223981138,-0.07576211855843719,-0.029011855843718425,-0.288102758504547,2,0,103.3,3.6,61.5,68.2,1,0.0,14845,19.61,5.87,0.0,0.35,2,0.0,1.1,대기,0.88,27.35,Low,RiskOn
삼성증권,016360,KOSPI,증권,증권,25.39,22,55.72,2.29,상승장 (보수적 반영),107500,-1.1,0.6168418269130607,-0.06945338548719765,-0.24406884310089794,-0.02572654638638305,2,1,100.4,1.8,65.7,97.3,1,0.0,95998,9.53,13.09,1.12,0.35,2,0.0,1.1,대기,-0.8,27.41,Low,RiskOn
코스모신소재,005070,KOSPI,화학,화학,25.34,27,41.6,-3.36,상승장 (보수적 반영),58900,-3.6,0.9176558401063231,-0.044771635229770484,0.08890755507846444,0.050283683484128205,1,0,102.2,4.9,60.1,87.2,1,0.0,19563,-3681.25,-0.11,0.0,0.35,2,0.0,1.7,관심,-5.81,28.75,Low,RiskOn
인텔리안테크,189300,KOSDAQ,통신장비,통신장비,25.34,25,46.6,-1.36,상승장 (보수적 반영),132700,-3.28,3.1807323391115165,-0.78694436100779,-1.81002688609727,-0.16475133693592534,1,0,103.6,6.5,58.7,115.2,1,0.0,14249,190.94,2.81,0.0,0.35,2,0.0,1.7,관심,-6.51,29.96,Low,RiskOn
파라다이스,034230,KOSPI,"호텔,레스토랑,레저","호텔,레스토랑,레저",25.26,25,46.4,-1.44,상승장 (보수적 반영),15850,-1.8,-0.08013588543795123,-1.082676614902602,-1.7562753153521318,-0.42030007900830946,0,0,102.8,4.0,60.3,40.7,1,0.0,14682,15.45,5.62,0.0,0.35,2,0.0,1.7,관심,8.0,20.11,Low,RiskOn
태웅,044490,KOSDAQ,에너지장비및서비스,에너지장비및서비스,25.16,26,46.4,-1.44,상승장 (보수적 반영),53000,-2.03,-0.39824204545454545,0.8479619671821955,-0.1882564221048661,-0.050407487740475286,0,0,106.8,7.7,53.2,43.6,1,0.0,10604,195.57,0.89,0.0,0.35,2,0.0,0.6,대기,-7.39,29.97,Low,RiskOn
현대오토에버,307950,KOSPI,IT서비스,IT서비스,25.16,25,50.4,0.16,상승장 (보수적 반영),450500,-4.96,0.19788519972479662,-0.14175141851147355,0.0336084503622162,-0.005763284633129629,0,0,107.0,3.2,62.1,66.5,1,0.0,123545,67.7,10.27,0.0,0.35,2,0.0,0.0,대기,7.36,23.73,Low,RiskOn
SK이노베이션,096770,KOSPI,석유와가스,석유와가스,25.0,28,45.0,-2.0,상승장 (보수적 반영),146200,-2.4,1.389186454653962,0.09022476462139144,0.14035748578827054,0.10503315530739818,16,2,113.7,3.5,75.9,102.7,1,0.1608,247155,-6.94,-14.42,0.0,0.35,2,0.0,-1.0,대기,-6.41,29.39,Low,RiskOn
현대해상,001450,KOSPI,손해보험,손해보험,24.98,21,57.2,2.88,상승장 (보수적 반영),30400,-3.34,0.5984888809569747,-1.277749743391858,-0.17395300598109203,-0.08176123287671233,0,1,100.3,2.2,51.9,154.8,1,0.0,25915,2.67,20.6,0.0,0.35,2,0.0,1.1,대기,-3.78,28.16,Low,RiskOn
두산밥캣,241560,KOSPI,기계,기계,24.64,26,46.6,-1.36,상승장 (보수적 반영),72000,-3.36,0.1105090718094355,-0.058628896197983074,0.12344898284455778,0.040107044743247944,1,0,102.9,2.2,69.0,112.4,1,0.0,69016,17.27,5.71,0.0,0.35,2,0.0,0.0,대기,-0.6,26.71,Low,RiskOn
삼성SDI,006400,KOSPI,전기제품,전기제품,24.61,28,42.52,-2.99,상승장 (보수적 반영),695000,-2.39,0.6145666658929525,0.2600816104801373,0.20530589534503785,0.016225730222526154,0,0,126.1,6.1,82.8,78.6,1,0.0,560069,-83.48,-3.15,1.12,0.35,2,0.0,-0.4,대기,6.69,24.08,Low,RiskOn
카카오뱅크,323410,KOSPI,은행,은행,24.58,26,47.2,-1.12,상승장 (보수적 반영),24350,-0.81,0.09826695358025116,-0.026426386868539063,0.00537753165374121,-0.019485311028671275,0,1,98.0,0.6,55.5,140.0,1,1.0,116179,24.18,7.23,0.0,0.35,2,0.0,-0.3,회피,8.0,17.99,Low,RiskOn
삼성생명,032830,KOSPI,생명보험,생명보험,24.58,26,47.2,-1.12,상승장 (보수적 반영),249500,-0.99,0.11205781162324649,-0.07743948597194389,0.00269725250501002,-0.016886550100200404,0,1,102.2,0.7,62.7,78.9,1,0.0,499000,21.67,4.96,0.0,0.35,2,0.0,-0.3,회피,-0.28,25.99,Low,RiskOn
현대지에프홀딩스,005440,KOSPI,복합기업,복합기업,24.46,20,58.4,3.36,상승장 (보수적 반영),14350,-3.88,-0.28269454586089754,0.1563723556231003,0.0006195051850527445,0.07810723851242625,0,7,101.3,1.3,53.2,74.7,1,0.3083,22372,5.43,11.18,0.0,0.35,2,0.0,1.1,대기,-3.08,26.93,Low,RiskOn
기업은행,024110,KOSPI,은행,은행,24.42,24,51.8,0.72,상승장 (보수적 반영),22600,0.22,0.022478158119610694,-0.127956221076696,-0.03871852395432199,-0.002408216160427926,0,3,101.6,0.6,66.8,135.8,1,0.0,180218,6.65,7.7,0.0,0.35,2,0.0,-0.3,회피,-0.22,25.61,Low,RiskOn
한국앤컴퍼니,000240,KOSPI,자동차부품,자동차부품,24.42,24,51.8,0.72,상승장 (보수적 반영),24950,-0.8,-0.07145236215485941,-0.010356928143206958,-0.17300975892932535,-0.042882451659207975,0,3,101.1,0.5,61.4,107.1,1,0.0,23686,6.82,7.52,0.0,0.35,2,0.0,-0.3,회피,-2.91,26.44,Low,RiskOn
SK아이이테크놀로지,361610,KOSPI,전기제품,전기제품,24.41,27,43.52,-2.59,상승장 (보수적 반영),26400,-3.3,-0.07469278668025195,-0.17682204520192665,0.025388958873656907,0.020198911633938495,5,0,107.4,1.3,69.7,90.5,1,0.0,21592,-9.43,-8.58,1.12,0.35,2,0.0,0.0,대기,7.08,23.18,Low,RiskOn
SK텔레콤,017670,KOSPI,무선통신서비스,무선통신서비스,24.3,24,48.0,-0.8,상승장 (보수적 반영),95100,-0.52,-0.2428978816733165,0.24645546765231438,0.16933051183511616,-0.029189930237681443,0,2,101.1,1.9,66.2,147.5,1,0.3673,204265,50.03,3.33,0.0,0.35,2,0.0,1.1,대기,-2.9,26.37,Low,RiskOn
HL만도,204320,KOSPI,자동차부품,자동차부품,24.16,25,46.4,-1.44,상승장 (보수적 반영),57100,-1.38,0.08574289337261776,-0.9894697590720919,-0.22052676313728414,-0.12370611830082423,0,0,108.4,5.5,73.7,118.3,1,0.0,26813,26.81,3.82,0.0,0.35,2,0.0,0.6,대기,6.66,22.21,Low,RiskOn
SK가스,018670,KOSPI,가스유틸리티,가스유틸리티,23.96,22,57.4,2.96,상승장 (보수적 반영),289000,1.58,0.1482452809030763,0.25152474488842375,-0.4796881284341943,0.1742210780099428,0,5,114.4,1.9,70.2,135.2,1,0.0,26753,11.35,8.25,0.0,0.35,2,0.0,-1.0,대기,-7.22,28.88,Low,RiskOn
강원랜드,035250,KOSPI,"호텔,레스토랑,레저","호텔,레스토랑,레저",23.78,21,54.2,1.68,상승장 (보수적 반영),17200,0.0,0.052471496548725474,-0.4902323604543725,-0.013803762432740908,-0.05264250258166205,0,1,101.6,1.2,63.0,92.3,1,0.0,36798,11.57,8.11,0.0,0.35,2,0.0,1.1,대기,5.96,22.59,Low,RiskOn
엔켐,348370,KOSDAQ,전기제품,전기제품,23.71,25,42.52,-2.99,상승장 (보수적 반영),44300,-5.94,-2.5275342845369324,-0.009261079633254352,0.09439764602863912,0.07998800350262697,0,0,104.3,9.2,59.5,71.6,1,0.0,9707,-14.05,-14.37,1.12,0.35,2,0.0,1.7,관심,-5.99,27.9,Low,RiskOn
더존비즈온,012510,KOSPI,소프트웨어,소프트웨어,23.7,21,54.0,1.6,상승장 (보수적 반영),120000,0.0,-0.018421725064429458,-0.12402793496737402,-0.023615885288150465,-0.009013173767615288,3,0,100.6,1.7,62.0,47.4,1,0.0,36474,40.91,16.0,0.0,0.35,2,0.0,1.1,대기,-8.0,28.54,Low,RiskOn
LG씨엔에스,064400,KOSPI,IT서비스,IT서비스,23.66,20,56.4,2.56,상승장 (보수적 반영),65000,-2.55,0.2237191025152439,-0.1460196900406504,0.14024773723323172,-0.01876501524390244,0,0,101.3,2.4,62.3,127.9,1,0.0,62976,14.29,17.35,0.0,0.35,2,0.0,1.1,대기,-3.07,26.24,Low,RiskOn
LS마린솔루션,060370,KOSDAQ,건설,건설,23.61,25,47.52,-0.99,상승장 (보수적 반영),38150,0.93,0.10738877766069546,0.058811804405640024,-0.2232442470771238,-0.04329671082342315,0,0,116.0,7.4,67.1,64.5,1,0.0,19929,193.65,2.0,1.12,0.35,2,0.0,-0.4,대기,0.5,25.56,Low,RiskOn
위메이드,112040,KOSDAQ,게임엔터테인먼트,게임엔터테인먼트,23.4,27,42.0,-3.2,상승장 (보수적 반영),24950,-0.4,0.8021087544273908,0.0008206847697756788,0.011947231404958677,0.0036145336481700117,3,0,112.3,4.5,68.2,156.9,1,0.0,8470,-45.53,-4.45,0.0,0.35,2,0.0,-0.4,대기,0.84,24.11,Low,RiskOn
에이치브이엠,295310,KOSDAQ,비철금속,비철금속,23.06,20,53.4,1.36,상승장 (보수적 반영),89000,-0.78,-3.036777139387145,0.44627402840059793,-0.08108739723467863,-0.28256692825112106,0,0,101.3,8.2,51.2,86.2,1,0.0,10704,83.96,16.15,0.0,0.35,2,0.0,1.7,관심,-5.46,26.63,Low,RiskOn
에프에스티,036810,KOSDAQ,반도체와반도체장비,반도체와반도체장비,22.95,24,43.12,-2.75,상승장 (보수적 반영),42500,-1.62,1.031477703510488,-0.06332374198456689,-0.11626858493641995,0.3714437941528095,3,0,100.8,4.7,61.9,79.3,1,0.0,9201,-76.44,-5.05,1.12,0.35,2,0.0,1.7,관심,-2.5,26.4,Low,RiskOn
롯데지주,004990,KOSPI,복합기업,복합기업,22.88,26,42.2,-3.12,상승장 (보수적 반영),30550,-2.4,0.44792337997175424,-0.6350666880152396,-0.004958839951390941,-0.029528781160705488,0,1,106.6,1.6,68.7,77.6,1,0.0,30447,-4.99,-10.51,0.0,0.35,2,0.0,0.0,대기,-1.09,24.66,Low,RiskOn
씨에스윈드,112610,KOSPI,에너지장비및서비스,풍력;신재생,22.8,24,47.0,-1.2,상승장 (보수적 반영),71600,-1.24,1.944443858254678,1.1963986918363967,0.016282301705580395,-0.42756984268918696,3,0,104.6,6.1,43.4,64.5,0,0.0,30195,87.0,3.02,0.0,0.35,2,0.0,0.0,대기,-4.9,26.71,Low,RiskOn
제이앤티씨,204270,KOSDAQ,핸드셋,핸드셋,22.72,26,41.8,-3.28,상승장 (보수적 반영),19340,-2.47,-0.05535275116195924,0.021462622452627814,0.02121389166964605,-0.05499048265999285,2,0,107.1,2.4,67.3,63.5,1,0.0,11188,-12.22,-31.32,0.0,0.35,2,0.0,0.0,대기,7.42,20.75,Low,RiskOn
신한지주,055550,KOSPI,은행,은행,22.68,21,54.2,1.68,상승장 (보수적 반영),99900,-0.1,-0.18635121367413218,-0.07838521025770805,-0.01137465266354549,-0.022839361634822218,0,1,101.8,1.4,74.6,124.6,1,0.0,474180,9.91,8.72,0.0,0.35,2,0.0,0.0,대기,-3.72,25.55,Low,RiskOn
케이뱅크,279570,KOSPI,은행,은행,22.66,21,51.4,0.56,상승장 (보수적 반영),6220,-0.96,0.18201384996433384,0.35967450741063645,0.021853814694459857,-0.08992376912102719,0,11,99.2,2.9,56.5,56.0,1,0.2351,25234,20.73,5.4,0.0,0.35,2,0.0,1.1,대기,-6.64,26.79,Low,RiskOn
IPARK현대산업개발,294870,KOSPI,건설,건설,22.63,21,51.32,0.53,상승장 (보수적 반영),22950,-2.34,0.28348099299219887,-0.03550565251884173,-0.09263966018775618,-0.2978042344307814,0,1,100.8,3.4,60.0,62.2,1,0.0,15126,9.56,5.0,1.12,0.35,2,0.0,1.1,대기,-2.83,26.77,Low,RiskOn
한국타이어앤테크놀로지,161390,KOSPI,자동차부품,자동차부품,22.54,20,53.6,1.44,상승장 (보수적 반영),59200,-3.27,0.04088001199989091,-0.2001782651975891,-0.014115606676302943,-0.044979893364605776,1,0,98.0,1.4,59.5,181.4,1,0.0,73334,6.73,9.39,0.0,0.35,2,0.0,1.1,대기,-3.78,21.95,Low,RiskOn
HD현대중공업,329180,KOSPI,조선,조선,22.45,21,56.12,2.45,상승장 (보수적 반영),685000,-0.72,-0.7909491094377621,0.40715052421194353,0.23802673216650164,0.10333617368397628,0,2,124.1,2.5,83.0,65.7,1,0.0464,718984,43.63,18.82,1.12,0.35,2,0.0,-1.0,대기,8.0,15.73,Low,RiskOn
원익IPS,240810,KOSDAQ,반도체와반도체장비,반도체와반도체장비,22.31,20,51.52,0.61,상승장 (보수적 반영),117100,-3.06,-1.432273359778694,-0.3004302138246603,0.004923894775301425,0.04572519616542269,0,0,98.2,5.2,52.7,87.4,1,0.0,57477,68.4,9.05,1.12,0.35,2,0.0,1.7,관심,-6.75,27.37,Low,RiskOn
파크시스템스,140860,KOSDAQ,전자장비와기기,전자장비와기기,22.16,20,55.4,2.16,상승장 (보수적 반영),289000,0.7,2.286017653167186,-1.1119858824111162,-0.19412389358651042,-0.1381188498244573,10,0,110.1,1.8,73.5,111.1,1,0.0,20223,58.61,16.69,0.0,0.35,2,0.0,0.0,대기,0.42,22.37,Low,RiskOn
티에스이,131290,KOSDAQ,반도체와반도체장비,반도체와반도체장비,21.61,22,51.52,0.61,상승장 (보수적 반영),168800,0.0,-1.2041115681233934,0.34202429841473864,0.7464170094258783,0.2237444890745501,0,0,117.0,3.1,77.9,124.1,1,0.0,18672,48.84,10.42,1.12,0.35,2,0.0,-1.0,대기,-2.02,24.63,Low,RiskOn
대한광통신,010170,KOSDAQ,통신장비,통신장비,21.56,25,41.4,-3.44,상승장 (보수적 반영),15150,0.53,-2.9752554843776533,-0.6683056248938699,-1.0796371480726779,-0.5944922592969945,0,0,97.4,106.8,55.4,110.5,1,0.0,23556,-62.6,-52.05,0.0,0.35,2,0.0,0.0,대기,-4.61,25.15,Low,RiskOn
LG화학우,051915,KOSPI,화학,화학,21.56,25,41.4,-3.44,상승장 (보수적 반영),186700,-3.76,1.94529359804946,0.06809304075235109,-0.3392813305468478,-0.024727544409613375,0,0,107.2,2.7,73.1,79.0,1,0.0,14355,-8.03,0.0,0.0,0.35,2,0.0,0.0,대기,4.12,21.75,Low,RiskOn
NH투자증권,005940,KOSPI,증권,증권,21.51,20,54.52,1.81,상승장 (보수적 반영),33650,-2.75,0.14673881285964474,0.015299902426820115,-0.08980925569176883,-0.025799725627554,0,0,98.6,1.0,63.8,79.7,1,0.0,119910,11.65,11.76,1.12,0.35,2,0.0,-0.3,회피,-2.54,25.23,Low,RiskOn
LS에코에너지,229640,KOSPI,전기장비,전기장비,21.41,20,54.52,1.81,상승장 (보수적 반영),87100,-4.18,1.1368556065831896,-0.2889936904851166,0.15902883144635224,-0.1424962304116368,0,0,153.1,10.2,85.8,81.7,1,0.0,26674,63.39,21.43,1.12,0.35,2,0.0,-0.4,대기,0.24,23.69,Low,RiskOn
HD한국조선해양,009540,KOSPI,조선,조선,21.21,19,55.52,2.21,상승장 (보수적 반영),461500,-2.22,-0.07593488417662224,0.1909333426204312,0.13322799876308103,-0.007985417215217777,5,0,109.5,1.5,73.6,67.3,1,0.1569,326618,15.06,17.78,1.12,0.35,2,0.0,0.0,대기,0.39,22.16,Low,RiskOn
에스티큐브,052020,KOSDAQ,판매업체,판매업체,21.16,25,41.4,-3.44,상승장 (보수적 반영),21100,-4.52,0.12169818181818182,0.0,-0.0036104873117679868,0.06736191648075851,0,0,123.8,5.4,73.1,53.6,1,0.0,14344,-65.73,-26.2,0.0,0.35,2,0.0,-0.4,대기,-0.34,22.16,Low,RiskOn
롯데쇼핑,023530,KOSPI,백화점과일반상점,백화점과일반상점,20.96,23,47.4,-1.04,상승장 (보수적 반영),135300,0.74,-0.5849287367733508,0.5806154225996081,0.37635537295885046,0.23747251469627695,1,1,115.6,3.0,80.5,80.4,1,0.2206,38275,74.26,0.34,0.0,0.35,2,0.0,-1.0,대기,1.34,21.78,Low,RiskOn
현대글로비스,086280,KOSPI,항공화물운송과물류,항공화물운송과물류,20.94,16,59.6,3.84,상승장 (보수적 반영),227000,-4.82,-0.9011406901615272,-0.2760565374449339,0.19202786784140968,0.08824760058737151,0,4,101.7,2.1,56.6,76.3,1,0.0,170250,9.82,18.13,0.0,0.35,2,0.0,1.1,대기,-8.0,26.74,Low,RiskOn
BNK금융지주,138930,KOSPI,은행,은행,20.86,20,49.4,-0.24,상승장 (보수적 반영),18730,-0.69,-0.10212621275204736,-0.9193333633266808,-0.25407835661688805,-0.06459328607804005,0,0,101.2,1.4,64.2,98.0,1,0.0,58124,7.29,7.58,0.0,0.35,2,0.0,1.1,대기,-3.84,23.94,Low,RiskOn
동운아나텍,094170,KOSDAQ,반도체와반도체장비,반도체와반도체장비,20.69,22,47.72,-0.91,상승장 (보수적 반영),51400,8.21,1.8825492882396724,0.0,-0.008591561220692222,0.06237466505396353,1,0,136.7,5.2,86.0,201.2,1,0.0,10748,1048.98,1.45,1.12,0.35,2,0.0,-0.4,대기,3.8,22.39,Low,RiskOn
유일로보틱스,388720,KOSDAQ,기계,기계,20.56,25,41.4,-3.44,상승장 (보수적 반영),105100,3.85,-0.43759782749151993,-0.040021200129219836,-0.09639060733322566,0.005515708286221935,0,0,112.6,3.8,71.0,183.8,1,0.0,12382,-49.16,-26.71,0.0,0.35,2,0.0,-1.0,대기,5.65,19.27,Low,RiskOn
성호전자,043260,KOSDAQ,전기제품,전기제품,20.41,20,54.52,1.81,상승장 (보수적 반영),40900,-6.62,-1.1400489588719964,0.10514997069672838,-0.10474718343848036,-0.10761768538628608,0,0,88.0,12.7,43.2,48.4,0,0.0,29007,30.5,46.27,1.12,0.35,2,0.0,-1.4,회피,-2.3,24.17,Low,RiskOn
아모레퍼시픽,090430,KOSPI,화장품,화장품,20.26,20,46.4,-1.44,상승장 (보수적 반영),135300,-4.31,-0.42879989765102794,-0.03736584197824137,-0.18509139763207438,-0.01424121251942735,0,0,101.0,5.2,50.2,79.9,1,0.0,79141,39.64,4.41,0.0,0.35,2,0.0,1.7,관심,-8.0,26.74,Low,RiskOn
NAVER,035420,KOSPI,양방향미디어와서비스,양방향미디어와서비스,19.66,20,46.4,-1.44,상승장 (보수적 반영),211000,-4.09,-1.006522848751658,-0.5958237431222598,-0.13570547922854492,-0.029290222353826303,0,0,101.0,2.4,58.4,219.0,1,0.0,330959,17.05,7.37,0.0,0.35,2,0.0,1.1,대기,-3.07,21.93,Low,RiskOn
와이지엔터테인먼트,122870,KOSDAQ,방송과엔터테인먼트,방송과엔터테인먼트,19.66,20,46.4,-1.44,상승장 (보수적 반영),54000,-1.82,0.15894684434756762,-0.39161745764391165,-0.8642302585950659,-0.1540394035470128,0,0,101.9,2.3,58.3,169.0,1,0.0,10093,27.36,7.41,0.0,0.35,2,0.0,1.1,대기,-7.31,24.08,Low,RiskOn
풍산,103140,KOSPI,비철금속,비철금속,19.66,20,46.4,-1.44,상승장 (보수적 반영),99200,-2.75,-1.0514142841726617,-0.7368048884892087,-0.0747024964028777,-0.09834325899280576,0,0,98.0,3.2,52.0,171.2,1,0.0,27800,18.89,6.54,0.0,0.35,2,0.0,1.1,대기,-4.65,17.61,Low,RiskOn
코스맥스,192820,KOSPI,화장품,화장품,19.54,17,53.6,1.44,상승장 (보수적 반영),210500,-5.18,0.5573350968984137,1.250812490059018,-0.2542240299694446,-0.16170319367125696,1,0,102.9,3.4,58.5,117.7,1,0.1845,23891,19.41,23.86,0.0,0.35,2,0.0,1.1,대기,-7.91,24.84,Low,RiskOn
CJ,001040,KOSPI,복합기업,복합기업,19.52,20,48.8,-0.48,상승장 (보수적 반영),224500,-1.32,0.3624075142743733,0.08939582760831731,-0.07337574883209673,0.10264391316295686,0,3,108.1,1.5,70.9,75.6,1,0.0,65502,55.86,2.69,0.0,0.35,2,0.0,0.0,대기,1.23,20.53,Low,RiskOn
HD현대일렉트릭,267260,KOSPI,전기장비,전기장비,19.45,18,56.12,2.45,상승장 (보수적 반영),1252000,-0.63,-0.400515703175201,0.08545468968115043,-0.017004701867895683,0.0022034831933704104,0,2,116.0,3.4,78.7,61.3,1,0.0,451310,61.6,41.5,1.12,0.35,2,0.0,-1.0,대기,1.87,21.83,Low,RiskOn
올릭스,226950,KOSDAQ,생명과학도구및서비스,생명과학도구및서비스,19.42,21,41.8,-3.28,상승장 (보수적 반영),172500,-6.55,0.5323871180535724,0.006752584385173339,0.2316097778285453,-0.6593081872180021,2,0,101.3,8.1,51.1,93.5,1,0.0,35018,-222.87,-18.83,0.0,0.35,2,0.0,1.7,관심,-2.03,21.89,Low,RiskOn
한화오션,042660,KOSPI,조선,조선,19.15,16,55.12,2.05,상승장 (보수적 반영),131800,-0.38,0.23898497497851942,-0.004873822405677314,0.014323647713400669,-0.005705835291554105,3,0,102.4,2.7,53.0,60.9,1,0.0,403853,32.42,22.59,1.12,0.35,2,0.0,1.1,대기,-6.38,24.43,Low,RiskOn
하이브,352820,KOSPI,방송과엔터테인먼트,방송과엔터테인먼트,18.98,21,42.2,-3.12,상승장 (보수적 반영),263000,4.16,-1.9925233550048957,-0.7798332906959307,-0.18842111786448362,-0.17852493405905134,0,1,102.8,3.4,49.5,324.1,0,0.0,113359,-46.36,-7.33,0.0,0.35,2,0.0,1.1,대기,8.0,13.78,Low,RiskOn
펄어비스,263750,KOSDAQ,게임엔터테인먼트,게임엔터테인먼트,18.96,22,42.4,-3.04,상승장 (보수적 반영),58900,-1.67,0.8409215844828498,-0.25192898631150573,0.06565320279055019,-0.3524095449500555,5,0,102.6,5.8,42.3,102.5,0,0.0,37842,-449.62,-1.05,0.0,0.35,2,0.0,0.0,대기,-0.28,21.63,Low,RiskOn
씨엠티엑스,388210,KOSDAQ,반도체와반도체장비,반도체와반도체장비,18.79,20,42.72,-2.91,상승장 (보수적 반영),140700,-3.03,0.4830672982612572,-1.1888345816614652,0.1492290384901174,-0.1453354956159905,1,0,100.5,6.3,59.1,79.2,1,0.0,13458,-38.34,-35.89,1.12,0.35,2,0.0,1.7,관심,-8.0,27.49,Low,RiskOn
우리기술,032820,KOSDAQ,우주항공과국방,우주항공과국방,18.56,20,46.4,-1.44,상승장 (보수적 반영),21600,-3.14,-5.44708557106908,0.14070403577130178,-0.2649886286765701,-0.06765339042671212,0,0,97.9,20.5,48.4,39.1,1,0.0,36957,4320.0,0.67,0.0,0.35,2,0.0,0.0,대기,-8.0,23.45,Low,RiskOn
스피어,347700,KOSDAQ,우주항공과국방,우주항공과국방,18.56,20,46.4,-1.44,상승장 (보수적 반영),42200,3.94,-3.6488432727788815,0.08593581701201627,0.7414916051660516,-0.9616494062825243,0,0,97.8,8.2,46.2,196.1,0,0.0,21138,8440.0,0.43,0.0,0.35,2,0.0,0.0,대기,6.72,16.67,Low,RiskOn
리브스메드,491000,KOSDAQ,건강관리장비와용품,건강관리장비와용품,18.52,21,44.8,-2.08,상승장 (보수적 반영),71200,-1.79,0.07259108459503574,-0.04295401587212248,-0.35312138796645465,-0.4937241177463837,1,4,112.3,9.6,57.8,51.9,1,0.0,17767,-69.46,-20.75,0.0,0.35,2,0.0,-0.4,대기,-8.0,31.04,Low,RiskOn
샘씨엔에스,252990,KOSDAQ,반도체와반도체장비,반도체테스트;세라믹기판,18.21,18,51.52,0.61,상승장 (보수적 반영),14260,1.86,-0.9786952532898567,0.4164403423780133,0.9203360824502155,0.02325340514731571,0,0,121.6,6.6,87.6,72.1,1,0.1352,8587,55.27,9.7,1.12,0.35,2,0.0,-0.4,대기,-6.87,24.05,Low,RiskOn
루닛,328130,KOSDAQ,건강관리기술,건강관리기술,18.2,21,44.0,-2.4,상승장 (보수적 반영),41450,0.61,1.7495313313560716,-0.01752383835887296,0.002102483934750371,-0.47045493491514256,9,1,113.6,4.1,73.6,128.7,1,0.0,12138,-27.25,-31.58,0.0,0.35,2,0.0,-0.4,대기,1.76,18.62,Low,RiskOn
대웅,003090,KOSPI,제약,제약,18.16,15,61.4,4.56,상승장 (보수적 반영),22550,-0.66,-0.37711547936846923,0.16205029364655632,-0.009135001144077491,-0.012392128746853786,0,15,98.8,0.5,47.9,79.3,0,0.5199,13111,7.49,16.11,0.0,0.35,2,0.0,-1.4,회피,-1.42,20.54,Low,RiskOn
현대차2우B,005387,KOSPI,자동차,자동차,18.14,16,52.6,1.04,상승장 (보수적 반영),248000,-4.06,-1.142940907151342,-0.6455554946892551,-0.1891036719678011,-0.08773762844391139,0,4,100.6,3.2,53.7,86.8,1,0.0,86711,7.02,0.0,0.0,0.35,2,0.0,1.1,대기,-8.0,24.61,Low,RiskOn
신세계,004170,KOSPI,백화점과일반상점,백화점과일반상점,18.12,19,47.8,-0.88,상승장 (보수적 반영),407000,0.12,1.1262244810363664,-0.1371688387700952,-0.19113100254929505,0.28211510847510535,3,1,111.5,3.7,80.9,94.5,1,0.0,38442,282.64,0.32,0.0,0.35,2,0.0,0.0,대기,2.74,18.01,Low,RiskOn
영원무역홀딩스,009970,KOSPI,"섬유,의류,신발,호화품","섬유,의류,신발,호화품",18.06,15,58.4,3.36,상승장 (보수적 반영),208000,-1.89,-0.1062804508868153,0.3682055345822352,-0.09048509509224303,-0.029602980981551393,0,18,98.3,0.6,48.0,72.1,0,0.3189,28078,7.67,12.83,0.0,0.35,2,0.0,-0.3,회피,-0.45,19.49,Low,RiskOn
파마리서치,214450,KOSDAQ,건강관리장비와용품,건강관리장비와용품,18.06,15,53.4,1.36,상승장 (보수적 반영),313500,-2.64,-0.5135305477096893,-0.2887500307012158,0.06707480351221909,0.024191053665725163,0,0,102.7,4.8,58.1,91.2,1,0.0,32572,22.06,26.88,0.0,0.35,2,0.0,1.7,관심,-7.34,23.13,Low,RiskOn
두산우,000155,KOSPI,복합기업,복합기업,18.04,20,47.6,-0.96,상승장 (보수적 반영),645000,2.54,0.6145962291965705,0.02294789929006479,0.02622167048143694,0.26981976180315786,2,1,115.7,2.6,80.8,130.9,1,0.0,25777,181.9,0.0,0.0,0.35,2,0.0,-1.0,대기,2.04,19.65,Low,RiskOn
알지노믹스,476830,KOSDAQ,생물공학,생물공학,18.04,20,48.6,-0.56,상승장 (보수적 반영),175900,-2.28,-1.2231437984496125,-0.07635744594043248,-1.4648438596491227,-1.2976980579355364,1,0,92.9,14.2,44.3,52.4,0,0.0,24510,-18.75,604.61,0.0,0.35,2,0.0,-1.4,회피,-0.28,19.87,Low,RiskOn
로킷헬스케어,376900,KOSDAQ,건강관리장비와용품,건강관리장비와용품,18.0,21,46.0,-1.6,상승장 (보수적 반영),76500,-6.13,-2.9313819601328905,-5.174418604651163e-05,-1.0872186378737543,-0.2909899418604651,3,0,79.4,10.1,14.7,87.3,0,0.0,12040,-390.31,8.69,0.0,0.35,2,0.0,-1.4,회피,6.72,16.54,Low,RiskOn
S-Oil,010950,KOSPI,석유와가스,석유와가스,17.8,20,47.0,-1.2,상승장 (보수적 반영),134500,0.15,0.6174286004860524,0.10927473980346576,0.17732614380811496,0.2526692261464497,3,0,113.1,3.2,70.5,101.2,1,0.0,151424,88.6,2.01,0.0,0.35,2,0.0,-1.0,대기,-8.0,24.77,Low,RiskOn
LG생활건강,051900,KOSPI,화장품,화장품,17.74,20,41.6,-3.36,상승장 (보수적 반영),254000,-0.2,0.2630777889266234,-0.35020869352680867,0.08027751620870639,0.007431048677575383,1,0,101.7,1.8,57.0,164.9,1,0.0,38868,-44.66,-1.82,0.0,0.35,2,0.0,1.1,대기,0.67,18.93,Low,RiskOn
GST,083450,KOSDAQ,반도체와반도체장비,반도체와반도체장비,17.49,16,54.72,1.89,상승장 (보수적 반영),48500,-2.22,5.486907590334489,-0.7951144870790917,0.14214947421411792,0.2669184360666741,1,0,123.8,9.9,87.5,95.4,1,0.0,8939,19.74,16.15,1.12,0.35,2,0.0,-0.4,대기,-5.3,22.02,Low,RiskOn
오스코텍,039200,KOSDAQ,제약,제약,17.46,15,53.4,1.36,상승장 (보수적 반영),52000,-2.8,1.286524535035689,-0.2958289710465467,-0.06788102191615562,0.6898566477329848,0,0,99.3,3.1,54.1,93.5,1,0.0,19894,38.01,33.87,0.0,0.35,2,0.0,1.1,대기,-2.75,20.9,Low,RiskOn
TIME 글로벌AI인공지능액티브,456600,KOSPI,분류안됨,분류안됨,17.4,21,42.0,-3.2,상승장 (보수적 반영),54570,1.25,0.5897403084388879,0.0,-0.5133412556889839,-0.13200322421450897,3,0,111.6,12.0,91.4,137.3,1,0.0,18237,0.0,0.0,0.0,0.35,2,0.0,-0.4,대기,-0.28,19.56,Low,RiskOn
현대바이오,048410,KOSDAQ,화장품,화장품,17.16,20,41.4,-3.44,상승장 (보수적 반영),13400,-8.22,-0.4007214212805444,0.023813062944633468,0.02393191540364986,-0.030346968759665947,0,0,96.0,11.4,49.3,110.7,1,0.0,12932,-57.02,-29.47,0.0,0.35,2,0.0,0.6,대기,-8.0,27.1,Low,RiskOn
두산에너빌리티,034020,KOSPI,기계,기계,16.88,19,47.2,-1.12,상승장 (보수적 반영),127100,-1.63,1.3202823329275948,0.0123237995806685,0.13184872094065858,0.014072063236271316,0,1,114.7,3.1,79.6,69.6,1,0.0,814153,962.88,1.11,0.0,0.35,2,0.0,-1.0,대기,8.0,13.67,Low,RiskOn
알테오젠,196170,KOSDAQ,생물공학,생물공학,16.78,14,54.2,1.68,상승장 (보수적 반영),368500,-3.03,0.3006777013463644,-0.04100587767143842,0.10669481223893912,0.30934356370899063,0,1,100.5,3.0,50.3,81.8,1,0.0,197272,139.95,39.42,0.0,0.35,2,0.0,1.1,대기,-8.0,26.72,Low,RiskOn
삼성카드,029780,KOSPI,카드,카드,16.66,16,52.4,0.96,상승장 (보수적 반영),53300,0.57,0.2963642009295095,-0.058056643401939986,-0.042007060385730245,-0.3443054685602319,3,3,99.1,0.5,54.9,123.5,1,0.0,61753,9.56,7.45,0.0,0.35,2,0.0,-0.3,회피,1.34,16.67,Low,RiskOn
하이젠알앤엠,160190,KOSDAQ,기계,기계,16.56,20,41.4,-3.44,상승장 (보수적 반영),43600,-1.13,-0.8350207061706394,-0.0011888616618400533,0.7291478280240589,0.11307338308457712,0,0,109.5,2.6,73.9,84.5,1,0.2343,13467,-190.39,-8.13,0.0,0.35,2,0.0,0.0,대기,0.05,17.56,Low,RiskOn
에이비엘바이오,298380,KOSDAQ,생물공학,생물공학,16.48,21,42.2,-3.12,상승장 (보수적 반영),134800,-5.07,-0.6745442607094115,-0.31048987293132463,-0.9518445177617894,-0.6117608710630573,0,1,86.9,10.8,37.4,61.4,0,0.0,75471,-194.52,-23.48,0.0,0.35,2,0.0,-1.4,회피,0.53,18.02,Low,RiskOn
포스코인터내셔널,047050,KOSPI,무역회사와판매업체,무역회사와판매업체,16.48,16,51.2,0.48,상승장 (보수적 반영),87300,2.83,0.7026443440269304,-0.26592775603753066,-0.07233007403259517,0.1327388003724419,0,1,111.4,2.4,56.1,197.0,1,0.0,153581,25.01,9.27,0.0,0.35,2,0.0,0.0,대기,2.83,16.48,Low,RiskOn
고려아연,010130,KOSPI,비철금속,비철금속,16.48,16,51.2,0.48,상승장 (보수적 반영),1579000,-1.56,-2.367131717559105,0.08830148004757513,0.002865506213893878,-0.019134621219476674,0,1,97.8,1.2,56.0,385.8,1,0.0,329584,41.0,8.48,0.0,0.35,2,0.0,0.0,대기,-2.7,19.38,Low,RiskOn
씨어스,458870,KOSDAQ,건강관리기술,건강관리기술,16.46,13,54.4,1.76,상승장 (보수적 반영),47650,-2.76,-2.846201604631927,0.005447413840639647,0.10211650675489385,0.44617741935483873,1,1,102.5,4.6,48.3,54.4,1,0.0,18135,112.12,52.78,0.0,0.35,2,0.0,1.7,관심,-5.24,20.29,Low,RiskOn
현대백화점,069960,KOSPI,백화점과일반상점,백화점과일반상점,16.16,17,50.4,0.16,상승장 (보수적 반영),108900,-2.68,0.6305930609097918,-0.2663883618065982,-0.06652075640141217,-0.006160447185813415,1,1,120.3,3.8,80.5,65.3,1,0.0,24643,11.87,4.64,0.0,0.35,2,0.0,-1.0,대기,8.0,11.97,Low,RiskOn
금호석유화학,011780,KOSPI,화학,화학,16.08,16,50.2,0.08,상승장 (보수적 반영),146600,-2.4,0.8536551883083431,-0.613132829912421,-0.05832990699818335,0.015615118895908461,0,1,109.5,3.3,74.6,105.4,1,0.0,36881,14.89,4.74,0.0,0.35,2,0.0,0.0,대기,-4.87,20.39,Low,RiskOn
채비,0011T0,KOSDAQ,전기제품,전기제품,16.01,20,42.52,-2.99,상승장 (보수적 반영),21150,-6.21,-5.54421385042951,-0.15795027286508337,-2.4928654674077815,-1.3867676553815058,0,0,968.0,326.6,93.7,98.7,1,0.0,9895,-23.53,-40.81,1.12,0.35,2,0.0,-1.0,대기,0.25,18.16,Low,RiskOn
신성델타테크,065350,KOSDAQ,가정용기기와용품,가정용기기와용품,15.9,14,52.0,0.8,상승장 (보수적 반영),58000,-1.02,0.360578407879054,-0.026967969387114987,-0.017905601907032182,-0.019508004516655165,8,0,100.3,1.6,59.4,126.4,1,0.0,15941,73.42,9.51,0.0,0.35,2,0.0,1.1,대기,-6.58,20.94,Low,RiskOn
삼천당제약,000250,KOSDAQ,제약,제약,15.76,17,50.4,0.16,상승장 (보수적 반영),415500,-6.21,-0.6976887632610346,-0.40572116430344946,-0.4665150821825047,-0.08848534873699546,0,5,85.2,6.3,29.0,46.3,0,0.0,97466,1854.91,1.94,0.0,0.35,2,0.0,-1.4,회피,0.22,17.88,Low,RiskOn
롯데관광개발,032350,KOSPI,"호텔,레스토랑,레저","호텔,레스토랑,레저",15.76,15,50.4,0.16,상승장 (보수적 반영),20700,-3.27,0.19184595096492293,0.5933700934579439,-0.19836953453088968,-0.5163874863454303,0,0,109.6,4.1,70.5,58.8,1,0.0,16478,58.15,8.06,0.0,0.35,2,0.0,0.6,대기,0.36,16.59,Low,RiskOn
포스코퓨처엠,003670,KOSPI,화학,화학,15.56,17,46.4,-1.44,상승장 (보수적 반영),252000,-3.45,0.19494050922621173,-0.12153594564208722,0.2009739720893711,0.09093006727817832,0,0,108.1,2.3,67.1,103.8,1,1.0,224144,652.85,0.92,0.0,0.35,2,0.0,0.0,대기,-1.48,18.36,Low,RiskOn
태광산업,003240,KOSPI,화학,화학,15.54,16,49.6,-0.16,상승장 (보수적 반영),1190000,-2.38,-0.002786097063929353,0.24632493018341006,-0.01039625632123179,-0.006017057891161597,0,4,98.8,0.7,55.6,135.5,1,0.2336,13249,16.39,2.06,0.0,0.35,2,0.0,-0.3,회피,-7.22,20.01,Low,RiskOn
팬오션,028670,KOSPI,해운사,해운사,15.5,14,51.0,0.4,상승장 (보수적 반영),5540,-0.18,0.25666330373121726,-0.12418395677865947,0.08150351544825257,0.11141674894479148,4,1,101.5,2.2,57.9,107.7,1,0.0,29615,9.82,5.3,0.0,0.35,2,0.0,1.1,대기,-8.0,21.12,Low,RiskOn
코스메카코리아,241710,KOSDAQ,화장품,화장품,15.38,12,54.2,1.68,상승장 (보수적 반영),81000,-3.91,1.9749612067969022,-0.5295608715755404,-1.103664790197665,0.0007095942665587794,4,0,98.7,4.0,53.6,121.8,1,0.0,8651,19.04,19.29,0.0,0.35,2,0.0,1.7,관심,-8.0,21.61,Low,RiskOn
엘앤씨바이오,290650,KOSDAQ,건강관리장비와용품,건강관리장비와용품,15.16,20,41.4,-3.44,상승장 (보수적 반영),63200,-9.59,-1.168174654524613,-0.305533617780042,-0.3515208749920397,-0.030021091511176205,0,0,91.6,6.3,42.7,210.7,0,0.0,15703,-10.93,-57.68,0.0,0.35,2,0.0,-1.4,회피,-2.51,17.68,Low,RiskOn
동국제약,086450,KOSDAQ,제약,제약,15.0,16,51.0,0.4,상승장 (보수적 반영),23900,-2.85,-0.17087747456059205,0.003915693802035152,-0.2925449583718779,0.9212664153561516,3,0,91.3,5.5,38.9,143.5,0,0.0,10810,16.37,10.42,0.0,0.35,2,0.0,-1.4,회피,7.11,14.54,Low,RiskOn
신영증권,001720,KOSPI,증권,증권,14.61,15,52.52,1.01,상승장 (보수적 반영),197100,-1.94,0.21151068728204178,0.2047898558775422,-0.046219995062185604,-0.004609554670863809,0,17,97.9,0.5,55.3,61.6,1,0.3546,32403,22.83,6.45,1.12,0.35,2,0.0,-1.4,회피,-8.0,25.18,Low,RiskOn
메디포스트,078160,KOSDAQ,생물공학,생물공학,14.56,19,41.4,-3.44,상승장 (보수적 반영),27900,-0.36,0.18443035929786067,0.7005769199122326,0.04710881239714756,0.09596410038398245,0,0,116.7,3.4,81.4,64.0,1,0.0,10938,-12.51,-34.14,0.0,0.35,2,0.0,-1.0,대기,-6.08,19.37,Low,RiskOn
대한항공,003490,KOSPI,항공사,항공사,14.5,13,51.0,0.4,상승장 (보수적 반영),24550,-2.19,0.5430687902387221,-0.4794207073165336,-0.3790144549658178,-0.07846330726343503,0,2,100.0,1.7,58.0,141.5,1,0.0,90398,11.63,7.28,0.0,0.35,2,0.0,1.1,대기,-8.0,21.53,Low,RiskOn
에이프릴바이오,397030,KOSDAQ,제약,제약,14.26,16,41.4,-3.44,상승장 (보수적 반영),59300,-7.49,0.49286999423797173,-0.1588551426101988,0.2082933520599251,-0.05860728176318064,0,0,102.9,4.6,57.6,115.0,1,0.0,13884,-138.23,-10.39,0.0,0.35,2,0.0,1.7,관심,-1.62,16.54,Low,RiskOn
한국전력,015760,KOSPI,전기유틸리티,전기유틸리티,14.19,10,57.72,3.09,상승장 (보수적 반영),43550,-2.13,-0.6007173658231244,-0.1991494811767862,-0.032051009389251546,-0.07146330269158545,1,0,98.6,1.7,58.6,114.6,1,0.0,279575,3.27,19.4,1.12,0.35,2,0.0,1.1,대기,0.3,17.12,Low,RiskOn
LG디스플레이,034220,KOSPI,디스플레이패널,디스플레이패널,14.16,15,46.4,-1.44,상승장 (보수적 반영),12260,-1.37,1.2698053016313213,-0.07913049412724307,-0.11085575024469821,-0.15059761876019576,0,0,95.2,6.3,56.2,53.5,1,0.0,61300,27.06,3.44,0.0,0.35,2,0.0,0.6,대기,-0.34,16.25,Low,RiskOn
삼성전자우,005935,KOSPI,반도체와반도체장비,반도체와반도체장비,14.01,15,47.52,-0.99,상승장 (보수적 반영),158300,-3.18,0.28959339977672,-0.034512442821894036,-0.06693311763770378,0.05015507410912377,0,0,108.3,2.7,75.0,104.2,1,0.0,1270154,24.12,0.0,1.12,0.35,2,0.0,0.0,대기,8.0,13.07,Low,RiskOn
삼성화재,000810,KOSPI,손해보험,손해보험,13.78,11,54.2,1.68,상승장 (보수적 반영),461000,-0.65,0.35469148305599413,-0.3555773836997449,-0.11730972670958338,-0.02186985788898336,0,1,98.6,1.8,55.5,84.0,1,0.0,205825,11.33,10.97,0.0,0.35,2,0.0,1.1,대기,0.59,16.05,Low,RiskOn
JYP Ent.,035900,KOSDAQ,방송과엔터테인먼트,방송과엔터테인먼트,13.66,10,56.4,2.56,상승장 (보수적 반영),62900,-2.48,0.7386762729306487,-0.6527081610738255,-0.10490932438478746,-0.034969539149888144,0,0,101.9,2.4,56.1,118.9,1,0.0,22350,13.92,29.21,0.0,0.35,2,0.0,1.1,대기,-8.0,31.54,Low,RiskOn
DB손해보험,005830,KOSPI,손해보험,손해보험,13.66,10,56.4,2.56,상승장 (보수적 반영),167600,-2.67,0.6847560717441404,-0.6279763670647391,-0.15215574107980578,-0.024240536896856412,0,0,99.2,1.2,52.3,85.2,1,0.0,109779,6.63,17.75,0.0,0.35,2,0.0,1.1,대기,-4.65,16.94,Low,RiskOn
LS,006260,KOSPI,전기장비,전기장비,13.61,15,47.52,-0.99,상승장 (보수적 반영),453000,8.24,-0.5432880299428313,-0.17598923841059602,-0.1120437326654214,-0.12243594342559576,0,0,134.1,4.1,82.2,140.5,1,0.0,141336,53.56,5.65,1.12,0.35,2,0.0,-0.4,대기,0.66,15.73,Low,RiskOn
LG화학,051910,KOSPI,화학,화학,13.56,17,41.4,-3.44,상승장 (보수적 반영),397000,-2.58,0.7961199527568045,0.10115780440460727,0.17124760572627493,0.04640545116537973,0,0,109.3,2.3,75.4,81.2,1,0.1298,280252,-17.08,-5.5,0.0,0.35,2,0.0,0.0,대기,-3.0,17.12,Low,RiskOn
SK오션플랜트,100090,KOSPI,에너지장비및서비스,에너지장비및서비스,13.48,16,47.2,-1.12,상승장 (보수적 반영),24550,1.24,-0.39829494718998565,-0.6020484189594472,0.14650918959447123,-0.5337891674273048,0,1,99.9,9.2,31.5,95.6,0,0.0,15338,39.28,4.96,0.0,0.35,2,0.0,-1.4,회피,4.09,14.63,Low,RiskOn
메지온,140410,KOSDAQ,식품,식품,13.26,15,41.4,-3.44,상승장 (보수적 반영),87700,-8.65,-0.18202348240414198,0.0,-0.024862028213401364,-0.013767562091993696,0,0,98.1,4.2,49.1,396.8,1,0.0,26654,-75.6,-110.44,0.0,0.35,2,0.0,1.7,관심,-8.0,25.74,Low,RiskOn
오름테라퓨틱,475830,KOSDAQ,제약,제약,13.26,15,41.4,-3.44,상승장 (보수적 반영),88200,-1.45,1.6791927852437418,-0.025948837944664033,-0.8437118735177865,-0.040211478260869564,0,0,104.7,4.4,59.6,82.3,1,0.0,18975,-43.75,-33.22,0.0,0.35,2,0.0,1.7,관심,-8.0,21.45,Low,RiskOn
인벤티지랩,389470,KOSDAQ,제약,제약,13.26,15,41.4,-3.44,상승장 (보수적 반영),61500,-4.06,1.2653402400195934,0.0,0.024072128337007104,-0.23044121969140338,0,0,99.0,5.3,49.7,45.2,1,0.2445,8166,-80.5,-17.44,0.0,0.35,2,0.0,1.7,관심,-0.23,15.18,Low,RiskOn
케이엠더블유,032500,KOSDAQ,통신장비,통신장비,13.26,15,41.4,-3.44,상승장 (보수적 반영),29750,0.0,0.2972785264332988,0.012250251176142254,-0.5150563790766286,-1.2562729606889402,0,0,102.2,4.3,52.6,99.8,1,0.0,12541,-44.27,-19.66,0.0,0.35,2,0.0,1.7,관심,-2.02,17.07,Low,RiskOn
현대건설,000720,KOSPI,건설,건설,13.21,15,47.52,-0.99,상승장 (보수적 반영),161800,-4.03,-0.6410825124601773,-0.4626332844916581,-0.3858237992163131,-0.32853561446157603,0,0,94.2,5.3,53.5,96.6,1,0.0,180174,48.73,4.58,1.12,0.35,2,0.0,-0.8,회피,-8.0,24.08,Low,RiskOn
네이처셀,007390,KOSDAQ,생물공학,생물공학,12.64,16,41.6,-3.36,상승장 (보수적 반영),19150,-3.38,0.5084560410081854,0.02194440797471432,0.004640710754518195,0.013842035821379366,1,0,97.7,2.4,60.4,126.6,1,0.0,12339,-435.23,-4.45,0.0,0.35,2,0.0,0.0,대기,-3.85,16.25,Low,RiskOn
한솔케미칼,014680,KOSPI,화학,화학,12.58,11,51.2,0.48,상승장 (보수적 반영),285000,-3.39,1.7262335442061412,-1.1122175281592346,-1.7299786915599444,-0.23553402252738773,0,1,101.6,2.7,56.6,74.4,1,0.0,32405,21.93,14.34,0.0,0.35,2,0.0,1.1,대기,-8.0,21.27,Low,RiskOn
에코프로비엠,247540,KOSDAQ,전기제품,전기제품,12.51,12,48.52,-0.59,상승장 (보수적 반영),206000,-3.06,-0.2915139755174142,-0.0863426897102679,0.19243315073115302,0.006620904972436002,1,1,99.9,2.4,56.8,98.2,1,0.0,201531,511.17,2.29,1.12,0.35,2,0.0,1.1,대기,-8.0,20.51,Low,RiskOn
덕산네오룩스,213420,KOSDAQ,디스플레이장비및부품,디스플레이장비및부품,12.5,11,51.0,0.4,상승장 (보수적 반영),50500,-3.99,2.0422281618819778,-0.8668073086124402,-0.2773952910685806,0.009613002392344498,3,0,99.6,3.7,57.7,93.0,1,0.0,12540,23.58,12.5,0.0,0.35,2,0.0,1.1,대기,-8.0,21.78,Low,RiskOn
클래시스,214150,KOSDAQ,건강관리장비와용품,건강관리장비와용품,12.46,10,53.4,1.36,상승장 (보수적 반영),55600,-3.3,0.1612855559537923,-0.001874599542334096,-0.002243285269223346,-0.004702420666648287,0,0,99.7,2.2,53.6,67.3,1,0.0,36271,27.61,26.21,0.0,0.35,2,0.0,1.1,대기,-8.0,21.62,Low,RiskOn
기아,000270,KOSPI,자동차,자동차,12.46,10,53.4,1.36,상승장 (보수적 반영),151800,-3.25,-0.40387092400703967,-0.20457583165020662,-0.08656119190681806,-0.028631344122217777,0,0,98.5,1.6,50.0,100.2,1,0.0,592647,7.94,12.92,0.0,0.35,2,0.0,1.1,대기,-4.65,13.67,Low,RiskOn
KT,030200,KOSPI,다각화된통신서비스,다각화된통신서비스,12.38,11,54.2,1.68,상승장 (보수적 반영),60900,0.66,-0.007998809624644092,-0.07198891849805514,-0.08565982173689252,-0.013726751845505305,0,1,98.5,0.6,54.9,80.7,1,0.0,153481,8.87,10.22,0.0,0.35,2,0.0,-0.3,회피,0.59,15.38,Low,RiskOn
코리안리,003690,KOSPI,손해보험,손해보험,12.38,11,54.2,1.68,상승장 (보수적 반영),12350,-1.52,0.2389252549828179,-0.4934390240549828,-0.028321639862542956,0.001541382359679267,0,1,101.2,0.9,52.8,96.1,1,0.0,21825,7.47,9.03,0.0,0.35,2,0.0,-0.3,회피,-5.35,16.35,Low,RiskOn
디앤디파마텍,347850,KOSDAQ,생물공학,생물공학,12.24,15,41.6,-3.36,상승장 (보수적 반영),74200,-4.26,-0.029081420176599083,-0.3486072085653632,-0.3442432606220964,-0.08101791526935975,1,0,97.5,5.1,53.6,88.9,1,0.0,32503,-135.65,-31.49,0.0,0.35,2,0.0,0.6,대기,-8.0,17.47,Low,RiskOn
미래에셋증권2우B,00680K,KOSPI,증권,증권,12.21,12,50.52,0.21,상승장 (보수적 반영),19510,-3.89,0.5568905512372798,0.028602407344823704,-0.1864307709060869,0.39680614471856107,0,0,96.5,2.0,47.6,225.2,0,0.0,26631,9.06,0.0,1.12,0.35,2,0.0,0.0,대기,-0.58,15.61,Low,RiskOn
한화생명,088350,KOSPI,생명보험,생명보험,12.18,11,50.2,0.08,상승장 (보수적 반영),4885,-3.84,0.27647564627133026,-0.06717583011219005,0.05027397273027247,-0.015008956820967288,0,1,101.5,3.0,59.4,85.9,1,0.0,42428,6.62,6.51,0.0,0.35,2,0.0,1.1,대기,-8.0,29.91,Low,RiskOn
현대모비스,012330,KOSPI,자동차부품,자동차부품,12.18,11,50.2,0.08,상승장 (보수적 반영),425000,-3.19,0.18343672542160144,-0.3039264197524461,-0.11561287352864141,-0.04415037874760447,0,1,101.5,1.8,57.4,92.4,1,0.0,385613,10.71,7.68,0.0,0.35,2,0.0,1.1,대기,-8.0,20.66,Low,RiskOn
농심,004370,KOSPI,식품,식품,12.18,11,50.2,0.08,상승장 (보수적 반영),377500,-1.95,-0.512536342653079,-0.15908834160787388,-0.04839343262781988,-0.11178886856545596,0,1,100.3,1.4,57.8,115.5,1,0.0,22962,13.5,6.18,0.0,0.35,2,0.0,1.1,대기,-8.0,19.59,Low,RiskOn
삼현,437730,KOSDAQ,자동차부품,자동차부품,11.86,10,50.4,0.16,상승장 (보수적 반영),53500,-3.43,-0.2310495284131101,0.04264298219759491,-0.16071527352039613,0.029928062367366188,0,0,104.5,4.9,49.8,96.3,1,0.0,16964,163.11,8.46,0.0,0.35,2,0.0,1.7,관심,3.88,14.65,Low,RiskOn
키움증권,039490,KOSPI,증권,증권,11.61,10,57.52,3.01,상승장 (보수적 반영),398000,-6.02,-1.565659810899616,-0.3882251721924724,-0.13042387607889722,-0.33946583931257124,0,0,89.7,3.5,43.3,257.0,0,0.0,104389,9.83,18.12,1.12,0.35,2,0.0,-1.4,회피,2.76,14.16,Low,RiskOn
현대위아,011210,KOSPI,자동차부품,자동차부품,11.58,11,47.2,-1.12,상승장 (보수적 반영),82700,-4.06,-0.46306212094264115,-1.2302906447309916,-0.19108441529568698,-0.05992867496665184,0,1,101.3,4.2,56.4,97.1,1,0.0,22490,22.71,2.75,0.0,0.35,2,0.0,1.7,관심,-8.0,19.35,Low,RiskOn
시프트업,462870,KOSPI,게임엔터테인먼트,게임엔터테인먼트,11.16,10,56.4,2.56,상승장 (보수적 반영),32550,-5.24,-0.252942452336057,-0.0817662266918081,-0.050927401529436415,0.028901353970249316,0,0,96.8,0.7,43.1,178.2,0,0.0,19092,9.98,22.71,0.0,0.35,2,0.0,-1.4,회피,-8.0,21.07,Low,RiskOn
SK바이오팜,326030,KOSPI,제약,제약,11.06,10,53.4,1.36,상승장 (보수적 반영),99900,-1.87,-0.25409375087876274,-0.11201037515178629,0.012332196587205215,-0.0025163162267527323,0,0,99.0,0.9,58.3,120.5,1,0.0,78235,29.3,39.28,0.0,0.35,2,0.0,-0.3,회피,-7.65,16.78,Low,RiskOn
씨젠,096530,KOSDAQ,생명과학도구및서비스,생명과학도구및서비스,10.9,11,47.0,-1.2,상승장 (보수적 반영),24550,-2.0,-0.6311665821698775,-0.017741946806021373,0.0024396224943452147,-0.014198627252164418,3,0,101.2,1.8,59.5,103.2,1,0.0,12821,26.57,4.81,0.0,0.35,2,0.0,1.1,대기,-8.0,20.21,Low,RiskOn
현대차우,005385,KOSPI,자동차,자동차,10.86,10,49.4,-0.24,상승장 (보수적 반영),249000,-4.05,0.22646153581444964,0.003938660334830262,-0.2060117001324868,-0.09277760284932637,0,0,100.4,2.3,54.7,100.8,1,0.0,58119,7.05,0.0,0.0,0.35,2,0.0,1.1,대기,-8.0,20.08,Low,RiskOn
오뚜기,007310,KOSPI,식품,식품,10.66,12,47.4,-1.04,상승장 (보수적 반영),365500,0.0,-0.057595637927503586,-0.12727732268414227,-0.03723322411086081,-0.01609997269438187,1,1,100.3,0.5,59.8,129.3,1,0.0,14649,21.16,3.35,0.0,0.35,2,0.0,-0.3,회피,1.34,14.65,Low,RiskOn
큐리옥스바이오시스템즈,445680,KOSDAQ,생명과학도구및서비스,생명과학도구및서비스,10.56,15,41.4,-3.44,상승장 (보수적 반영),102100,0.59,-0.9710167719897524,0.043829666951323655,-0.012877597495018503,0.06520514659834899,0,0,116.1,2.8,72.3,118.2,1,0.0,17565,-62.07,-53.58,0.0,0.35,2,0.0,-1.0,대기,-8.0,16.25,Low,RiskOn
케어젠,214370,KOSDAQ,건강관리업체및서비스,건강관리업체및서비스,10.24,10,50.6,0.24,상승장 (보수적 반영),105500,-0.47,-0.276153900721735,-0.045332635126788895,0.05371140835377367,0.016372904056891777,1,0,108.0,1.2,48.2,96.0,0,0.0,56669,282.09,9.23,0.0,0.35,2,0.0,0.0,대기,6.72,11.72,Low,RiskOn
LS ELECTRIC,010120,KOSPI,전기장비,전기장비,10.21,10,51.52,0.61,상승장 (보수적 반영),278000,1.83,-2.3010006494004793,-0.2051499376498801,-0.050498908872901684,-0.10039986930455636,0,0,140.9,5.6,95.6,52.5,1,0.0,417000,145.47,14.67,1.12,0.35,2,0.0,-0.4,대기,0.24,14.69,Low,RiskOn
대신증권,003540,KOSPI,증권,증권,10.11,10,47.52,-0.99,상승장 (보수적 반영),37950,-1.68,-0.07422080678837197,0.10825631190106537,-0.06395874511483485,-0.03223816317790031,0,0,99.4,1.2,57.3,102.0,1,0.0,18679,18.57,5.06,1.12,0.35,2,0.0,1.1,대기,-7.4,15.44,Low,RiskOn
BGF리테일,282330,KOSPI,백화점과일반상점,백화점과일반상점,9.98,6,57.2,2.88,상승장 (보수적 반영),132000,-0.75,0.6323121630506247,0.049316554898093355,-0.24194452772298927,-0.11374938856015777,0,1,98.4,1.8,48.1,91.2,0,0.0,22815,11.68,15.64,0.0,0.35,2,0.0,1.1,대기,-1.04,13.4,Low,RiskOn
셀트리온제약,068760,KOSDAQ,제약,제약,9.86,10,50.4,0.16,상승장 (보수적 반영),56100,-2.77,-0.12573358490566036,-0.041504817342432755,0.006905178643115214,0.011274905660377359,0,0,98.8,1.0,53.1,121.3,1,0.0,24910,64.48,9.31,0.0,0.35,2,0.0,-0.3,회피,-8.0,16.69,Low,RiskOn
CJ ENM,035760,KOSDAQ,방송과엔터테인먼트,방송과엔터테인먼트,9.66,10,46.4,-1.44,상승장 (보수적 반영),54100,-2.35,-0.9975009018880647,-0.2717331085637222,-0.08933272083614295,-0.01734518712070128,0,0,99.7,1.2,50.6,143.0,1,0.0,11864,40.22,1.06,0.0,0.35,2,0.0,1.1,대기,-2.86,14.65,Low,RiskOn
삼성에스디에스,018260,KOSPI,IT서비스,IT서비스,9.66,10,46.4,-1.44,상승장 (보수적 반영),166200,-2.35,-0.8505957737826784,-0.45202987434099,-0.08567397396619027,-0.03963414410351316,0,0,99.9,2.2,56.5,67.1,1,0.0,128602,16.93,7.89,0.0,0.35,2,0.0,1.1,대기,-8.0,18.12,Low,RiskOn
카카오,035720,KOSPI,양방향미디어와서비스,양방향미디어와서비스,9.66,10,46.4,-1.44,상승장 (보수적 반영),47300,-2.27,-0.08668728661490224,-0.2593309018846134,-0.07167965915652932,-0.020252999680250454,0,0,98.5,1.5,55.5,112.9,1,0.0,209539,42.61,4.59,0.0,0.35,2,0.0,1.1,대기,-8.0,15.16,Low,RiskOn
한진칼,180640,KOSPI,항공사,항공사,9.58,11,47.2,-1.12,상승장 (보수적 반영),112700,-0.53,-0.18559115774644144,-0.1714323733071065,-0.010595187464281442,-0.1150048497494717,0,1,99.1,0.6,53.2,117.0,1,0.0,75241,48.94,4.75,0.0,0.35,2,0.0,-0.3,회피,0.53,13.23,Low,RiskOn
HMM,011200,KOSPI,해운사,해운사,9.46,10,49.4,-0.24,상승장 (보수적 반영),20500,-1.2,0.155239847903436,-0.10958943934755176,0.03152444948387497,-0.012072461006185226,0,0,98.4,0.5,53.4,100.8,1,0.0,193364,10.49,6.9,0.0,0.35,2,0.0,-0.3,회피,-0.39,13.67,Low,RiskOn
미래에셋증권,006800,KOSPI,증권,증권,9.25,8,53.12,1.25,상승장 (보수적 반영),64800,-4.28,-0.5462921375955256,0.10036164964602771,-0.029383178111357176,-0.02630049365828367,0,2,96.0,2.2,50.4,95.6,1,0.0,362599,30.08,12.36,1.12,0.35,2,0.0,0.0,대기,-2.4,14.16,Low,RiskOn
SK,034730,KOSPI,석유와가스,석유와가스,9.0,10,50.0,0.0,상승장 (보수적 반영),425000,0.0,0.6272847687384792,-0.039531619155178235,0.04095644293428875,0.004802351883583873,19,2,114.7,1.3,89.4,119.3,1,0.0,308136,19.44,6.35,0.0,0.35,2,0.0,-1.0,대기,-0.11,12.46,Low,RiskOn
온코닉테라퓨틱스,476060,KOSDAQ,제약,제약,8.96,7,53.4,1.36,상승장 (보수적 반영),21250,-2.97,-1.4952900146765908,0.6175176066673655,0.33483292902820005,-0.10316478352028514,0,0,96.9,4.7,52.2,105.9,1,0.0,9539,59.19,24.65,0.0,0.35,2,0.0,0.6,대기,-5.62,14.16,Low,RiskOn
큐리언트,115180,KOSDAQ,제약,제약,8.82,11,41.8,-3.28,상승장 (보수적 반영),37300,-5.09,-0.29611108156665467,-0.09022162055335968,-1.3069219475386273,0.13162488321954727,2,0,100.2,2.6,51.5,96.5,1,0.0,13915,-44.14,-71.44,0.0,0.35,2,0.0,1.1,대기,-3.39,14.65,Low,RiskOn
한미약품,128940,KOSPI,제약,제약,8.76,10,50.4,0.16,상승장 (보수적 반영),460000,-4.76,-0.6818305730430504,-0.977834806807962,-0.7585674432811254,-0.34700233323717566,0,0,91.8,3.4,34.9,178.1,0,0.0,58931,34.76,14.53,0.0,0.35,2,0.0,-1.4,회피,5.37,10.16,Low,RiskOn
한국항공우주,047810,KOSPI,우주항공과국방,우주항공과국방,8.76,10,50.4,0.16,상승장 (보수적 반영),169000,1.62,-1.5377902733514233,-0.8781184577467781,-0.2876134975991453,-0.15165099463981108,0,0,91.8,5.8,38.9,89.2,0,0.0,164733,88.62,10.51,0.0,0.35,2,0.0,-1.4,회피,-0.34,12.46,Low,RiskOn
한미사이언스,008930,KOSPI,제약,제약,8.76,10,50.4,0.16,상승장 (보수적 반영),37700,-0.79,-0.5329688838039094,-0.25883843274899165,0.19405314730065157,-0.008899711061123177,0,0,97.2,0.7,48.2,168.2,1,0.0,25784,21.78,13.13,0.0,0.35,2,0.0,-1.4,회피,-1.42,13.63,Low,RiskOn
쎄트렉아이,099320,KOSDAQ,우주항공과국방,우주항공과국방,8.56,10,46.4,-1.44,상승장 (보수적 반영),166000,-7.11,1.2284584190549537,-0.30467142307057593,-2.6281455855657625,-0.4665920787722097,0,0,96.3,8.6,47.4,146.7,0,0.0,18179,118.91,6.31,0.0,0.35,2,0.0,0.0,대기,-8.0,21.78,Low,RiskOn
SK리츠,395400,KOSPI,분류안됨,분류안됨,8.34,10,46.6,-1.36,상승장 (보수적 반영),6760,2.89,0.06620354759447639,-0.20489664799253038,-0.04059700574966829,-0.012609659442724458,1,0,101.5,1.1,55.2,140.3,1,0.0,20349,62.02,2.07,0.0,0.35,2,0.0,-0.3,회피,-7.28,15.03,Low,RiskOn
삼성물산,028260,KOSPI,복합기업,복합기업,8.26,10,46.4,-1.44,상승장 (보수적 반영),298500,-3.24,-0.013536091589302463,-0.1352850390642753,-0.03063031272078236,-0.058224589628858396,0,0,99.8,1.1,59.8,115.5,1,0.0,484074,21.07,6.02,0.0,0.35,2,0.0,-0.3,회피,-8.0,20.21,Low,RiskOn
셀트리온,068270,KOSPI,제약,제약,8.26,10,46.4,-1.44,상승장 (보수적 반영),200500,-1.72,0.0827461693176864,-0.23250853352689746,-0.08999799768981495,0.039540525319897706,0,0,99.2,1.0,52.2,103.0,1,0.0,444986,45.09,5.94,0.0,0.35,2,0.0,-0.3,회피,-0.65,12.54,Low,RiskOn
에코프로,086520,KOSDAQ,화학,화학,8.26,10,41.4,-3.44,상승장 (보수적 반영),152900,-4.38,-1.1722062393425883,-0.06313840329091243,-0.20924419658770146,0.028342229843643124,0,0,100.5,4.7,56.5,92.5,1,0.0,207602,-138.62,-8.39,0.0,0.35,2,0.0,1.7,관심,-8.0,16.67,Low,RiskOn
스튜디오드래곤,253450,KOSDAQ,방송과엔터테인먼트,방송과엔터테인먼트,8.26,10,46.4,-1.44,상승장 (보수적 반영),34850,-1.97,0.19891392362768495,-0.5089737899761336,-0.14983824821002387,-0.2551722386634845,0,0,99.8,0.9,52.3,131.0,1,0.0,10475,101.6,1.34,0.0,0.35,2,0.0,-0.3,회피,-1.15,13.25,Low,RiskOn
한국금융지주,071050,KOSPI,증권,증권,8.09,5,57.72,3.09,상승장 (보수적 반영),240000,-3.61,-0.6764726675240388,0.11180897922866415,-0.1140692564788922,-0.04979310164346278,1,0,97.3,2.4,59.5,121.5,1,0.0,133742,7.32,18.66,1.12,0.35,2,0.0,0.0,대기,-8.0,17.56,Low,RiskOn
대한조선,439260,KOSPI,조선,조선,8.01,5,57.52,3.01,상승장 (보수적 반영),89500,-0.78,-1.0142991647574027,-0.5174455033206693,-0.1494323018473942,-0.11963119399089354,0,0,98.8,2.3,40.2,85.4,0,0.0,34481,12.24,32.19,1.12,0.35,2,0.0,0.0,대기,-3.71,13.97,Low,RiskOn
우리금융지주,316140,KOSPI,은행,은행,7.68,6,54.2,1.68,상승장 (보수적 반영),33350,-0.45,-0.9007398704730938,-0.13380544004836326,-0.06973668540197865,-0.06529095068092511,0,1,97.7,1.8,56.0,91.9,1,0.0,244814,7.9,8.91,0.0,0.35,2,0.0,0.0,대기,-3.68,12.46,Low,RiskOn
코오롱티슈진,950160,KOSDAQ,생물공학,생물공학,7.66,10,41.4,-3.44,상승장 (보수적 반영),102000,-5.03,-0.0692486538394789,-0.18502764864458354,-0.18297964156379076,-0.3224435526605038,0,0,100.0,2.0,50.8,86.2,1,0.0,86431,-43.52,-183.43,0.0,0.35,2,0.0,1.1,대기,-4.7,13.74,Low,RiskOn
맥쿼리인프라,088980,KOSPI,분류안됨,분류안됨,7.66,10,41.4,-3.44,상승장 (보수적 반영),11350,-0.18,0.12436004488759703,-0.0064779846572721594,-0.4111995371426469,-0.033600955701092755,0,0,100.0,1.4,52.7,79.5,1,0.0,54358,0.0,0.0,0.0,0.35,2,0.0,1.1,대기,-0.34,11.97,Low,RiskOn
카카오게임즈,293490,KOSDAQ,게임엔터테인먼트,게임엔터테인먼트,7.66,10,41.4,-3.44,상승장 (보수적 반영),12020,-2.99,0.03122826723498888,-0.024536921793921425,0.010876477020014826,0.025430814492216458,0,0,98.5,1.2,51.0,133.9,1,0.0,10792,-10.13,-7.93,0.0,0.35,2,0.0,1.1,대기,-0.17,12.17,Low,RiskOn
앱클론,174900,KOSDAQ,생물공학,생물공학,7.24,12,41.6,-3.36,상승장 (보수적 반영),49150,-2.48,-2.506215950168488,0.3619502808128255,0.34332316961094655,-0.020728377412437455,1,0,94.5,7.0,41.0,71.0,0,0.6178,9793,-52.91,-39.86,0.0,0.35,2,0.0,-1.4,회피,-1.26,12.69,Low,RiskOn
다우데이타,032190,KOSDAQ,증권,증권,6.81,5,54.52,1.81,상승장 (보수적 반영),23050,-3.76,0.10559290326234708,-0.04170098550067966,-0.2596267217942909,-0.05609992070684187,0,0,96.6,1.3,50.3,129.0,1,0.0,8828,4.03,14.76,1.12,0.35,2,0.0,0.0,대기,-4.03,13.56,Low,RiskOn
다우기술,023590,KOSPI,증권,증권,6.61,5,57.52,3.01,상승장 (보수적 반영),46400,-1.9,0.08374459297983569,-0.10207818023400547,-0.021123808812546677,-0.010370726910629824,0,0,97.5,0.7,55.4,141.4,1,0.0,20085,4.12,15.95,1.12,0.35,2,0.0,-1.4,회피,-8.0,16.52,Low,RiskOn
삼성에피스홀딩스,0126Z0,KOSPI,제약,제약,6.26,10,41.4,-3.44,상승장 (보수적 반영),543000,-2.86,0.019400414461754802,-0.07087741923546609,0.08961154201976095,0.00010448136772379083,0,0,98.2,1.0,55.4,98.6,1,0.0,135115,-69.59,0.0,0.0,0.35,2,0.0,-0.3,회피,-7.65,12.67,Low,RiskOn
아시아나항공,020560,KOSPI,항공사,항공사,6.26,10,41.4,-3.44,상승장 (보수적 반영),7040,-0.28,-0.023797076265342713,-0.017596244655909532,-0.0016520776444628326,-0.0012668666390842642,0,0,99.2,0.1,53.6,78.8,1,0.0,14502,-5.12,-34.48,0.0,0.35,2,0.0,-0.3,회피,-0.34,10.52,Low,RiskOn
SK바이오사이언스,302440,KOSPI,제약,제약,6.26,10,41.4,-3.44,상승장 (보수적 반영),43050,-1.37,-0.21382793995736618,-0.3589822832780673,-0.02192510214353387,-0.033248869019422075,0,0,99.9,0.6,55.9,120.3,1,0.0,33776,-58.73,-3.2,0.0,0.35,2,0.0,-0.3,회피,-0.65,11.38,Low,RiskOn
대웅제약,069620,KOSPI,제약,제약,6.16,5,56.4,2.56,상승장 (보수적 반영),148300,-0.87,-0.6693895419891753,-0.3427243671070244,-0.09055706803235757,0.003639818425187686,0,0,98.0,1.2,39.9,110.8,0,0.0,17183,8.77,21.75,0.0,0.35,2,0.0,-1.4,회피,-0.65,11.13,Low,RiskOn
프로텍,053610,KOSDAQ,반도체와반도체장비,반도체와반도체장비,5.85,6,52.12,0.85,상승장 (보수적 반영),82200,1.23,0.3501099093120991,0.4830436076089361,0.30420486618004866,0.007163890732138908,3,0,124.4,3.6,87.0,111.6,1,0.1796,9042,18.98,14.59,1.12,0.35,2,0.0,-1.0,대기,-8.0,14.46,Low,RiskOn
동서,026960,KOSPI,식품,식품,5.08,6,51.2,0.48,상승장 (보수적 반영),26700,0.56,-0.04358590721262209,0.08764756010518407,-0.003901543951915853,-0.0028848328324567996,0,1,98.6,0.4,47.3,78.2,0,0.4259,26620,18.38,8.48,0.0,0.35,2,0.0,-1.4,회피,-0.22,10.31,Low,RiskOn
한화에어로스페이스,012450,KOSPI,우주항공과국방,우주항공과국방,5.0,3,55.0,2.0,상승장 (보수적 반영),1417000,-0.21,0.20201486067941962,-0.024886233273523822,-0.060269520552163613,0.007665133791279855,0,2,97.1,1.9,46.9,126.4,0,0.0,730653,49.59,19.14,0.0,0.35,2,0.0,0.0,대기,0.53,9.18,Low,RiskOn
LG유플러스,032640,KOSPI,무선통신서비스,무선통신서비스,4.68,6,50.2,0.08,상승장 (보수적 반영),15840,-1.31,0.131565258867592,-0.13327460027906293,0.048732296834838804,-0.002511539546155541,0,1,95.1,0.9,52.3,137.2,1,0.0,68085,13.11,6.01,0.0,0.35,2,0.0,-1.4,회피,0.59,9.07,Low,RiskOn
아모레퍼시픽홀딩스,002790,KOSPI,화장품,화장품,4.66,5,46.4,-1.44,상승장 (보수적 반영),27850,-3.13,-0.30685168826899595,-0.12311242368742369,-0.04083433831126139,0.007568498168498168,0,0,99.5,1.7,49.6,65.8,1,0.0,21294,20.96,3.64,0.0,0.35,2,0.0,1.1,대기,-8.0,18.93,Low,RiskOn
효성중공업,298040,KOSPI,전기장비,전기장비,4.45,3,56.12,2.45,상승장 (보수적 반영),3912000,-1.76,-0.176158560321951,-0.24495750268658023,-0.282445511766125,-0.1991755214158826,0,2,123.6,3.7,85.7,71.0,1,0.0,364776,70.16,24.41,1.12,0.35,2,0.0,-1.0,대기,1.87,8.29,Low,RiskOn
롯데정밀화학,004000,KOSPI,화학,화학,4.2,5,49.0,-0.4,상승장 (보수적 반영),69400,-2.53,0.4585446327841385,0.27796145210834966,-0.12753119240435634,-0.08849332309410779,1,3,125.2,4.8,87.8,62.7,1,0.0,17905,16.88,4.42,0.0,0.35,2,0.0,-0.4,대기,-5.66,11.1,Low,RiskOn
넷마블,251270,KOSPI,게임엔터테인먼트,게임엔터테인먼트,3.56,5,46.4,-1.44,상승장 (보수적 반영),49650,-3.22,-0.02680601086181899,-0.3066880913179171,-0.20892883296881526,-0.1279926387830831,0,0,98.4,1.4,47.4,101.0,0,0.0,40693,18.96,4.15,0.0,0.35,2,0.0,0.0,대기,-8.0,25.53,Low,RiskOn
효성,004800,KOSPI,복합기업,복합기업,3.36,2,54.4,1.76,상승장 (보수적 반영),228000,1.56,-0.10742556591909452,-0.26519556434709707,-0.01097034688744498,0.25923717774051563,1,1,136.3,4.4,91.4,62.7,1,0.0,38168,11.57,14.35,0.0,0.35,2,0.0,-0.4,대기,1.34,8.1,Low,RiskOn
서울보증보험,031210,KOSPI,손해보험,손해보험,3.36,5,49.4,-0.24,상승장 (보수적 반영),47800,-0.62,0.333652522846442,-0.5616456119850187,0.06867655880149813,0.0057109468164794,0,0,98.3,0.6,46.7,50.8,0,0.0,33375,12.43,5.18,0.0,0.35,2,0.0,-1.4,회피,-0.34,8.08,Low,RiskOn
금호타이어,073240,KOSPI,자동차부품,자동차부품,2.56,0,56.4,2.56,상승장 (보수적 반영),5820,-4.28,-1.1569617489084276,-0.1281930988695496,0.0036187104491895447,-0.003025504515820324,0,0,96.3,1.7,44.4,122.3,0,0.0,16719,4.81,18.53,0.0,0.35,2,0.0,0.0,대기,-8.0,9.78,Low,RiskOn
미스토홀딩스,081660,KOSPI,"섬유,의류,신발,호화품","섬유,의류,신발,호화품",2.52,1,53.8,1.52,상승장 (보수적 반영),40600,-1.93,0.12398940848990954,-0.23865255393180237,-0.1027583971236372,-0.01758144514033867,2,0,97.2,1.3,48.7,83.1,1,0.0,21555,10.85,11.39,0.0,0.35,2,0.0,0.0,대기,-8.0,14.74,Low,RiskOn
리가켐바이오,141080,KOSDAQ,제약,제약,2.16,5,41.4,-3.44,상승장 (보수적 반영),183400,-5.71,0.490238689722214,-0.0618750832179574,-0.5858586428844964,-0.14008982973458625,0,0,96.9,4.8,50.2,77.9,1,0.0,67894,-90.39,-13.22,0.0,0.35,2,0.0,0.6,대기,-8.0,16.67,Low,RiskOn
메리츠금융지주,138040,KOSPI,증권,증권,1.61,0,57.52,3.01,상승장 (보수적 반영),111700,-1.93,-0.35909535915089846,-0.12489594708094605,-0.10306239494562049,-0.033808905080592956,0,0,96.9,0.6,46.8,119.6,0,0.0,186927,8.8,22.53,1.12,0.35,2,0.0,-1.4,회피,-7.52,9.96,Low,RiskOn
한올바이오파마,009420,KOSPI,제약,제약,1.56,5,41.4,-3.44,상승장 (보수적 반영),47400,-4.24,-0.47607754422098375,0.5245012054761328,0.5672381956223246,-0.11942608230352961,0,0,97.8,3.4,47.1,129.0,1,0.0,24762,-447.17,-3.37,0.0,0.35,2,0.0,0.0,대기,-3.17,8.19,Low,RiskOn
SK스퀘어,402340,KOSPI,복합기업,복합기업,1.56,0,56.4,2.56,상승장 (보수적 반영),841000,1.33,0.0013846761040575977,0.15007116519639205,0.030430649594060027,-0.028812126837092368,0,0,126.5,2.1,93.4,93.9,1,0.0,1109770,12.65,37.82,0.0,0.35,2,0.0,-1.0,대기,-7.34,9.09,Low,RiskOn
SK하이닉스,000660,KOSPI,반도체와반도체장비,반도체와반도체장비,0.81,0,54.52,1.81,상승장 (보수적 반영),1286000,-0.54,0.1471587199269597,-0.017683739806174385,-0.05529821571501018,-0.0440594750752617,0,0,114.2,2.4,85.4,84.8,1,0.0,9165352,21.81,44.15,1.12,0.35,2,0.0,-1.0,대기,0.24,5.28,Low,RiskOn
가온전선,000500,KOSPI,전기장비,전기장비,0.77,1,51.92,0.77,상승장 (보수적 반영),241500,11.29,0.029865533640368442,0.013273861133360031,-0.004336576391670004,-0.0015519273127753306,2,0,158.9,3.5,88.7,96.5,1,0.0,39952,75.07,10.97,1.12,0.35,2,0.0,-1.0,대기,0.58,6.28,Low,RiskOn
삼성전기,009150,KOSPI,전자장비와기기,전자장비와기기,0.56,2,47.4,-1.04,상승장 (보수적 반영),832000,0.6,0.4242273643016677,-0.15546881014141076,-0.24040656076414593,-0.12459850801027272,1,1,126.3,4.2,88.3,133.0,1,0.0,621452,91.44,7.7,0.0,0.35,2,0.0,-0.4,대기,0.39,6.88,Low,RiskOn
유한양행,000100,KOSPI,제약,제약,0.16,0,50.4,0.16,상승장 (보수적 반영),91600,-1.72,-0.5746759502172513,-0.36346211741162604,0.019064572282303273,-0.046021693600339926,0,0,97.1,1.2,44.1,134.2,0,0.0,72957,38.34,8.81,0.0,0.35,2,0.0,0.0,대기,-3.94,7.14,Low,RiskOn
미래에셋생명,085620,KOSPI,생명보험,생명보험,0.16,3,46.4,-1.44,상승장 (보수적 반영),15930,-4.61,0.049222189096312804,-0.09991123804216587,0.5165834893656543,-0.057732185381257545,0,0,93.7,0.8,40.7,59.0,0,0.7497,21534,24.14,5.22,0.0,0.35,2,0.0,-1.4,회피,-8.0,15.2,Low,RiskOn
에스원,012750,KOSPI,상업서비스와공급품,상업서비스와공급품,0.08,1,51.2,0.48,상승장 (보수적 반영),86100,-0.58,-0.07667813063544947,-0.016793517131766363,-0.0023216248433536083,-0.014287064828682337,0,1,96.7,0.5,48.6,113.6,0,0.0,32717,18.32,10.45,0.0,0.35,2,0.0,-1.4,회피,-3.72,7.69,Low,RiskOn
CJ대한통운,000120,KOSPI,항공화물운송과물류,항공화물운송과물류,0.0,0,49.4,-0.24,상승장 (보수적 반영),101100,-0.69,0.33175264276113253,-1.2196064995880849,-0.23074052378268223,-0.07079618870051597,0,0,97.3,1.4,45.7,67.9,0,0.0,23063,9.53,5.98,0.0,0.35,2,0.0,0.0,대기,-1.85,7.68,Low,RiskOn
차바이오텍,085660,KOSDAQ,건강관리업체및서비스,건강관리업체및서비스,0.0,0,41.4,-3.44,상승장 (보수적 반영),17090,-1.78,0.16580183963748504,-0.00029308578261690477,0.00612989804267103,-0.08048322424318712,0,0,97.0,1.6,44.3,96.4,0,0.5857,15889,-11.15,-37.19,0.0,0.35,2,0.0,0.0,대기,-3.92,7.72,Low,RiskOn
에임드바이오,0009K0,KOSDAQ,생물공학,생물공학,0.0,0,46.4,-1.44,상승장 (보수적 반영),46850,-3.9,-0.2230110832398178,0.024095387484322398,-0.5272242573767245,-0.04311676513301208,0,0,97.1,1.6,45.7,99.1,0,0.0,30298,509.24,5.13,0.0,0.35,2,0.0,0.0,대기,-3.6,6.88,Low,RiskOn
제이에스링크,127120,KOSDAQ,생명과학도구및서비스,생명과학도구및서비스,0.0,3,43.0,-2.8,상승장 (보수적 반영),40800,-0.73,-0.03847502126754573,1.092270675599036,-0.2040317099106763,-0.4750945236069758,4,1,94.7,2.2,47.6,93.3,0,0.5087,14106,-67.89,-35.13,0.0,0.35,2,0.0,-1.4,회피,-2.3,7.68,Low,RiskOn
JB금융지주,175330,KOSPI,은행,은행,0.0,0,53.4,1.36,상승장 (보수적 반영),27300,0.74,-0.7475696057828887,-0.4448215447629055,-0.08282803008191778,-0.05070776856770377,0,0,91.8,1.4,39.9,84.8,0,0.0,51393,7.4,12.36,0.0,0.35,2,0.0,-1.4,회피,-0.36,6.88,Low,RiskOn
삼성바이오로직스,207940,KOSPI,제약,제약,0.0,0,53.4,1.36,상승장 (보수적 반영),1470000,-0.2,-0.37775953044702465,-0.2666900115654166,-0.06916616873163972,-0.017088981699601897,0,0,94.5,0.7,37.1,55.8,0,0.0,680477,55.32,19.44,0.0,0.35,2,0.0,-1.4,회피,-0.62,5.32,Low,RiskOn
동양생명,082640,KOSPI,생명보험,생명보험,0.0,0,49.4,-0.24,상승장 (보수적 반영),8310,0.48,-0.04575750838988739,-0.46119993511820423,0.05716303974942203,0.0029375068983518533,0,0,96.6,4.8,45.7,24.0,0,0.0,13409,10.76,7.08,0.0,0.35,2,0.0,0.0,대기,-0.64,5.32,Low,RiskOn
펩트론,087010,KOSDAQ,생물공학,생물공학,0.0,0,41.6,-3.36,상승장 (보수적 반영),260500,-3.52,-0.3068794491455665,-0.1779617315860525,-0.33697294293898783,-0.16263579566033387,1,0,97.4,3.3,42.1,76.2,0,0.0,60742,-439.29,-9.41,0.0,0.35,2,0.0,0.0,대기,-2.35,6.95,Low,RiskOn
보로노이,310210,KOSDAQ,제약,제약,0.0,0,41.6,-3.36,상승장 (보수적 반영),284000,-4.05,-0.585125167425663,0.1449210516245073,-0.2528900922276223,-0.14868484749913896,1,0,96.1,2.8,49.1,113.1,1,0.0,52262,-122.26,-50.18,0.0,0.35,2,0.0,0.0,대기,-6.94,8.83,Low,RiskOn
하림지주,003380,KOSDAQ,식품,식품,0.0,0,49.4,-0.24,상승장 (보수적 반영),13120,-2.81,-0.219559353521606,-0.008052362027900646,-0.06372662606328683,-0.0563138856753998,0,0,97.3,3.7,45.6,73.8,0,0.0,14695,6.4,7.29,0.0,0.35,2,0.0,0.0,대기,-5.25,7.58,Low,RiskOn
롯데리츠,330590,KOSPI,분류안됨,분류안됨,0.0,1,46.8,-1.28,상승장 (보수적 반영),4440,1.72,0.026633386593920498,-0.23039504520654713,0.11286734372564303,-0.06228119407638348,2,0,93.7,1.0,32.9,71.3,0,0.0,12830,65.29,1.7,0.0,0.35,2,0.0,-1.4,회피,0.0,6.81,Low,RiskOn
한화시스템,272210,KOSPI,우주항공과국방,우주항공과국방,0.0,0,46.4,-1.44,상승장 (보수적 반영),117300,-0.68,-0.2576214781455041,-0.25620430321025983,-0.19772613739948197,-0.0786652376783603,0,0,90.5,2.5,30.8,82.8,0,0.0,221602,91.5,6.6,0.0,0.35,2,0.0,-1.4,회피,0.0,6.28,Low,RiskOn
녹십자,006280,KOSPI,제약,제약,0.0,0,41.4,-3.44,상승장 (보수적 반영),137100,-1.51,-0.9171843527649483,-0.5918883722381726,-0.2008259580576707,0.02519518162526526,0,0,95.8,1.8,42.7,100.1,0,0.0,16022,-342.75,-0.38,0.0,0.35,2,0.0,0.0,대기,0.0,5.28,Low,RiskOn
두산,000150,KOSPI,복합기업,복합기업,0.0,0,46.6,-1.36,상승장 (보수적 반영),1596000,1.53,0.09379775124393509,0.14985980870870638,0.003241551688114713,-0.039396639247216134,1,0,117.2,2.5,86.8,148.4,1,0.0,258454,450.08,4.99,0.0,0.35,2,0.0,-1.0,대기,0.0,6.32,Low,RiskOn
젬백스,082270,KOSDAQ,반도체와반도체장비,반도체와반도체장비,0.0,0,42.52,-2.99,상승장 (보수적 반영),23800,-4.8,-0.6526797219058466,-0.06601464977220957,0.003411413249810174,-0.0009296697038724373,0,0,91.2,2.7,32.3,72.2,0,0.0,10536,-87.18,-26.29,1.12,0.35,2,0.0,-1.4,회피,0.0,5.5,Low,RiskOn
