날짜,종목코드,종목명,현재섹터,추천테마,신뢰도,근거,승인상태
2026-10-01,067310,하나마이크론,분류안됨,분류안됨,0.5,섹터 fallback,pending
2026-10-01,036930,주성엔지니어링,분류안됨,분류안됨,0.5,섹터 fallback,pending
2026-10-01,003160,디아이,분류안됨,분류안됨,0.5,섹터 fallback,pending
2026-10-01,058470,리노공업,분류안됨,분류안됨,0.5,섹터 fallback,pending
2026-10-01,001820,삼화콘덴서,분류안됨,분류안됨,0.5,섹터 fallback,pending
2026-10-01,327260,RF머트리얼즈,분류안됨,분류안됨,0.5,섹터 fallback,pending
2026-10-01,440110,파두,분류안됨,분류안됨,0.5,섹터 fallback,pending
2026-10-01,240810,원익IPS,분류안됨,분류안됨,0.5,섹터 fallback,pending
2026-10-01,069660,KIWOOM 200,분류안됨,분류안됨,0.5,섹터 fallback,pending
2026-10-01,000990,DB하이텍,분류안됨,분류안됨,0.5,섹터 fallback,pending
2026-10-01,089970,브이엠,분류안됨,분류안됨,0.5,섹터 fallback,pending
2026-10-01,131970,두산테스나,분류안됨,분류안됨,0.5,섹터 fallback,pending
2026-10-01,005290,동진쎄미켐,분류안됨,분류안됨,0.5,섹터 fallback,pending
2026-10-01,039030,이오테크닉스,분류안됨,분류안됨,0.5,섹터 fallback,pending
2026-10-01,119850,지엔씨에너지,분류안됨,분류안됨,0.5,섹터 fallback,pending
2026-10-01,294400,KIWOOM 200TR,분류안됨,분류안됨,0.5,섹터 fallback,pending
2026-10-01,086450,동국제약,분류안됨,바이오;제약,0.84,종목명 키워드(바이오/제약),pending
2026-10-01,043260,성호전자,분류안됨,분류안됨,0.5,섹터 fallback,pending
2026-10-01,001120,LX인터내셔널,분류안됨,분류안됨,0.5,섹터 fallback,pending
2026-10-01,007340,DN오토모티브,분류안됨,분류안됨,0.5,섹터 fallback,pending
2026-10-01,178320,서진시스템,분류안됨,분류안됨,0.5,섹터 fallback,pending
2026-10-01,131290,티에스이,분류안됨,분류안됨,0.5,섹터 fallback,pending
2026-10-01,232140,와이씨,분류안됨,분류안됨,0.5,섹터 fallback,pending
2026-10-01,010170,대한광통신,분류안됨,분류안됨,0.5,섹터 fallback,pending
2026-10-01,020560,아시아나항공,분류안됨,분류안됨,0.5,섹터 fallback,pending
2026-10-01,007810,코리아써키트,분류안됨,분류안됨,0.5,섹터 fallback,pending
2026-10-01,319660,피에스케이,분류안됨,분류안됨,0.5,섹터 fallback,pending
